AgentID,Step,Temp,StepLimit,X,Y,Lat,Lon,PDR,Accepted,IsBest
Agent_1,1,50.0,150.0,784.3720412731423,2588.581209017605,49.58449978909528,11.009525463648412,0.0,True,True
Agent_1,2,50.0,150.0,792.6724502975186,2589.006286329321,49.58450161688508,11.009640382331334,0.0,True,True
Agent_1,3,50.0,150.0,721.5298904247385,2565.023474019154,49.58430311216376,11.008647908764393,0.0,True,True
Agent_1,4,50.0,150.0,701.4534405804953,2560.430220021303,49.58426664128588,11.008368636626873,0.0,True,True
Agent_1,5,50.0,150.0,768.425289600258,2580.186760325093,49.584428159220344,11.00930188326029,0.0,True,True
Agent_1,6,50.0,150.0,677.7522966533289,2618.337258657152,49.58479286538688,11.008062317595062,0.0,True,True
Agent_1,7,50.0,150.0,650.8115757089779,2636.753287232987,49.58496487446514,11.007696627695502,0.0,True,True
Agent_1,8,50.0,150.0,553.446735615738,2564.3725286566946,49.584337582776705,11.0063237519949,0.0,True,True
Agent_1,9,50.0,150.0,610.1456418408104,2528.7778936715863,49.58400401979049,11.007094540345918,0.0,True,True
Agent_1,10,50.0,150.0,607.2162233547494,2428.246489590007,49.58310102761659,11.007016954374633,0.0,True,True
Agent_1,11,50.0,150.0,695.6626224824123,2313.5082002079125,49.58204840632952,11.008197434648801,0.0,True,True
Agent_1,12,50.0,150.0,693.1927119454841,2316.0379468675173,49.58207173936586,11.008164220932036,0.0,True,True
Agent_1,13,50.0,150.0,702.7247353404148,2364.2786595112148,49.582503096076444,11.008313810030634,0.0,True,True
Agent_1,14,50.0,150.0,653.6689276840542,2432.245113661161,49.58312582926611,11.007660668588848,0.0,True,True
Agent_1,15,50.0,150.0,625.1979344821044,2431.8410877701504,49.58312902722045,11.007266889349818,0.0,True,True
Agent_1,16,42.5,127.8061224489796,704.2435138853999,2514.839882716907,49.5838561523457,11.00839038297854,0.0,True,True
Agent_1,17,42.5,127.8061224489796,701.1920644399285,2521.1639934658815,49.58391373319977,11.008350528478223,0.0,True,True
Agent_1,18,42.5,127.8061224489796,624.435196704661,2450.287715667522,49.583295030197895,11.007263149282114,0.0,True,True
Agent_1,19,42.5,127.8061224489796,632.5387207063081,2465.4502607569793,49.583429385211076,11.00738078030038,0.0,True,True
Agent_1,20,42.5,127.8061224489796,609.7749229490344,2475.1375483688666,49.58352192607664,11.007069627348212,0.0,True,True
Agent_1,21,42.5,127.8061224489796,600.5595822303922,2501.0935594969415,49.58375745946025,11.006951792428273,0.0,True,True
Agent_1,22,42.5,127.8061224489796,572.1205040710709,2513.376710229535,49.58387469474155,11.006563128231377,0.0,True,True
Agent_1,23,42.5,127.8061224489796,551.13051942896,2505.7195986438296,49.58381089622019,11.006270099765366,0.0,True,True
Agent_1,24,42.5,127.8061224489796,534.367701377654,2521.966967169597,49.58396096539943,11.006044329813601,0.0,True,True
Agent_1,25,42.5,127.8061224489796,580.1393833121367,2479.386278755858,49.58356722577798,11.006661460055675,0.0,True,True
Agent_1,26,42.5,127.8061224489796,577.0540372032378,2413.0928627426138,49.58297204205135,11.006594353816514,0.0,True,True
Agent_1,27,42.5,127.8061224489796,543.489335963035,2473.443375741713,49.58352259122816,11.006152552903323,0.0,True,True
Agent_1,28,42.5,127.8061224489796,602.6637057714405,2450.853721692033,49.58330533992035,11.00696235179451,0.0,True,True
Agent_1,29,42.5,127.8061224489796,620.2913543314095,2452.5949139776194,49.58331676395689,11.007206708882102,0.0,True,True
Agent_1,30,42.5,127.8061224489796,733.3176668852522,2453.7557327237537,49.583300078088236,11.008769805535959,0.0,True,True
Agent_1,31,36.125,108.94132653061224,816.5590354326138,2455.668946776174,49.58329728902348,11.009921381358216,0.0,True,True
Agent_1,32,36.125,108.94132653061224,890.9374390365327,2379.7022731317206,49.58259654372413,11.010921636657446,0.0,True,True
Agent_1,33,36.125,108.94132653061224,907.7549772148199,2376.7761788172775,49.58256619914773,11.011153065565066,0.0,True,True
Agent_1,34,36.125,108.94132653061224,907.4406056683982,2377.654419471329,49.58257416934292,11.011149043850248,0.0,True,True
Agent_1,35,36.125,108.94132653061224,932.7725274124026,2289.355701126597,49.58177434991738,11.011466627233439,0.0,True,True
Agent_1,36,36.125,108.94132653061224,1040.1921030716032,2294.481111742622,49.581794594091555,11.012953623723945,0.0,True,True
Agent_1,37,36.125,108.94132653061224,1046.5089364967714,2285.378533540469,49.58171125019317,11.013037587824192,0.0,True,True
Agent_1,38,36.125,108.94132653061224,1018.3029465741918,2235.336712599615,49.58126820092263,11.012629124411742,0.0,True,True
Agent_1,39,36.125,108.94132653061224,1037.6827091536652,2208.094278253179,49.581018653495306,11.012886973624292,0.0,True,True
Agent_1,40,36.125,108.94132653061224,1045.1730862498466,2209.9927034978955,49.58103391703951,11.012991230499468,0.0,True,True
Agent_1,41,36.125,108.94132653061224,1133.9340078159032,2167.6956943670425,49.580632346131075,11.014202694318197,0.2127659574468085,True,True
Agent_1,42,36.125,108.94132653061224,1124.8496400442907,2170.9156276239764,49.58066347696061,11.014078295700852,0.15957446808510636,True,False
Agent_1,43,36.125,108.94132653061224,1118.166536340952,2156.674125932528,49.5805370664076,11.013980631382866,0.0851063829787234,True,False
Agent_1,44,36.125,108.94132653061224,1146.7185584530623,2149.968071242142,49.58046991283237,11.014372876773905,0.26595744680851063,True,True
Agent_1,45,36.125,108.94132653061224,1145.7705466110856,2103.40760212961,49.58005160227367,11.014342534818073,0.22340425531914895,True,False
Agent_1,46,30.70625,92.90625000000001,1216.1007474170983,2086.3264478744227,49.57988112501729,11.015308504255838,1.5319148936170213,True,True
Agent_1,47,30.70625,92.90625000000001,1205.7335043278017,2094.8721422990266,49.57996043992962,11.015168345205733,1.2872340425531914,True,False
Agent_1,48,30.70625,92.90625000000001,1285.4724526603943,2084.1908857994636,49.57984521863108,11.016266753645485,2.1914893617021276,True,True
Agent_1,49,30.70625,92.90625000000001,1278.8806987308542,2094.7764345373766,49.57994196164226,11.016179546999165,2.0425531914893615,True,False
Agent_1,50,30.70625,92.90625000000001,1200.104416318453,2130.4792705055884,49.58028187281727,11.015103710694838,1.1382978723404256,True,False
Agent_1,51,30.70625,92.90625000000001,1196.4584082239694,2212.111527372442,49.58101655443928,11.015083535350097,0.5212765957446809,True,False
Agent_1,52,30.70625,92.90625000000001,1247.457075967783,2179.8589865463614,49.58071434991212,11.015776643421384,0.9787234042553191,True,False
Agent_1,53,30.70625,92.90625000000001,1225.5511068785547,2117.8724977063525,49.58016242097633,11.015450836386723,1.4148936170212767,True,False
Agent_1,54,30.70625,92.90625000000001,1170.488761791247,2098.018217340565,49.57999720620917,11.014682262026524,0.39361702127659576,True,False
Agent_1,55,30.70625,92.90625000000001,1152.0571622857233,2085.7414728221565,49.57989128569265,11.014422905717598,0.2872340425531915,True,False
Agent_1,56,30.70625,92.90625000000001,1180.6717269589274,2145.949235396728,49.58042561338234,11.014840785956553,0.7553191489361702,True,False
Agent_1,57,30.70625,92.90625000000001,1217.122175990434,2193.6043458471054,49.58084521487824,11.01536235717327,0.7340425531914894,True,False
Agent_1,58,30.70625,92.90625000000001,1211.3969611445984,2171.7234900107396,49.58064990358162,11.015275102628344,0.8723404255319148,True,False
Agent_1,59,30.70625,92.90625000000001,1209.3170457521649,2177.2131159633827,49.58069975145042,11.01524838111894,0.7978723404255319,True,False
Agent_1,60,30.70625,92.90625000000001,1232.243459154564,2092.2102941358003,49.57993012814257,11.015533851280924,1.702127659574468,True,False
Agent_1,61,26.1003125,79.2764349489796,1232.243459154564,2092.2102941358003,49.57993012814257,11.015533851280924,1.702127659574468,False,False
Agent_1,62,26.1003125,79.2764349489796,1222.894247195923,2062.1233920773284,49.57966192439599,11.015393458133719,1.872340425531915,True,False
Agent_1,63,26.1003125,79.2764349489796,1228.6714545661584,2082.434693260189,49.579843114186076,11.015480848709268,1.8297872340425532,True,False
Agent_1,64,26.1003125,79.2764349489796,1285.271670305454,2098.2138832287546,49.57997132160293,11.016269173826283,2.0319148936170213,True,False
Agent_1,65,26.1003125,79.2764349489796,1343.0668475052105,2055.2369062136845,49.57957106879393,11.017052243526198,0.13829787234042554,True,False
Agent_1,66,26.1003125,79.2764349489796,1333.3801132045892,2121.109370071366,49.580165539551935,11.016942744238102,0.22340425531914895,True,False
Agent_1,67,26.1003125,79.2764349489796,1353.194632770446,2102.503146144553,49.579993510028395,11.017209777344416,0.031914893617021274,True,False
Agent_1,68,26.1003125,79.2764349489796,1301.510059858992,2116.644557507185,49.580133084879236,11.016500494418683,1.819148936170213,True,False
Agent_1,69,26.1003125,79.2764349489796,1313.613475168784,2145.066881880152,49.58038566036571,11.016678354448054,1.3404255319148937,True,False
Agent_1,70,26.1003125,79.2764349489796,1309.5266754729316,2139.353250400563,49.58033528459789,11.016619737771345,1.425531914893617,True,False
Agent_1,71,26.1003125,79.2764349489796,1279.0453537571611,2175.862224161658,49.58067081295499,11.01621186732425,1.127659574468085,True,False
Agent_1,72,26.1003125,79.2764349489796,1339.1301697346034,2145.806109938109,49.580386155889336,11.017031391693202,0.1702127659574468,True,False
Agent_1,73,26.1003125,79.2764349489796,1317.8199728500879,2201.681597157616,49.58089356370596,11.01675749138336,0.851063829787234,True,False
Agent_1,74,26.1003125,79.2764349489796,1301.546618657786,2225.238209880293,49.581109238651116,11.016541243024173,0.7021276595744681,True,False
Agent_1,75,26.1003125,79.2764349489796,1329.3835257097846,2199.577376429008,49.580871861796176,11.016916576917001,0.5319148936170213,True,False
Agent_1,76,22.185265625,67.69109215561224,1277.657527721064,2195.6706310567038,49.58084920771095,11.016200020339085,0.8936170212765958,True,False
Agent_1,77,22.185265625,67.69109215561224,1293.6496491905884,2149.119020367928,49.58042689608256,11.016403860000201,1.351063829787234,True,False
Agent_1,78,22.185265625,67.69109215561224,1325.938429616421,2103.6057128580283,49.58000999036156,11.016833377411052,0.39361702127659576,True,False
Agent_1,79,22.185265625,67.69109215561224,1325.9186849025584,2103.6401990975646,49.58001030512124,11.016833117228172,0.39361702127659576,True,False
Agent_1,80,22.185265625,67.69109215561224,1285.756629733317,2061.471186844245,49.579640919748954,11.016262264037085,2.4361702127659575,True,True
Agent_1,81,22.185265625,67.69109215561224,1277.4920380678418,2042.7072516829658,49.57947423929876,11.01614105730746,2.6382978723404253,True,True
Agent_1,82,22.185265625,67.69109215561224,1274.6033236088438,2038.5274810713895,49.579437362689596,11.01609957355318,2.6808510638297873,True,True
Agent_1,83,22.185265625,67.69109215561224,1283.7762101849885,2063.3261084219803,49.579658071018116,11.016235572820339,2.425531914893617,True,False
Agent_1,84,22.185265625,67.69109215561224,1306.0771711906002,2064.904887533127,49.57966688966417,11.016544459739723,2.3510638297872344,True,False
Agent_1,85,22.185265625,67.69109215561224,1313.6072992932766,2078.4522255473858,49.579786853970816,11.016653581362705,1.6170212765957446,True,False
Agent_1,86,22.185265625,67.69109215561224,1283.127694215488,2087.4202647600546,49.57987481286126,11.016235534727523,2.1595744680851063,True,False
Agent_1,87,22.185265625,67.69109215561224,1288.5602832257134,2082.5712706383315,49.579829915745584,11.016308841709597,2.2127659574468086,True,False
Agent_1,88,22.185265625,67.69109215561224,1265.6692149338974,2076.670270253619,49.57978238560457,11.01599019447314,2.24468085106383,True,False
Agent_1,89,22.185265625,67.69109215561224,1293.2485806273514,2070.329954629126,49.57971874734719,11.016369119800196,2.3297872340425534,True,False
Agent_1,90,22.185265625,67.69109215561224,1249.3036592487547,2097.4320679971515,49.57997295837083,11.015771637486536,1.797872340425532,True,False
Agent_1,91,18.85747578125,57.84355078125,1259.3273710190776,2078.0346302247935,49.579796177696856,11.01590302620803,2.170212765957447,True,False
Agent_1,92,18.85747578125,57.84355078125,1264.473582814266,2134.721522964016,49.580304504170705,11.015995172058112,1.4574468085106382,True,False
Agent_1,93,18.85747578125,57.84355078125,1253.424389914927,2133.9206274497437,49.580299966416405,11.01584212261704,1.4042553191489362,True,False
Agent_1,94,18.85747578125,57.84355078125,1292.1154074766268,2106.7655184718083,49.58004654450665,11.016366955162535,1.9361702127659575,True,False
Agent_1,95,18.85747578125,57.84355078125,1301.5811817639183,2133.312622593094,49.580282899177,11.01650765445592,1.521276595744681,True,False
Agent_1,96,18.85747578125,57.84355078125,1302.7125564967414,2130.20252978772,49.58025466952957,11.016522142917479,1.5851063829787233,True,False
Agent_1,97,18.85747578125,57.84355078125,1336.815868793736,2152.9297817097386,49.58045074928054,11.01700203747865,0.22340425531914895,True,False
Agent_1,98,18.85747578125,57.84355078125,1357.6683410494152,2161.6208197230467,49.580523847974355,11.017293541082816,0.031914893617021274,True,False
Agent_1,99,18.85747578125,57.84355078125,1322.1355262871082,2138.782864609569,49.58032711883288,11.016793841067075,0.6595744680851063,True,False
Agent_1,100,18.85747578125,57.84355078125,1343.031768290736,2155.9877177353883,49.5804767392926,11.01708910470014,0.1276595744680851,True,False
Agent_1,101,18.85747578125,57.84355078125,1339.5229263117326,2127.3836324927825,49.580220459204654,11.017029992721879,0.11702127659574468,True,False
Agent_1,102,18.85747578125,57.84355078125,1366.3390170704904,2135.0639690086327,49.580283034938944,11.017403565936107,0.05319148936170213,True,False
Agent_1,103,18.85747578125,57.84355078125,1377.8448808106962,2138.1624417366793,49.58030811374165,11.017563780653772,0.07446808510638298,True,False
Agent_1,104,18.85747578125,57.84355078125,1357.28054203506,2145.6333646827698,49.58038022818743,11.01728225290312,0.031914893617021274,True,False
Agent_1,105,18.85747578125,57.84355078125,1304.4198886674628,2124.48717402679,49.58020288204565,11.016543628367199,1.5957446808510638,True,False
Agent_1,106,16.028854414062497,49.473140613042084,1307.3738628516032,2132.33616688636,49.58027272587382,11.016587375104129,1.521276595744681,True,False
Agent_1,107,16.028854414062497,49.473140613042084,1292.6802157416498,2120.041328140242,49.58016574643704,11.016379682850157,1.6914893617021278,True,False
Agent_1,108,16.028854414062497,49.473140613042084,1262.8370877283437,2130.1855061692945,49.58026412352742,11.015970867360192,1.5106382978723405,True,False
Agent_1,109,16.028854414062497,49.473140613042084,1285.0254998479406,2159.9283147232204,49.58052614014846,11.016288637979082,1.2446808510638296,True,False
Agent_1,110,16.028854414062497,49.473140613042084,1287.5195168107107,2194.351623916536,49.580834974929154,11.016335872960951,0.9361702127659575,True,False
Agent_1,111,16.028854414062497,49.473140613042084,1277.4506983763024,2186.444633549745,49.580766323825394,11.01619374244827,0.9787234042553191,True,False
Agent_1,112,16.028854414062497,49.473140613042084,1316.8890293672503,2211.2661324271407,49.580979944680045,11.016748173461691,0.7978723404255319,True,False
Agent_1,113,16.028854414062497,49.473140613042084,1345.3640572970216,2220.813107348285,49.58105890083657,11.017145378927662,0.22340425531914895,True,False
Agent_1,114,16.028854414062497,49.473140613042084,1388.5234447130038,2201.5934593685997,49.58087572854134,11.017734929949167,0.06382978723404255,True,False
Agent_1,115,16.028854414062497,49.473140613042084,1368.5348741388168,2182.654349193471,49.5807103015275,11.01745156741656,0.06382978723404255,True,False
Agent_1,116,16.028854414062497,49.473140613042084,1357.373054392835,2205.0093619480413,49.58091394425622,11.01730554418376,0.07446808510638298,True,False
Agent_1,117,16.028854414062497,49.473140613042084,1369.2113694981354,2213.3773183923663,49.58098631107075,11.017472310791767,0.07446808510638298,True,False
Agent_1,118,16.028854414062497,49.473140613042084,1406.9247103348548,2233.510171607505,49.581158194844036,11.018001162849242,0.07446808510638298,True,False
Agent_1,119,16.028854414062497,49.473140613042084,1398.840357123518,2255.1614321776183,49.58135477007316,11.017897425847037,0.0,True,False
Agent_1,120,16.028854414062497,49.473140613042084,1419.683877325916,2237.9164019719124,49.58119472612201,11.018179192710154,0.0851063829787234,True,False
Agent_1,121,13.624526251953123,42.35829197006536,1430.0991712360803,2231.920928182207,49.58113832024638,11.018320960481379,0.0851063829787234,True,False
Agent_1,122,13.624526251953123,42.35829197006536,1410.5812321394435,2212.6700600675863,49.58096997879999,11.018043985300457,0.0851063829787234,True,False
Agent_1,123,13.624526251953123,42.35829197006536,1377.4593171129038,2220.55679050144,49.58104885981261,11.017589000434725,0.06382978723404255,True,False
Agent_1,124,13.624526251953123,42.35829197006536,1384.584095382227,2229.2670558183418,49.58112543972059,11.017690730186727,0.05319148936170213,True,False
Agent_1,125,13.624526251953123,42.35829197006536,1410.0487112426374,2216.6792374280453,49.58100614619849,11.01803811009923,0.0851063829787234,True,False
Agent_1,126,13.624526251953123,42.35829197006536,1377.4691438499246,2240.1830595038,49.581225280416966,11.017596413488299,0.02127659574468085,True,False
Agent_1,127,13.624526251953123,42.35829197006536,1349.0363864713997,2266.4826178671565,49.581468544662485,11.01721307939815,0.1702127659574468,True,False
Agent_1,128,13.624526251953123,42.35829197006536,1377.1651202343885,2292.089306571661,49.58169194539717,11.017611456907364,0.0,True,False
Agent_1,129,13.624526251953123,42.35829197006536,1381.0962405642067,2290.8542359488756,49.58167989541372,11.017665347316523,0.0,True,False
Agent_1,130,13.624526251953123,42.35829197006536,1391.6038246498172,2282.2835059912777,49.581600318601126,11.017807438020084,0.0,True,False
Agent_1,131,13.624526251953123,42.35829197006536,1392.0007437201991,2286.2484337611104,49.58163586411824,11.017814395817004,0.0,True,False
Agent_1,132,13.624526251953123,42.35829197006536,1408.7987391927707,2322.110379515791,49.58195418095208,11.018059931097135,0.0,True,False
Agent_1,133,13.624526251953123,42.35829197006536,1391.6984889421126,2321.418039136033,49.58195208087517,11.017823259342459,0.0,True,False
Agent_1,134,13.624526251953123,42.35829197006536,1379.822407005716,2332.6015326275224,49.58205547411481,11.01766321666923,0.0,True,False
Agent_1,135,13.624526251953123,42.35829197006536,1397.1639398521131,2364.513009248814,49.58233814892532,11.01791480267393,0.0,True,False
Agent_1,136,11.580847314160154,36.31067062353515,1428.036153458088,2382.845024910671,49.58249549250617,11.018348421725877,0.0,True,False
Agent_1,137,11.580847314160154,36.31067062353515,1448.5494644709,2387.8076881331517,49.58253515462024,11.018633867256984,0.0,True,False
Agent_1,138,11.580847314160154,36.31067062353515,1446.806746163023,2386.522031491067,49.582524018076896,11.018609296518392,0.0,True,False
Agent_1,139,11.580847314160154,36.31067062353515,1447.0075381514619,2386.4247311784848,49.58252309499879,11.018612036448365,0.0,True,False
Agent_1,140,11.580847314160154,36.31067062353515,1431.8984290957321,2381.1307811095007,49.58247915143264,11.018401183266924,0.0,True,False
Agent_1,141,11.580847314160154,36.31067062353515,1426.2200956199576,2415.9439673422444,49.58279346080683,11.018335591872884,0.0,True,False
Agent_1,142,11.580847314160154,36.31067062353515,1437.3675396717067,2400.740576692262,49.58265410705986,11.018484070454116,0.0,True,False
Agent_1,143,11.580847314160154,36.31067062353515,1434.918775079949,2410.8284119934624,49.5827453784343,11.018453957486528,0.0,True,False
Agent_1,144,11.580847314160154,36.31067062353515,1429.2701914207114,2424.7552453270105,49.582871930776406,11.018381029470769,0.0,True,False
Agent_1,145,11.580847314160154,36.31067062353515,1431.7515595696223,2435.425454268049,49.582967248047474,11.018419293863017,0.0,True,False
Agent_1,146,11.580847314160154,36.31067062353515,1441.0722571704646,2413.576524148624,49.58276859729505,11.018540051679338,0.0,True,False
Agent_1,147,11.580847314160154,36.31067062353515,1434.405923960134,2408.5422620858826,49.58272495166342,11.018446019001361,0.0,True,False
Agent_1,148,11.580847314160154,36.31067062353515,1432.2627011993825,2418.54655522515,49.58281539836319,11.018420099192888,0.0,True,False
Agent_1,149,11.580847314160154,36.31067062353515,1452.3082967131234,2401.76379650243,49.58265970098489,11.018691012436836,0.0,True,False
Agent_1,150,11.580847314160154,36.31067062353515,1457.1542043011714,2415.5727492974115,49.58278266227673,11.0187631326386,0.0,True,False
Agent_1,151,9.84372021703613,31.170192478984468,1458.48778292077,2419.1517134284422,49.58281451229002,11.018782897879884,0.0,True,False
Agent_1,152,9.84372021703613,31.170192478984468,1448.9714261176423,2396.3352594380194,49.58261170816559,11.018642864773257,0.0,True,False
Agent_1,153,9.84372021703613,31.170192478984468,1457.4065189283897,2393.93339661709,49.58258808276884,11.01875859228826,0.0,True,False
Agent_1,154,9.84372021703613,31.170192478984468,1463.5201858827052,2407.4486771434986,49.582708098325895,11.018848130917362,0.0,True,False
Agent_1,155,9.84372021703613,31.170192478984468,1469.7384795622681,2387.4953600122144,49.582527235504976,11.018926697813617,0.0,True,False
Agent_1,156,9.84372021703613,31.170192478984468,1471.613600082021,2362.6331471715384,49.58230329383412,11.018943396851116,0.0,True,False
Agent_1,157,9.84372021703613,31.170192478984468,1469.1419759987127,2364.069787322873,49.582316804244854,11.018909758901021,0.0,True,False
Agent_1,158,9.84372021703613,31.170192478984468,1470.8955658417128,2376.7364387495286,49.58243024317353,11.018938702842323,0.0,True,False
Agent_1,159,9.84372021703613,31.170192478984468,1453.7829221565564,2402.716203257633,49.58266790655943,11.018711753122462,0.0,True,False
Agent_1,160,9.84372021703613,31.170192478984468,1449.875532337283,2391.8619862471937,49.582571279303444,11.018653704820712,0.0,True,False
Agent_1,161,9.84372021703613,31.170192478984468,1443.787730967369,2385.3595317881877,49.582514296458335,11.018567126180011,0.0,True,False
Agent_1,162,9.84372021703613,31.170192478984468,1428.0665205192367,2367.3345931040467,49.58235606007703,11.01834308806131,0.0,True,False
Agent_1,163,9.84372021703613,31.170192478984468,1408.8040593263977,2372.509111140509,49.582407219922054,11.018078697031184,0.0,True,False
Agent_1,164,9.84372021703613,31.170192478984468,1405.0832779469924,2363.235201032191,49.58232475289348,11.0180238163294,0.0,True,False
Agent_1,165,9.84372021703613,31.170192478984468,1393.6047183039354,2368.8834329167653,49.582378293425315,11.017867216001159,0.0,True,False
Agent_1,166,8.36716218448071,26.800786056116387,1379.0180172903515,2367.361446371715,49.58236812917132,11.017664985259358,0.0,True,False
Agent_1,167,8.36716218448071,26.800786056116387,1385.41588224484,2371.957941548034,49.5824079050495,11.017755142552176,0.0,True,False
Agent_1,168,8.36716218448071,26.800786056116387,1393.2938249029703,2350.108229382282,49.58220959581146,11.017855954951346,0.0,True,False
Agent_1,169,8.36716218448071,26.800786056116387,1397.2865606717244,2344.988370933141,49.58216261002338,11.01790925700077,0.0,True,False
Agent_1,170,8.36716218448071,26.800786056116387,1396.0183328181251,2338.308796925953,49.5821028723309,11.017889246213105,0.0,True,False
Agent_1,171,8.36716218448071,26.800786056116387,1392.3714374841486,2358.929813246145,49.58228911650838,11.01784647414095,0.0,True,False
Agent_1,172,8.36716218448071,26.800786056116387,1379.6286809318128,2351.699342712443,49.58222719337545,11.017667620108233,0.0,True,False
Agent_1,173,8.36716218448071,26.800786056116387,1378.890366024878,2355.2901964863368,49.58225965000827,11.017658744214797,0.0,True,False
Agent_1,174,8.36716218448071,26.800786056116387,1378.5810255231993,2351.1799935338663,49.58222277747346,11.017652943359604,0.0,True,False
Agent_1,175,8.36716218448071,26.800786056116387,1385.1952778609082,2371.1707898317936,49.582400882437724,11.017751800712812,0.0,True,False
Agent_1,176,8.36716218448071,26.800786056116387,1389.4517973283102,2368.227672280925,49.58237340007972,11.017809557201142,0.0,True,False
Agent_1,177,8.36716218448071,26.800786056116387,1373.5900837934853,2380.174512481231,49.58248461605526,11.017594693302822,0.0,True,False
Agent_1,178,8.36716218448071,26.800786056116387,1378.3230349931841,2375.5326716478558,49.58244174887436,11.017658406912089,0.0,True,False
Agent_1,179,8.36716218448071,26.800786056116387,1383.3537759705596,2369.4546977086884,49.58238590028419,11.017725704900979,0.0,True,False
Agent_1,180,8.36716218448071,26.800786056116387,1386.4033148299636,2347.0975492632315,49.58218419387516,11.017759575055907,0.0,True,False
Agent_1,181,7.1120878568086034,23.086790596678522,1381.6076922303464,2328.163582163974,49.58201515039739,11.017686253042877,0.0,True,False
Agent_1,182,7.1120878568086034,23.086790596678522,1381.2148726699259,2328.2413736037242,49.58201594438438,11.01768085105844,0.0,True,False
Agent_1,183,7.1120878568086034,23.086790596678522,1376.4104682505106,2328.2117212268513,49.58201683617397,11.017614417941457,0.0,True,False
Agent_1,184,7.1120878568086034,23.086790596678522,1380.8064211008148,2330.9706384645665,49.58204057655952,11.017676216165077,0.0,True,False
Agent_1,185,7.1120878568086034,23.086790596678522,1380.6821678088802,2316.719416739514,49.58191250053737,11.017669213774823,0.0,True,False
Agent_1,186,7.1120878568086034,23.086790596678522,1401.4225151670562,2309.8839023228034,49.58184605438586,11.017953418684128,0.0,True,False
Agent_1,187,7.1120878568086034,23.086790596678522,1385.671459580686,2311.9711868675463,49.58186861517154,11.017736431098788,0.0,True,False
Agent_1,188,7.1120878568086034,23.086790596678522,1391.070376446243,2311.5340228203954,49.58186338369708,11.017810910157802,0.0,True,False
Agent_1,189,7.1120878568086034,23.086790596678522,1405.6584106577016,2295.9767796545016,49.581720020137965,11.018006823021537,0.0,True,False
Agent_1,190,7.1120878568086034,23.086790596678522,1391.1557645140906,2281.586743034717,49.58159416334825,11.01780098514451,0.0,True,False
Agent_1,191,7.1120878568086034,23.086790596678522,1388.6330898236145,2281.695225679366,49.58159574676429,11.017766149052711,0.0,True,False
Agent_1,192,7.1120878568086034,23.086790596678522,1390.2190138579545,2275.522596412316,49.58153987785544,11.017785785672114,0.0,True,False
Agent_1,193,7.1120878568086034,23.086790596678522,1380.4129263853827,2285.7856947310124,49.58163449841888,11.017654020937709,0.0,True,False
Agent_1,194,7.1120878568086034,23.086790596678522,1357.608848044171,2283.4743743938625,49.58161921927571,11.017337894209307,0.0851063829787234,True,False
Agent_1,195,7.1120878568086034,23.086790596678522,1370.4685596205686,2292.3404851140417,49.58169581773454,11.017518968982023,0.0,True,False
Agent_1,196,6.045274678287313,19.929894456156333,1384.4027592153177,2292.5588119491326,49.5816944208455,11.0177116925548,0.0,True,False
Agent_1,197,6.045274678287313,19.929894456156333,1377.3794740170165,2285.293377356856,49.581630804271,11.017611900457762,0.0,True,False
Agent_1,198,6.045274678287313,19.929894456156333,1360.8543376789587,2294.452229127199,49.58171711821176,11.017386833699609,0.07446808510638298,True,False
Agent_1,199,6.045274678287313,19.929894456156333,1363.8666530570242,2293.678795407759,49.5817094395423,11.017428192719379,0.05319148936170213,True,False
Agent_1,200,6.045274678287313,19.929894456156333,1370.547705985512,2300.4374737882326,49.58176858348779,11.017523065422896,0.0,True,False
Agent_1,201,6.045274678287313,19.929894456156333,1357.1665108626107,2308.052842090049,49.58184026482142,11.017340891284238,0.06382978723404255,True,False
Agent_1,202,6.045274678287313,19.929894456156333,1374.3197585419646,2314.263697298394,49.58189195972557,11.017580341449092,0.0,True,False
Agent_1,203,6.045274678287313,19.929894456156333,1370.3269315211992,2329.0361264668572,49.58202571353604,11.017530617162441,0.0,True,False
Agent_1,204,6.045274678287313,19.929894456156333,1382.6097352174686,2340.4432078172667,49.58212529185729,11.017704660086903,0.0,True,False
Agent_1,205,6.045274678287313,19.929894456156333,1394.996194310208,2336.315986339328,49.582085205180526,11.017874375823604,0.0,True,False
Agent_1,206,6.045274678287313,19.929894456156333,1392.8036632142187,2348.504455013853,49.58219529747907,11.017848583555288,0.0,True,False
Agent_1,207,6.045274678287313,19.929894456156333,1397.2485391052203,2348.738511026412,49.582196329654685,11.01791012212034,0.0,True,False
Agent_1,208,6.045274678287313,19.929894456156333,1406.945456283616,2363.169903670383,49.58232371686923,11.018049537359778,0.0,True,False
Agent_1,209,6.045274678287313,19.929894456156333,1416.5510320099265,2355.4477422430687,49.58225198499342,11.018179473456104,0.0,True,False
Agent_1,210,6.045274678287313,19.929894456156333,1414.7010658138158,2347.1877669364853,49.58217818122914,11.018150833413193,0.0,True,False
Agent_1,211,5.1384834765442156,17.246532736712474,1402.6521323687234,2346.422947867405,49.58217421177879,11.01798396965805,0.0,True,False
Agent_1,212,5.1384834765442156,17.246532736712474,1402.8834475479032,2349.8959903836526,49.58220537559729,11.01798845572417,0.0,True,False
Agent_1,213,5.1384834765442156,17.246532736712474,1397.3765047096736,2351.3163416024854,49.582219471229,11.017912847301787,0.0,True,False
Agent_1,214,5.1384834765442156,17.246532736712474,1394.005567119099,2344.806027253718,49.58216176205447,11.017863828672844,0.0,True,False
Agent_1,215,5.1384834765442156,17.246532736712474,1386.9938856137494,2346.9031635599445,49.58218230412368,11.01776766779072,0.0,True,False
Agent_1,216,5.1384834765442156,17.246532736712474,1382.8709441930243,2335.682021192053,49.58208242998943,11.017706505821018,0.0,True,False
Agent_1,217,5.1384834765442156,17.246532736712474,1381.7016604797075,2338.922785092695,49.58211184353347,11.017691541890715,0.0,True,False
Agent_1,218,5.1384834765442156,17.246532736712474,1392.2017382410577,2332.062119923542,49.582047640469305,11.017834164176392,0.0,True,False
Agent_1,219,5.1384834765442156,17.246532736712474,1389.4425310210847,2336.1899584260536,49.582085411410816,11.017797548170094,0.0,True,False
Agent_1,220,5.1384834765442156,17.246532736712474,1390.456097035885,2327.896134941889,49.58201061283229,11.017808485312164,0.0,True,False
Agent_1,221,5.1384834765442156,17.246532736712474,1397.1578634991563,2320.8075436903405,49.58194527666831,11.017898510078204,0.0,True,False
Agent_1,222,5.1384834765442156,17.246532736712474,1397.9751888197686,2306.9645887091515,49.5818206435828,11.01790467604551,0.0,True,False
Agent_1,223,5.1384834765442156,17.246532736712474,1398.947602766905,2298.585714389316,49.581745090384445,11.017915012500117,0.0,True,False
Agent_1,224,5.1384834765442156,17.246532736712474,1401.3140574852366,2302.650120588865,49.581781055196934,11.01794923649022,0.0,True,False
Agent_1,225,5.1384834765442156,17.246532736712474,1401.3587066706232,2288.335753228399,49.581652370842654,11.017944545127044,0.0,True,False
Agent_1,226,4.3677109550625834,14.965675275185195,1404.1420741019053,2293.554805318363,49.581698614366026,11.017984961178096,0.0,True,False
Agent_1,227,4.3677109550625834,14.965675275185195,1402.5665024872578,2295.353956246189,49.58171516708108,11.017963845883571,0.0,True,False
Agent_1,228,4.3677109550625834,14.965675275185195,1415.652153364482,2290.2944944960973,49.58166653140719,11.018142880653492,0.0,True,False
Agent_1,229,4.3677109550625834,14.965675275185195,1413.3954766506533,2291.491309398794,49.58167783393042,11.01811212564005,0.0,True,False
Agent_1,230,4.3677109550625834,14.965675275185195,1423.4167418381514,2297.2952146901416,49.581727589184084,11.018252823958395,0.0,True,False
Agent_1,231,4.3677109550625834,14.965675275185195,1425.2797848613227,2293.5003297766743,49.581693027195335,11.01827717323682,0.0,True,False
Agent_1,232,4.3677109550625834,14.965675275185195,1410.9718987562978,2290.396001368329,49.58166857252374,11.018078213062545,0.0,True,False
Agent_1,233,4.3677109550625834,14.965675275185195,1402.6621881905419,2301.730368775975,49.58177246235401,11.017967533544583,0.0,True,False
Agent_1,234,4.3677109550625834,14.965675275185195,1402.8244917628883,2305.0404885153375,49.58180217828447,11.017971005034255,0.0,True,False
Agent_1,235,4.3677109550625834,14.965675275185195,1417.2918711487978,2305.337374001257,49.581801358228425,11.018171129440594,0.0,True,False
Agent_1,236,4.3677109550625834,14.965675275185195,1413.1786714464213,2295.4124926911904,49.581713134203476,11.018110582605825,0.0,True,False
Agent_1,237,4.3677109550625834,14.965675275185195,1413.5243307315466,2289.663687724026,49.581661374144986,11.018113229218796,0.0,True,False
Agent_1,238,4.3677109550625834,14.965675275185195,1406.636198616225,2289.1639359631668,49.58165854287479,11.01801781439719,0.0,True,False
Agent_1,239,4.3677109550625834,14.965675275185195,1406.6897461006668,2285.8865347788096,49.581629069005594,11.018017339198192,0.0,True,False
Agent_1,240,4.3677109550625834,14.965675275185195,1417.4540739413285,2279.763635998999,49.58157143370269,11.018163886582409,0.0,True,False
Agent_1,241,3.7125543118031956,13.026946432887009,1414.1333399060363,2270.714872037585,49.58149089408664,11.01811462091837,0.0,True,False
Agent_1,242,3.7125543118031956,13.026946432887009,1411.988185168483,2270.670976755783,49.58149101681378,11.018084947651266,0.0,True,False
Agent_1,243,3.7125543118031956,13.026946432887009,1412.0105711859405,2272.503474285093,49.58150748395759,11.018085936784281,0.0,True,False
Agent_1,244,3.7125543118031956,13.026946432887009,1411.751222934427,2265.9733181035003,49.581448846134215,11.018079929343294,0.0,True,False
Agent_1,245,3.7125543118031956,13.026946432887009,1410.8296982636077,2268.939964410474,49.58147573590158,11.018068289450243,0.0,True,False
Agent_1,246,3.7125543118031956,13.026946432887009,1413.7769824820089,2268.526999584908,49.581471312973065,11.018108882784158,0.0,True,False
Agent_1,247,3.7125543118031956,13.026946432887009,1416.6963905256343,2268.8229172911015,49.58147326898364,11.018149353640705,0.0,True,False
Agent_1,248,3.7125543118031956,13.026946432887009,1417.1181954726615,2272.555395259617,49.581506718957236,11.018156569499642,0.0,True,False
Agent_1,249,3.7125543118031956,13.026946432887009,1421.5202284729005,2272.9070435320837,49.58150881836323,11.018217558507796,0.0,True,False
Agent_1,250,3.7125543118031956,13.026946432887009,1412.6493220785662,2273.6106350310274,49.58151728232454,11.018095178214994,0.0,True,False
Agent_1,251,3.7125543118031956,13.026946432887009,1411.9213685783768,2273.966654118609,49.581520658169474,11.018085246218636,0.0,True,False
Agent_1,252,3.7125543118031956,13.026946432887009,1411.358825480443,2282.301199792211,49.581595714066296,11.018080560143012,0.0,True,False
Agent_1,253,3.7125543118031956,13.026946432887009,1410.0860273638043,2278.2888115828214,49.581559953156045,11.018061475421431,0.0,True,False
Agent_1,254,3.7125543118031956,13.026946432887009,1410.1449214637587,2279.1830010594012,49.58156797693141,11.018062621277162,0.0,True,False
Agent_1,255,3.7125543118031956,13.026946432887009,1418.2783178614463,2271.4562642736855,49.581496558962,11.018172200648934,0.0,True,False
Agent_1,256,3.1556711650327163,11.379026916933547,1414.6663075961178,2274.3937515226553,49.581523835451954,11.018123353714858,0.0,True,False
Agent_1,257,3.1556711650327163,11.379026916933547,1412.9165855330048,2275.7786494140714,49.58153670641721,11.018099677250047,0.0,True,False
Agent_1,258,3.1556711650327163,11.379026916933547,1413.9096492396613,2272.6310893248124,49.581508173139284,11.018112239075288,0.0,True,False
Agent_1,259,3.1556711650327163,11.379026916933547,1415.1832755954258,2272.7868594164934,49.581509266235344,11.018129904871703,0.0,True,False
Agent_1,260,3.1556711650327163,11.379026916933547,1412.2236070506567,2282.2687739393955,49.58159521404412,11.01809250383735,0.0,True,False
Agent_1,261,3.1556711650327163,11.379026916933547,1408.5153623681597,2288.5496035593906,49.58165256741776,11.01804356627852,0.0,True,False
Agent_1,262,3.1556711650327163,11.379026916933547,1404.4318382222382,2280.4663484451853,49.5815808907645,11.017984113129398,0.0,True,False
Agent_1,263,3.1556711650327163,11.379026916933547,1396.1590704682926,2285.424702175118,49.58162745683336,11.0178715798168,0.0,True,False
Agent_1,264,3.1556711650327163,11.379026916933547,1387.1653169208512,2282.3778940480306,49.58160223724992,11.017746110041204,0.0,True,False
Agent_1,265,3.1556711650327163,11.379026916933547,1378.479620243581,2281.9702095993835,49.581600666666475,11.017625877906967,0.0,True,False
Agent_1,266,3.1556711650327163,11.379026916933547,1382.5164053914955,2288.586446164469,49.581659167568574,11.01768414039866,0.0,True,False
Agent_1,267,3.1556711650327163,11.379026916933547,1381.0176014791061,2289.2233356095785,49.58166525400959,11.017663655366315,0.0,True,False
Agent_1,268,3.1556711650327163,11.379026916933547,1379.0439569144453,2288.205191287195,49.5816565776271,11.017635991888913,0.0,True,False
Agent_1,269,3.1556711650327163,11.379026916933547,1380.0137355544628,2289.2423267028717,49.58166566675407,11.017649783804451,0.0,True,False
Agent_1,270,3.1556711650327163,11.379026916933547,1373.545353333641,2292.2572866248743,49.581694328083245,11.01756147531774,0.0,True,False
Agent_1,271,2.682320490277809,9.978295328373108,1371.6924630706658,2285.8794054240693,49.58163744322547,11.017533493979748,0.0,True,False
Agent_1,272,2.682320490277809,9.978295328373108,1370.368314954482,2284.309478536103,49.581623650187794,11.017514605334373,0.0,True,False
Agent_1,273,2.682320490277809,9.978295328373108,1367.0270025972045,2285.2810185387434,49.58163318900271,11.017468771421383,0.031914893617021274,True,False
Agent_1,274,2.682320490277809,9.978295328373108,1366.1368937080053,2285.2582114870393,49.581633198571026,11.01745645707679,0.0425531914893617,True,False
Agent_1,275,2.682320490277809,9.978295328373108,1370.7003715357162,2288.176731849572,49.58165833335446,11.01752062997281,0.0,True,False
Agent_1,276,2.682320490277809,9.978295328373108,1369.3036021136734,2283.6962346133187,49.581618394344204,11.01749965814616,0.0,True,False
Agent_1,277,2.682320490277809,9.978295328373108,1367.518853072968,2286.594299149493,49.58164487567149,11.017476058257698,0.02127659574468085,True,False
Agent_1,278,2.682320490277809,9.978295328373108,1369.9062561073933,2290.1419471496124,49.5816761903656,11.017510379866469,0.0,True,False
Agent_1,279,2.682320490277809,9.978295328373108,1371.869589665793,2286.364590044449,49.58164176190767,11.017536122680612,0.0,True,False
Agent_1,280,2.682320490277809,9.978295328373108,1364.3964892682368,2284.01419462757,49.58162243551423,11.017431934486277,0.0425531914893617,True,False
Agent_1,281,2.682320490277809,9.978295328373108,1362.0077780251384,2292.530013759263,49.581699561120814,11.01740206752979,0.07446808510638298,True,False
Agent_1,282,2.682320490277809,9.978295328373108,1365.9516538025641,2286.8085234617893,49.58164717917488,11.01745447091633,0.0425531914893617,True,False
Agent_1,283,2.682320490277809,9.978295328373108,1362.7919073302037,2288.6353971040626,49.581664362896994,11.017411464271168,0.06382978723404255,True,False
Agent_1,284,2.682320490277809,9.978295328373108,1356.881509252759,2287.1144374972614,49.58165211559073,11.017329188185263,0.10638297872340426,True,False
Agent_1,285,2.682320490277809,9.978295328373108,1358.8219157147691,2290.3346018698435,49.58168059429298,11.017357208489974,0.0851063829787234,True,False
Agent_1,286,2.2799724167361375,8.787673478096734,1359.682691028073,2293.6329697508895,49.58171003623134,11.017370331736064,0.0851063829787234,True,False
Agent_1,287,2.2799724167361375,8.787673478096734,1362.4210879697562,2293.124898115525,49.581704808974074,11.01740800217008,0.07446808510638298,True,False
Agent_1,288,2.2799724167361375,8.787673478096734,1362.3564543479945,2301.409452938339,49.58177929544975,11.017410180204086,0.06382978723404255,True,False
Agent_1,289,2.2799724167361375,8.787673478096734,1362.3555879189082,2301.42121725672,49.581779401409555,11.017410172587319,0.06382978723404255,True,False
Agent_1,290,2.2799724167361375,8.787673478096734,1364.8508087074918,2294.4053437447337,49.58171573332248,11.017442068220964,0.0425531914893617,True,False
Agent_1,291,2.2799724167361375,8.787673478096734,1357.0748934106625,2294.7700180147735,49.581720885943525,11.017334700044374,0.09574468085106383,True,False
Agent_1,292,2.2799724167361375,8.787673478096734,1360.783875351583,2300.0145131534437,49.58176713526202,11.017387921811515,0.07446808510638298,True,False
Agent_1,293,2.2799724167361375,8.787673478096734,1358.2081793353886,2297.582026097733,49.581745890243205,11.01735141047867,0.0851063829787234,True,False
Agent_1,294,2.2799724167361375,8.787673478096734,1350.820814484108,2299.405963597914,49.58176406662084,11.01724995500373,0.10638297872340426,True,False
Agent_1,295,2.2799724167361375,8.787673478096734,1351.0726898629503,2299.5937788958204,49.581765694201245,11.017253506857871,0.10638297872340426,True,False
Agent_1,296,2.2799724167361375,8.787673478096734,1351.919665039523,2300.035289578133,49.581769458831,11.017265380133653,0.09574468085106383,True,False
Agent_1,297,2.2799724167361375,8.787673478096734,1351.0768266724847,2296.3879251069866,49.58173687538262,11.017252375529981,0.1276595744680851,True,False
Agent_1,298,2.2799724167361375,8.787673478096734,1347.156055412011,2296.0345407961017,49.581734643860116,11.017198039150097,0.1276595744680851,True,False
Agent_1,299,2.2799724167361375,8.787673478096734,1347.474032182203,2301.82538506737,49.581786621839804,11.01720458204915,0.09574468085106383,True,False
Agent_1,300,2.2799724167361375,8.787673478096734,1350.1188413591094,2306.982379203467,49.58183234118094,11.017243058919407,0.0851063829787234,True,False
Agent_1,301,1.9379765542257168,7.7756449053618155,1348.7342029485535,2306.172133240447,49.581825391544335,11.017223615623337,0.0851063829787234,True,False
Agent_1,302,1.9379765542257168,7.7756449053618155,1348.8721446760499,2305.1348742936025,49.58181603424304,11.017225138152922,0.09574468085106383,True,False
Agent_1,303,1.9379765542257168,7.7756449053618155,1353.9860472764854,2302.441715324382,49.58179059238229,11.017294840423318,0.09574468085106383,True,False
Agent_1,304,1.9379765542257168,7.7756449053618155,1351.2390580764256,2299.543239848478,49.581765199796145,11.017255788193209,0.10638297872340426,True,False
Agent_1,305,1.9379765542257168,7.7756449053618155,1346.0484367816005,2300.292282525057,49.58177318422017,11.017184304559539,0.11702127659574468,True,False
Agent_1,306,1.9379765542257168,7.7756449053618155,1348.393678519766,2294.7261593470507,49.58172258433137,11.017214664460223,0.1276595744680851,True,False
Agent_1,307,1.9379765542257168,7.7756449053618155,1348.6123099898084,2301.8648405439612,49.58178670213216,11.017220333588925,0.09574468085106383,True,False
Agent_1,308,1.9379765542257168,7.7756449053618155,1347.9014659102472,2294.1369313549762,49.58171740633288,11.017207641091948,0.1276595744680851,True,False
Agent_1,309,1.9379765542257168,7.7756449053618155,1348.05742115862,2293.180182305514,49.58170876840313,11.017209442508985,0.13829787234042554,True,False
Agent_1,310,1.9379765542257168,7.7756449053618155,1348.1790100158923,2293.3265287466174,49.58171005462117,11.017211177750408,0.13829787234042554,True,False
Agent_1,311,1.9379765542257168,7.7756449053618155,1349.017361233138,2293.419699433349,49.58171069006234,11.017222802642193,0.1276595744680851,True,False
Agent_1,312,1.9379765542257168,7.7756449053618155,1351.8696254370432,2290.7248088417928,49.58168577781525,11.017261236597596,0.13829787234042554,True,False
Agent_1,313,1.9379765542257168,7.7756449053618155,1347.7621382333634,2293.060858768106,49.58170776696552,11.017205315935252,0.13829787234042554,True,False
Agent_1,314,1.9379765542257168,7.7756449053618155,1343.5392237767708,2291.841913399671,49.58169782761123,11.017146481531682,0.18085106382978725,True,False
Agent_1,315,1.9379765542257168,7.7756449053618155,1341.1249624152197,2291.3933141373627,49.58169437702048,11.0171129376572,0.18085106382978725,True,False
Agent_1,316,1.6472800710918591,6.9154206185371345,1345.3792292398768,2288.931381206722,49.58167122095644,11.01717084093235,0.18085106382978725,True,False
Agent_1,317,1.6472800710918591,6.9154206185371345,1343.9282144617146,2290.521335987641,49.58168586301275,11.017151369836393,0.18085106382978725,True,False
Agent_1,318,1.6472800710918591,6.9154206185371345,1344.0276138979305,2293.8221536758806,49.58171551051956,11.017153967714044,0.13829787234042554,True,False
Agent_1,319,1.6472800710918591,6.9154206185371345,1343.6634312897188,2290.5458382456372,49.5816861470896,11.017147718248163,0.18085106382978725,True,False
Agent_1,320,1.6472800710918591,6.9154206185371345,1345.6053090821506,2292.061920701815,49.58169930727536,11.017175127073598,0.14893617021276595,True,False
Agent_1,321,1.6472800710918591,6.9154206185371345,1346.73608936887,2293.9426241280466,49.58171594058864,11.017191457522669,0.13829787234042554,True,False
Agent_1,322,1.6472800710918591,6.9154206185371345,1341.222989561074,2295.3355052731117,49.58172979024599,11.017115754302798,0.13829787234042554,True,False
Agent_1,323,1.6472800710918591,6.9154206185371345,1336.7156506382737,2295.390264264066,49.58173136888997,11.01705345982951,0.13829787234042554,True,False
Agent_1,324,1.6472800710918591,6.9154206185371345,1336.7821997277688,2295.569457004866,49.581732963636014,11.017054446309013,0.13829787234042554,True,False
Agent_1,325,1.6472800710918591,6.9154206185371345,1336.8765790054042,2302.143184725513,49.581792032957296,11.017058187990438,0.1276595744680851,True,False
Agent_1,326,1.6472800710918591,6.9154206185371345,1337.9136489041375,2307.7817417968868,49.58184246869458,11.01707461591248,0.09574468085106383,True,False
Agent_1,327,1.6472800710918591,6.9154206185371345,1339.3940921434455,2307.915407167179,49.58184331339607,11.017095132904316,0.09574468085106383,True,False
Agent_1,328,1.6472800710918591,6.9154206185371345,1333.9461191353496,2310.532302964582,49.58186815011829,11.017020783585078,0.0851063829787234,True,False
Agent_1,329,1.6472800710918591,6.9154206185371345,1332.8259454327579,2316.215757946752,49.581919509401416,11.017007403742578,0.06382978723404255,True,False
Agent_1,330,1.6472800710918591,6.9154206185371345,1333.487627122097,2309.57012797082,49.58185961151295,11.017014088161776,0.09574468085106383,True,False
Agent_1,331,1.4001880604280803,6.184229974736156,1339.5124860005678,2308.2470965141024,49.581846266456616,11.017096892684,0.09574468085106383,True,False
Agent_1,332,1.4001880604280803,6.184229974736156,1339.4293024273666,2307.2166938178448,49.581837024086866,11.017095360676327,0.09574468085106383,True,False
Agent_1,333,1.4001880604280803,6.184229974736156,1345.0574043870338,2304.735892587228,49.58181336727027,11.017172250681659,0.09574468085106383,True,False
Agent_1,334,1.4001880604280803,6.184229974736156,1347.298834967789,2303.628130194562,49.58180286917252,11.01720282823732,0.09574468085106383,True,False
Agent_1,335,1.4001880604280803,6.184229974736156,1349.4897051849912,2309.1221225891536,49.58185172725543,11.017235154252898,0.06382978723404255,True,False
Agent_1,336,1.4001880604280803,6.184229974736156,1350.4435148281077,2308.3939591532658,49.58184495178712,11.017248070918917,0.06382978723404255,True,False
Agent_1,337,1.4001880604280803,6.184229974736156,1352.1302175329367,2306.149430140893,49.581824368851436,11.01727055780574,0.0851063829787234,True,False
Agent_1,338,1.4001880604280803,6.184229974736156,1353.221930262637,2306.3402781160194,49.581825821245516,11.017285721713222,0.0851063829787234,True,False
Agent_1,339,1.4001880604280803,6.184229974736156,1351.0420545286177,2303.7084162440747,49.58180268857647,11.017254608758357,0.09574468085106383,True,False
Agent_1,340,1.4001880604280803,6.184229974736156,1344.9940113633138,2303.1537726995543,49.58179916067611,11.01717078773675,0.09574468085106383,True,False
Agent_1,341,1.4001880604280803,6.184229974736156,1345.3922805638827,2303.603572608271,49.58180310798445,11.017176460637842,0.09574468085106383,True,False
Agent_1,342,1.4001880604280803,6.184229974736156,1345.3900874573958,2304.872197511126,49.58181451234173,11.017176900623683,0.09574468085106383,True,False
Agent_1,343,1.4001880604280803,6.184229974736156,1341.552136741982,2308.225562598523,49.58184558125918,11.017125083306134,0.0851063829787234,True,False
Agent_1,344,1.4001880604280803,6.184229974736156,1339.714789987302,2303.066827795678,49.58179965160614,11.017097769218111,0.10638297872340426,True,False
Agent_1,345,1.4001880604280803,6.184229974736156,1338.6985328612627,2304.3891040015856,49.58181178266426,11.017084209433525,0.10638297872340426,True,False
Agent_1,346,1.1901598513638683,5.562717927505324,1336.9663340773675,2299.6698716007268,49.58176977839964,11.017058512017156,0.1276595744680851,True,False
Agent_1,347,1.1901598513638683,5.562717927505324,1336.591252036808,2296.874820025088,49.581744743732855,11.0170522903171,0.13829787234042554,True,False
Agent_1,348,1.1901598513638683,5.562717927505324,1336.5244031590628,2296.9538826181524,49.5817454705489,11.017051395427318,0.13829787234042554,True,False
Agent_1,349,1.1901598513638683,5.562717927505324,1336.8019359184048,2300.490231439288,49.58177719234244,11.0170565432873,0.1276595744680851,True,False
Agent_1,350,1.1901598513638683,5.562717927505324,1338.8466514447107,2301.9716103950996,49.58179001580802,11.017085361027812,0.11702127659574468,True,False
Agent_1,351,1.1901598513638683,5.562717927505324,1343.4430871295444,2301.071339121352,49.58178081525385,11.017148573909786,0.11702127659574468,True,False
Agent_1,352,1.1901598513638683,5.562717927505324,1345.0714413598912,2300.848109219664,49.58177841611339,11.017171003466643,0.10638297872340426,True,False
Agent_1,353,1.1901598513638683,5.562717927505324,1345.8997786207892,2299.5161208076283,49.581766243037926,11.01718196159214,0.1276595744680851,True,False
Agent_1,354,1.1901598513638683,5.562717927505324,1343.0683907893574,2303.814709308889,49.58180556606998,11.017144410668307,0.09574468085106383,True,False
Agent_1,355,1.1901598513638683,5.562717927505324,1341.7092670686786,2304.0779345834953,49.58180825983465,11.017125718090425,0.10638297872340426,True,False
Agent_1,356,1.1901598513638683,5.562717927505324,1341.3818886014246,2304.999380818393,49.58181662174089,11.017121533607272,0.09574468085106383,True,False
Agent_1,357,1.1901598513638683,5.562717927505324,1341.1241963597315,2304.9046492043644,49.58181583229946,11.017117935841423,0.09574468085106383,True,False
Agent_1,358,1.1901598513638683,5.562717927505324,1340.2665312737765,2305.2510675222434,49.58181915302433,11.017106206866734,0.09574468085106383,True,False
Agent_1,359,1.1901598513638683,5.562717927505324,1336.1758961453204,2304.5297806477715,49.58181365525346,11.017049385616504,0.10638297872340426,True,False
Agent_1,360,1.1901598513638683,5.562717927505324,1334.8279202444066,2303.975036957211,49.58180899348952,11.017030543934311,0.10638297872340426,True,False
Agent_1,361,1.011635873659288,5.034432687359118,1336.0039337938147,2304.7957193046905,49.58181608725723,11.017047106784679,0.10638297872340426,True,False
Agent_1,362,1.011635873659288,5.034432687359118,1334.4220031343723,2303.06525907443,49.581800913217016,11.017024594799548,0.1276595744680851,True,False
Agent_1,363,1.011635873659288,5.034432687359118,1334.9767325649966,2299.401057628998,49.58176784154333,11.017030905747303,0.1276595744680851,True,False
Agent_1,364,1.011635873659288,5.034432687359118,1338.057401095945,2298.552842856258,49.581759474308456,11.017073182143212,0.1276595744680851,True,False
Agent_1,365,1.011635873659288,5.034432687359118,1336.3184927796542,2297.259848545983,49.58174827054527,11.017048662098869,0.13829787234042554,True,False
Agent_1,366,1.011635873659288,5.034432687359118,1337.9606133185227,2297.7564684515496,49.58175233892707,11.017071548817091,0.13829787234042554,True,False
Agent_1,367,1.011635873659288,5.034432687359118,1334.1667630669026,2295.993516032229,49.58173740594264,11.017018444617808,0.15957446808510636,True,False
Agent_1,368,1.011635873659288,5.034432687359118,1334.3053106005123,2295.924087877437,49.58173674845097,11.017020334326343,0.15957446808510636,True,False
Agent_1,369,1.011635873659288,5.034432687359118,1333.8534329368485,2293.4678629903674,49.581714778047214,11.017013176537102,0.18085106382978725,True,False
Agent_1,370,1.011635873659288,5.034432687359118,1329.8455092693325,2292.7823155171714,49.58170958156016,11.016957512165881,0.19148936170212766,True,False
Agent_1,371,1.011635873659288,5.034432687359118,1330.873718032377,2294.2489959379777,49.581722517921236,11.016972271004583,0.18085106382978725,True,False
Agent_1,372,1.011635873659288,5.034432687359118,1330.4127409404175,2296.330509524787,49.58174134001448,11.016966669492227,0.18085106382978725,True,False
Agent_1,373,1.011635873659288,5.034432687359118,1331.5426079678562,2298.5524679859086,49.58176104116267,11.01698311375784,0.13829787234042554,True,False
Agent_1,374,1.011635873659288,5.034432687359118,1332.4688383680464,2298.0957598210284,49.58175671251527,11.01699574977281,0.13829787234042554,True,False
Agent_1,375,1.011635873659288,5.034432687359118,1337.4167312207032,2297.4868672531006,49.581750046539234,11.017063929604616,0.13829787234042554,True,False
Agent_2,1,50.0,150.0,0.0,958.924194420859,49.570038267101225,10.998082230593173,1.0425531914893618,True,True
Agent_2,2,50.0,150.0,0.0,958.9799224857763,49.57003876805468,10.998082251048759,1.0425531914893618,True,True
Agent_2,3,50.0,150.0,0.0,958.9799224857763,49.57003876805468,10.998082251048759,1.0425531914893618,False,True
Agent_2,4,50.0,150.0,50.5286307319621,1032.7995081917775,49.570690286065094,10.998807765734258,4.5,True,True
Agent_2,5,50.0,150.0,136.12094629905513,1000.8823789979322,49.57038292912133,10.999979113704828,0.26595744680851063,True,False
Agent_2,6,50.0,150.0,181.61675017698622,954.1996930724023,49.56995241464102,11.000590804937058,0.5212765957446809,True,False
Agent_2,7,50.0,150.0,255.66564190641154,994.9755133433027,49.57030125419776,11.001629301458323,0.5425531914893618,True,False
Agent_2,8,50.0,150.0,291.81514995182573,973.1949657740113,49.57009681787297,11.002120951838767,0.23404255319148937,True,False
Agent_2,9,50.0,150.0,317.38101125287113,1019.1408262106968,49.570503719568265,11.002491225855591,1.5,True,False
Agent_2,10,50.0,150.0,374.2856707514278,1060.4600341627697,49.57086152998115,11.003292975799116,0.8829787234042553,True,False
Agent_2,11,50.0,150.0,317.28264781076643,1055.215272930081,49.570828024382465,11.002503137311974,1.0,True,False
Agent_2,12,50.0,150.0,236.05203550255197,1005.0521340026564,49.57039652543972,11.001361905366544,0.8191489361702128,True,False
Agent_2,13,50.0,150.0,248.84110791612682,1033.8737407427934,49.570652551304136,11.001549275126944,0.0,True,False
Agent_2,14,50.0,150.0,254.7846950371107,1110.511805594906,49.57134004699432,11.00165961039501,7.5638297872340425,True,True
Agent_2,15,50.0,150.0,225.29282821520522,1216.565665493208,49.57230044173761,11.00129095541789,0.9680851063829787,True,False
Agent_2,16,42.5,127.8061224489796,317.0835829170368,1282.0281225036736,49.57286694303621,11.002583830966932,2.3297872340425534,True,False
Agent_2,17,42.5,127.8061224489796,255.22965160817265,1377.714794206707,49.5737418884548,11.00176402740188,0.9893617021276595,True,False
Agent_2,18,42.5,127.8061224489796,310.9387602532072,1402.3139698135199,49.573949689153025,11.002543147834915,0.4361702127659574,True,False
Agent_2,19,42.5,127.8061224489796,331.96840149053565,1408.5635033994809,49.57400083550752,11.002836142475562,0.4361702127659574,True,False
Agent_2,20,42.5,127.8061224489796,300.2423995171257,1437.088179325282,49.57426484133073,11.002408084568984,1.1808510638297873,True,False
Agent_2,21,42.5,127.8061224489796,324.3665260790066,1438.372514745511,49.57427061428152,11.002742029634984,0.8191489361702128,True,False
Agent_2,22,42.5,127.8061224489796,410.8083802204278,1438.1146309906096,49.57424760513329,11.003936836554136,9.77659574468085,True,True
Agent_2,23,42.5,127.8061224489796,409.09766657461915,1442.7532380022585,49.5742897121494,11.003914896927919,9.819148936170214,True,True
Agent_2,24,42.5,127.8061224489796,406.35451524764744,1388.513997898371,49.573802800958525,11.003857008288284,9.670212765957446,True,False
Agent_2,25,42.5,127.8061224489796,397.8745044515394,1432.2901168418718,49.5741983440186,11.00375590493678,9.76595744680851,True,False
Agent_2,26,42.5,127.8061224489796,463.2951868535085,1367.4555938221793,49.57359986700585,11.00463634583164,8.808510638297873,True,False
Agent_2,27,42.5,127.8061224489796,497.98647524959915,1438.9591272235666,49.57423431679022,11.005142225288083,8.648936170212766,True,False
Agent_2,28,42.5,127.8061224489796,384.53074223227543,1469.4252562209697,49.57453535418413,11.003585122306768,9.893617021276595,True,True
Agent_2,29,42.5,127.8061224489796,511.2428222033152,1481.0569478242576,49.57460956654867,11.005340980838534,7.659574468085106,True,False
Agent_2,30,42.5,127.8061224489796,552.3394602739055,1569.972908230099,49.5753990014729,11.005941841892056,0.0,True,False
Agent_2,31,36.125,108.94132653061224,591.490243058687,1606.0824437126873,49.575714212269624,11.006496354783918,0.0,True,False
Agent_2,32,36.125,108.94132653061224,522.6349272660249,1616.8093251415291,49.57582714215681,11.005548480959927,0.010638297872340425,True,False
Agent_2,33,36.125,108.94132653061224,549.3097839266521,1666.2258604520814,49.57626496436964,11.005935437629455,0.010638297872340425,True,False
Agent_2,34,36.125,108.94132653061224,484.9256893073648,1651.1328237708483,49.57614471818717,11.005039848295144,0.0,True,False
Agent_2,35,36.125,108.94132653061224,508.1991476150909,1652.9820685064394,49.576155765286074,11.005362255055996,0.02127659574468085,True,False
Agent_2,36,36.125,108.94132653061224,524.5129945060644,1684.2662597370952,49.576433075880125,11.005599301727875,0.0,True,False
Agent_2,37,36.125,108.94132653061224,433.01756880453195,1628.2897193695455,49.57595181036977,11.004313872784834,0.031914893617021274,True,False
Agent_2,38,36.125,108.94132653061224,410.851788681624,1659.6464563244988,49.57623899054634,11.004019007067933,0.5957446808510638,True,False
Agent_2,39,36.125,108.94132653061224,443.27225755777295,1688.6669683618811,49.576492097872354,11.00447786782101,0.010638297872340425,True,False
Agent_2,40,36.125,108.94132653061224,350.6447010428962,1655.132877417673,49.57621283069137,11.003185058280867,0.0,True,False
Agent_2,41,36.125,108.94132653061224,434.8400242511305,1711.1175807360112,49.57669593053498,11.004369570802028,0.0,True,False
Agent_2,42,36.125,108.94132653061224,511.0709568209177,1704.9270217237881,49.57662202068358,11.005421095252867,0.010638297872340425,True,False
Agent_2,43,36.125,108.94132653061224,597.3901250791572,1701.864677519919,49.576573802747,11.006613227460287,0.0851063829787234,True,False
Agent_2,44,36.125,108.94132653061224,580.2425201498486,1632.1328109820172,49.57595108057605,11.006350474643527,0.0,True,False
Agent_2,45,36.125,108.94132653061224,537.9548205707205,1531.9058746596586,49.5750602568392,11.005728967019216,2.230851063829787,True,False
Agent_2,46,30.70625,92.90625000000001,540.3970697283039,1525.1724329663637,49.57499914329775,11.005760245672255,3.872340425531915,True,False
Agent_2,47,30.70625,92.90625000000001,523.4589560151187,1520.7950787509649,49.57496385344402,11.005524490734015,0.0,True,False
Agent_2,48,30.70625,92.90625000000001,516.8575776393448,1603.2676162546109,49.57570679744363,11.005463627126655,0.0,True,False
Agent_2,49,30.70625,92.90625000000001,518.2661589327919,1624.297129420931,49.575895498404776,11.005490848038068,0.02127659574468085,True,False
Agent_2,50,30.70625,92.90625000000001,506.31530767288245,1596.9381310872689,49.575652426496845,11.005315563056438,0.0,True,False
Agent_2,51,30.70625,92.90625000000001,513.2802349191908,1610.4346333593514,49.5757720803923,11.005416816365942,0.010638297872340425,True,False
Agent_2,52,30.70625,92.90625000000001,565.8311564344297,1570.4123684002595,49.57539971805699,11.006128506138014,0.031914893617021274,True,False
Agent_2,53,30.70625,92.90625000000001,565.8208973580573,1609.025958760554,49.57574682565964,11.00614259773835,0.0,True,False
Agent_2,54,30.70625,92.90625000000001,557.5928768167329,1616.0976400835568,49.575812366618116,11.006031463596136,0.0,True,False
Agent_2,55,30.70625,92.90625000000001,608.8864511516147,1539.391395942461,49.575110542643664,11.00671224229743,0.8404255319148936,True,False
Agent_2,56,30.70625,92.90625000000001,588.9049057304583,1534.4666464425572,49.57507106372909,11.006434213843576,1.2340425531914894,True,False
Agent_2,57,30.70625,92.90625000000001,600.1013780111687,1535.1791450428839,49.57507478422328,11.006589249717111,0.8191489361702128,True,False
Agent_2,58,30.70625,92.90625000000001,651.8142836442861,1502.3665567965465,49.57476742502306,11.00729199525816,0.7127659574468085,True,False
Agent_2,59,30.70625,92.90625000000001,635.2889438164741,1507.4314558329506,49.57481691753423,11.007065428357548,0.425531914893617,True,False
Agent_2,60,30.70625,92.90625000000001,718.0477932484182,1526.1442367597563,49.57496527815838,11.008216333855225,1.776595744680851,True,False
Agent_2,61,26.1003125,79.2764349489796,753.2727704746363,1579.660677544316,49.575437894039005,11.008723012584044,0.723404255319149,True,False
Agent_2,62,26.1003125,79.2764349489796,762.5746953684816,1583.7353785971754,49.575472289639364,11.008853101497527,1.1382978723404256,True,False
Agent_2,63,26.1003125,79.2764349489796,758.2685236973604,1580.7734124880008,49.575446697564104,11.008792481952229,0.9255319148936171,True,False
Agent_2,64,26.1003125,79.2764349489796,810.9756856196663,1579.8614321085995,49.57542584662947,11.009520741121213,1.0851063829787235,True,False
Agent_2,65,26.1003125,79.2764349489796,810.9756856196663,1579.8614321085995,49.57542584662947,11.009520741121213,1.0851063829787235,False,False
Agent_2,66,26.1003125,79.2764349489796,885.1560231614765,1570.1799707223577,49.57532100267173,11.010542593278679,3.1702127659574466,True,False
Agent_2,67,26.1003125,79.2764349489796,913.5687026900117,1613.4340165293247,49.57570299448069,11.010951335852091,0.06382978723404255,True,False
Agent_2,68,26.1003125,79.2764349489796,901.1110086384223,1675.0871020633053,49.57626019771977,11.01080190561897,0.0,True,False
Agent_2,69,26.1003125,79.2764349489796,851.7579358677928,1669.1786021766623,49.57621894081235,11.010117481589884,0.0,True,False
Agent_2,70,26.1003125,79.2764349489796,920.551281750045,1677.636559998306,49.57627844416904,11.011071583951242,0.8936170212765958,True,False
Agent_2,71,26.1003125,79.2764349489796,957.660553811326,1678.4638290140883,49.576276962372226,11.011584876711623,0.0,True,False
Agent_2,72,26.1003125,79.2764349489796,974.0168140589725,1647.663639581353,49.57599616288548,11.01179959489086,0.0,True,False
Agent_2,73,26.1003125,79.2764349489796,984.3363062707214,1581.1372519926817,49.57539566558287,11.011917654163364,0.6914893617021276,True,False
Agent_2,74,26.1003125,79.2764349489796,1001.2692728819809,1614.8461760233613,49.57569460982352,11.01216418866484,0.6170212765957447,True,False
Agent_2,75,26.1003125,79.2764349489796,954.976392984524,1550.8949539676214,49.575130869671426,11.011500621872717,0.0,True,False
Agent_2,76,22.185265625,67.69109215561224,961.0813592975144,1559.8584153790023,49.57520997641919,11.011588325999062,0.0,True,False
Agent_2,77,22.185265625,67.69109215561224,985.4228740405923,1547.8983825624111,49.575096614701835,11.011920386817787,3.1595744680851063,True,False
Agent_2,78,22.185265625,67.69109215561224,960.2895287365528,1533.392884103591,49.5749722636534,11.011567598457129,8.680851063829788,True,False
Agent_2,79,22.185265625,67.69109215561224,957.9184096247092,1590.0993564249682,49.575482577494434,11.01155578047385,1.574468085106383,True,False
Agent_2,80,22.185265625,67.69109215561224,981.3568420233765,1598.3147305678747,49.57555079299918,11.011882817651243,0.6808510638297872,True,False
Agent_2,81,22.185265625,67.69109215561224,998.6106159672679,1553.6264600953682,49.57514493497628,11.01210480325518,0.0,True,False
Agent_2,82,22.185265625,67.69109215561224,1023.014541093929,1557.4973013167582,49.57517386308504,11.012443578794084,0.0,True,False
Agent_2,83,22.185265625,67.69109215561224,1023.0585388221008,1535.5398302071246,49.57497647323341,11.012436067929732,0.0,True,False
Agent_2,84,22.185265625,67.69109215561224,992.3993582401713,1476.9908466042127,49.57445753802424,11.011990612170802,8.553191489361703,True,False
Agent_2,85,22.185265625,67.69109215561224,985.6385208320056,1502.008969483209,49.57468405533252,11.01190640410784,8.98936170212766,True,False
Agent_2,86,22.185265625,67.69109215561224,1014.0504289480309,1482.2240685086647,49.57449937507817,11.01229183340316,6.98936170212766,True,False
Agent_2,87,22.185265625,67.69109215561224,1037.655792789317,1471.0288766888984,49.574393063713266,11.01261399466492,3.8191489361702127,True,False
Agent_2,88,22.185265625,67.69109215561224,1007.6930952942365,1485.8817834986257,49.57453378335937,11.012205307146393,7.202127659574469,True,False
Agent_2,89,22.185265625,67.69109215561224,1014.8535791301626,1487.7533830236414,49.57454888588851,11.012304979849237,8.26595744680851,True,False
Agent_2,90,22.185265625,67.69109215561224,1060.1956971057657,1497.2781880896496,49.57462360237212,11.012935275187012,15.585106382978722,True,True
Agent_2,91,18.85747578125,57.84355078125,1065.2037451447968,1514.3169519219603,49.57477556203502,11.013010804470847,16.585106382978722,True,True
Agent_2,92,18.85747578125,57.84355078125,1064.9909656129394,1512.32543797714,49.57475771117584,11.013007126578419,16.5531914893617,True,False
Agent_2,93,18.85747578125,57.84355078125,1073.6959829269756,1485.3573907833736,49.574513197317295,11.013117483147843,16.69148936170213,True,True
Agent_2,94,18.85747578125,57.84355078125,1050.4154615904818,1513.3542092664934,49.574770464481716,11.012806026260861,14.585106382978724,True,False
Agent_2,95,18.85747578125,57.84355078125,1050.4154615904818,1513.3542092664934,49.574770464481716,11.012806026260861,14.585106382978724,False,False
Agent_2,96,18.85747578125,57.84355078125,1050.4154615904818,1513.3542092664934,49.574770464481716,11.012806026260861,14.585106382978724,False,False
Agent_2,97,18.85747578125,57.84355078125,1070.6647128214747,1529.9698814965413,49.57491495521381,11.013092082483627,17.209574468085105,True,True
Agent_2,98,18.85747578125,57.84355078125,1083.7271932256588,1530.1290280011153,49.57491324374713,11.01327270777711,18.362765957446808,True,True
Agent_2,99,18.85747578125,57.84355078125,1105.8871927332557,1517.0291286465924,49.574790155674144,11.013574185205284,20.393617021276594,True,True
Agent_2,100,18.85747578125,57.84355078125,1108.5186141483985,1527.7798239448032,49.574886162261784,11.013614537490573,20.46808510638298,True,True
Agent_2,101,18.85747578125,57.84355078125,1130.4360762466047,1525.5191408475189,49.574860567062316,11.013916672054236,20.95744680851064,True,True
Agent_2,102,18.85747578125,57.84355078125,1159.4597369777887,1543.2674613828876,49.57501312480615,11.01432444254238,20.47872340425532,True,False
Agent_2,103,18.85747578125,57.84355078125,1159.3323576488706,1545.6425375609538,49.57503450538431,11.014323560774098,20.574468085106385,True,False
Agent_2,104,18.85747578125,57.84355078125,1156.6920638586366,1544.2633433300605,49.57502274305112,11.014286552726407,20.627659574468087,True,False
Agent_2,105,18.85747578125,57.84355078125,1169.060883165848,1534.2380969766061,49.574929647626114,11.014453820060924,20.06382978723404,True,False
Agent_2,106,16.028854414062497,49.473140613042084,1165.550818976636,1559.843613034956,49.575160664326,11.01441477668235,20.48936170212766,True,False
Agent_2,107,16.028854414062497,49.473140613042084,1197.0226778150106,1586.4501941196415,49.5753922590956,11.014859673012337,19.74468085106383,True,False
Agent_2,108,16.028854414062497,49.473140613042084,1169.9759438177418,1563.2077284435009,49.57518983977262,11.014477191904612,20.43617021276596,True,False
Agent_2,109,16.028854414062497,49.473140613042084,1190.2736478535294,1536.6737375196549,49.57494643583427,11.014747951671541,19.302127659574467,True,False
Agent_2,110,16.028854414062497,49.473140613042084,1209.8231864532645,1571.8956760916878,49.5752583446185,11.01503123095441,19.5531914893617,True,False
Agent_2,111,16.028854414062497,49.473140613042084,1220.3680793674073,1581.8261628534208,49.57534507231204,11.015180673844169,19.829787234042552,True,False
Agent_2,112,16.028854414062497,49.473140613042084,1226.8809170003708,1621.8420860712436,49.575703213083855,11.01528552085242,17.595744680851062,True,False
Agent_2,113,16.028854414062497,49.473140613042084,1256.1070040910943,1609.3773538469572,49.5755841276224,11.015684910854182,20.30851063829787,True,False
Agent_2,114,16.028854414062497,49.473140613042084,1303.538462611117,1612.4757125379556,49.57560055385492,11.01634172521255,20.127659574468083,True,False
Agent_2,115,16.028854414062497,49.473140613042084,1339.5478555103887,1637.88791226793,49.57582031112616,11.016848916564335,18.5,True,False
Agent_2,116,16.028854414062497,49.473140613042084,1320.1324228580838,1623.2024943173144,49.575692980329315,11.01657508563619,20.02127659574468,True,False
Agent_2,117,16.028854414062497,49.473140613042084,1348.6404390950204,1606.388268555047,49.57553496531653,11.01696293414877,9.829787234042552,True,False
Agent_2,118,16.028854414062497,49.473140613042084,1348.6404390950204,1606.388268555047,49.57553496531653,11.01696293414877,9.829787234042552,False,False
Agent_2,119,16.028854414062497,49.473140613042084,1340.2727269602128,1617.7365663128587,49.57563899323696,11.016851469098127,18.27659574468085,True,False
Agent_2,120,16.028854414062497,49.473140613042084,1341.4472489003285,1623.1764933750444,49.57568761044697,11.016869721007044,17.43617021276596,True,False
Agent_2,121,13.624526251953123,42.35829197006536,1329.7667400839243,1619.5403914496692,49.57565773972831,11.016706908399476,19.97872340425532,True,False
Agent_2,122,13.624526251953123,42.35829197006536,1332.8233127875988,1594.373570815602,49.575430775176244,11.016739835023152,20.904255319148938,True,False
Agent_2,123,13.624526251953123,42.35829197006536,1332.8233127875988,1594.373570815602,49.575430775176244,11.016739835023152,20.904255319148938,False,False
Agent_2,124,13.624526251953123,42.35829197006536,1307.437905219002,1619.0982241927882,49.57565914506818,11.016398082600396,20.138297872340424,True,False
Agent_2,125,13.624526251953123,42.35829197006536,1269.4507907484603,1621.1044934429867,49.575686330659124,11.015873711821104,20.106382978723406,True,False
Agent_2,126,13.624526251953123,42.35829197006536,1254.582812246014,1629.2433548566405,49.57576307304528,11.01567119889933,19.74468085106383,True,False
Agent_2,127,13.624526251953123,42.35829197006536,1216.4071117467608,1618.8605862169243,49.57567893389237,11.015139632319944,2.117021276595745,True,False
Agent_2,128,13.624526251953123,42.35829197006536,1243.1455440331813,1610.976331108305,49.57560162258662,11.01550633082295,20.22340425531915,True,False
Agent_2,129,13.624526251953123,42.35829197006536,1243.11668534523,1611.6266251030931,49.57560747512312,11.015506172721325,20.180851063829788,True,False
Agent_2,130,13.624526251953123,42.35829197006536,1253.2365342186258,1624.507841900085,49.57572082907706,11.01565083476406,19.904255319148938,True,False
Agent_2,131,13.624526251953123,42.35829197006536,1250.5221642710346,1626.660262279092,49.57574083121202,11.015614109843458,19.73404255319149,True,False
Agent_2,132,13.624526251953123,42.35829197006536,1241.441260463359,1593.5072447744117,49.57544500086381,11.015476302446704,20.26595744680851,True,False
Agent_2,133,13.624526251953123,42.35829197006536,1226.6500801151446,1617.5872092806067,49.57566502096079,11.01528075432992,19.340425531914892,True,False
Agent_2,134,13.624526251953123,42.35829197006536,1222.451967931841,1585.711151281899,49.57537949327814,11.01521091876955,19.851063829787233,True,False
Agent_2,135,13.624526251953123,42.35829197006536,1194.7962422529115,1585.645029037878,49.575385557341335,11.014828598006629,19.904255319148938,True,False
Agent_2,136,11.580847314160154,36.31067062353515,1202.784163394315,1592.2769508220506,49.57544324961011,11.01494147359936,19.70212765957447,True,False
Agent_2,137,11.580847314160154,36.31067062353515,1234.727463636921,1588.707032806258,49.57540346781688,11.015381717264052,20.287234042553195,True,False
Agent_2,138,11.580847314160154,36.31067062353515,1262.8341674038047,1576.5046399107166,49.57528700986258,11.015765728110315,19.861702127659576,True,False
Agent_2,139,11.580847314160154,36.31067062353515,1235.7111843861778,1575.6916686440686,49.57528623392745,11.015390495931713,20.03191489361702,True,False
Agent_2,140,11.580847314160154,36.31067062353515,1236.6320163064163,1581.756287166136,49.575340527923856,11.015405470728066,20.148936170212767,True,False
Agent_2,141,11.580847314160154,36.31067062353515,1235.2728944273838,1572.034123606779,49.57525346126459,11.015383082873964,20.0,True,False
Agent_2,142,11.580847314160154,36.31067062353515,1267.649367080426,1574.3103101018112,49.57526612495426,11.015831477645685,19.96808510638298,True,False
Agent_2,143,11.580847314160154,36.31067062353515,1251.3111518400167,1554.9959461182273,49.57509644031882,11.015598475531808,20.53191489361702,True,False
Agent_2,144,11.580847314160154,36.31067062353515,1230.9918515872537,1566.2459676517065,49.57520246156546,11.015321761132615,19.904255319148938,True,False
Agent_2,145,11.580847314160154,36.31067062353515,1231.8394802217078,1566.4612546363292,49.57520419270431,11.01533355792065,19.851063829787233,True,False
Agent_2,146,11.580847314160154,36.31067062353515,1234.362648853768,1568.0638617082125,49.57521799119199,11.015369030016469,19.904255319148938,True,False
Agent_2,147,11.580847314160154,36.31067062353515,1221.872741647129,1565.152417864728,49.57519482727474,11.015195299557565,19.96808510638298,True,False
Agent_2,148,11.580847314160154,36.31067062353515,1238.4922848076142,1567.2057376653315,49.57520928294696,11.015425797664115,19.861702127659576,True,False
Agent_2,149,11.580847314160154,36.31067062353515,1237.2837655551941,1564.424210762041,49.575184570418315,11.015408061850126,19.78723404255319,True,False
Agent_2,150,11.580847314160154,36.31067062353515,1230.2621367959964,1574.448079009502,49.57527636725661,11.015314711212099,20.085106382978722,True,False
Agent_2,151,9.84372021703613,31.170192478984468,1250.879398960514,1589.3557655506422,49.575405409683384,11.015605232277798,20.180851063829788,True,False
Agent_2,152,9.84372021703613,31.170192478984468,1253.5170587844605,1595.3368257379875,49.575458539056726,11.015643908840625,20.24468085106383,True,False
Agent_2,153,9.84372021703613,31.170192478984468,1266.64543572104,1570.1623030440696,49.57522907972848,11.015816063574768,20.180851063829788,True,False
Agent_2,154,9.84372021703613,31.170192478984468,1275.385239130411,1562.423844663592,49.575157412519324,11.015934010591735,21.117021276595747,True,True
Agent_2,155,9.84372021703613,31.170192478984468,1273.2400620741641,1561.5651070543674,49.575150209909786,11.01590403901762,21.106382978723403,True,False
Agent_2,156,9.84372021703613,31.170192478984468,1286.5116870875647,1581.2070456735835,49.57532357724539,11.016094773146081,20.340425531914892,True,False
Agent_2,157,9.84372021703613,31.170192478984468,1300.0005118396944,1593.7319432326885,49.57543291583629,11.016285874396385,20.25531914893617,True,False
Agent_2,158,9.84372021703613,31.170192478984468,1310.1409689286072,1583.2403837588981,49.57533616268497,11.01642216295188,20.893617021276594,True,False
Agent_2,159,9.84372021703613,31.170192478984468,1315.325796479179,1594.902285491718,49.57543974394691,11.016498155662847,20.69148936170213,True,False
Agent_2,160,9.84372021703613,31.170192478984468,1289.4475531634735,1611.6589274774724,49.575596606285174,11.01614663756565,20.117021276595747,True,False
Agent_2,161,9.84372021703613,31.170192478984468,1295.775843571123,1615.1373098456888,49.57562634945216,11.01623540502759,20.117021276595747,True,False
Agent_2,162,9.84372021703613,31.170192478984468,1313.1909604248433,1601.5391082139352,49.57549991763274,11.016471103950511,20.393617021276594,True,False
Agent_2,163,9.84372021703613,31.170192478984468,1320.5784829281683,1611.9671218515289,49.57559187653143,11.016577088688388,20.127659574468083,True,False
Agent_2,164,9.84372021703613,31.170192478984468,1329.2547483362998,1614.9046521935525,49.57561619180032,11.016698113112872,20.26595744680851,True,False
Agent_2,165,9.84372021703613,31.170192478984468,1331.2274008797797,1621.4430952871971,49.57567449142613,11.016727804859306,19.861702127659576,True,False
Agent_2,166,8.36716218448071,26.800786056116387,1321.4536860668047,1617.6438661386705,49.57564269469273,11.016591290432817,20.0531914893617,True,False
Agent_2,167,8.36716218448071,26.800786056116387,1307.6481621094183,1606.2714542212545,49.575543792785055,11.016396236801324,20.23404255319149,True,False
Agent_2,168,8.36716218448071,26.800786056116387,1329.0645575899835,1618.7022462482412,49.57565037472608,11.016696891225546,19.98936170212766,True,False
Agent_2,169,8.36716218448071,26.800786056116387,1329.647174780999,1621.1959225467003,49.575672650336514,11.016705869056278,19.925531914893618,True,False
Agent_2,170,8.36716218448071,26.800786056116387,1329.647174780999,1621.1959225467003,49.575672650336514,11.016705869056278,19.925531914893618,False,False
Agent_2,171,8.36716218448071,26.800786056116387,1333.057785982091,1618.3768350643866,49.57564648732599,11.016751970895225,20.01063829787234,True,False
Agent_2,172,8.36716218448071,26.800786056116387,1320.5517263417212,1610.534253667902,49.57557900272759,11.01657618790026,20.24468085106383,True,False
Agent_2,173,8.36716218448071,26.800786056116387,1320.5186535452624,1629.6633228921223,49.57575096454989,11.016582818632525,19.95744680851064,True,False
Agent_2,174,8.36716218448071,26.800786056116387,1318.491026896819,1629.8718667628596,49.5757533277327,11.01655486701609,19.9468085106383,True,False
Agent_2,175,8.36716218448071,26.800786056116387,1327.2054639750888,1627.0487854575936,49.575725850889036,11.016674284905099,19.819148936170215,True,False
Agent_2,176,8.36716218448071,26.800786056116387,1330.5064008035495,1634.4780720720973,49.57579183836357,11.016722668346166,19.5531914893617,True,False
Agent_2,177,8.36716218448071,26.800786056116387,1314.2979320948946,1637.5926015194843,49.57582374078641,11.016499764453624,19.74468085106383,True,False
Agent_2,178,8.36716218448071,26.800786056116387,1309.3223465122348,1625.7347013606175,49.57571834726958,11.016426590954064,20.085106382978722,True,False
Agent_2,179,8.36716218448071,26.800786056116387,1310.4999091142843,1625.4722335608087,49.57571570419734,11.016442771729626,20.0,True,False
Agent_2,180,8.36716218448071,26.800786056116387,1326.5997033048345,1619.9097457523023,49.57566182303999,11.01666326583032,19.95744680851064,True,False
Agent_2,181,7.1120878568086034,23.086790596678522,1326.4759102965365,1613.9942656322044,49.575608677801085,11.016659362627054,20.180851063829788,True,False
Agent_2,182,7.1120878568086034,23.086790596678522,1332.952004340611,1627.8667222635331,49.5757318187175,11.016754025227979,19.5531914893617,True,False
Agent_2,183,7.1120878568086034,23.086790596678522,1325.5382400545025,1636.4208566996545,49.57581049946377,11.016654710838093,19.669148936170213,True,False
Agent_2,184,7.1120878568086034,23.086790596678522,1323.3599884470927,1618.6291557107884,49.57565109226942,11.016618007222947,20.0531914893617,True,False
Agent_2,185,7.1120878568086034,23.086790596678522,1319.4790168226793,1616.943923442252,49.57563687860519,11.016563734313868,20.0,True,False
Agent_2,186,7.1120878568086034,23.086790596678522,1313.3231811220373,1610.6102097811772,49.575581427171784,11.01647629262825,20.06382978723404,True,False
Agent_2,187,7.1120878568086034,23.086790596678522,1315.6061655274243,1614.3363434883456,49.57561437184697,11.016509231940761,19.96808510638298,True,False
Agent_2,188,7.1120878568086034,23.086790596678522,1316.908801711347,1614.6637274742218,49.575617000887696,11.016527360178811,20.01063829787234,True,False
Agent_2,189,7.1120878568086034,23.086790596678522,1315.3574678670334,1616.1910734009375,49.57563110419331,11.016506481288179,20.02127659574468,True,False
Agent_2,190,7.1120878568086034,23.086790596678522,1305.6776909411317,1608.6267249172156,49.5755654393791,11.016369870720867,20.159574468085108,True,False
Agent_2,191,7.1120878568086034,23.086790596678522,1296.9854240491206,1627.0336433150408,49.57573299586418,11.01625653287051,20.085106382978722,True,False
Agent_2,192,7.1120878568086034,23.086790596678522,1296.7001994045304,1626.7207109270405,49.57573025158471,11.016252474137014,20.06382978723404,True,False
Agent_2,193,7.1120878568086034,23.086790596678522,1302.264656453477,1605.012490770513,49.575533772793534,11.016321351817037,20.170212765957444,True,False
Agent_2,194,7.1120878568086034,23.086790596678522,1299.5222999510602,1599.8227282471262,49.57548778196605,11.016281520352095,20.159574468085108,True,False
Agent_2,195,7.1120878568086034,23.086790596678522,1299.2929888704705,1600.6249492389209,49.57549504848721,11.016278647689493,20.138297872340424,True,False
Agent_2,196,6.045274678287313,19.929894456156333,1286.93846694293,1614.7597457728994,49.57562508440552,11.016113102004894,20.19148936170213,True,False
Agent_2,197,6.045274678287313,19.929894456156333,1286.301475431478,1615.1504927506214,49.575628750331994,11.016104441325409,20.148936170212767,True,False
Agent_2,198,6.045274678287313,19.929894456156333,1282.2952157744235,1612.000545304462,49.57560140007254,11.016047894090715,20.19148936170213,True,False
Agent_2,199,6.045274678287313,19.929894456156333,1288.0028330993393,1607.1729492505326,49.57555662922093,11.01612500472713,20.19148936170213,True,False
Agent_2,200,6.045274678287313,19.929894456156333,1283.411420813529,1608.1124969383284,49.575566180976885,11.016061883634379,20.180851063829788,True,False
Agent_2,201,6.045274678287313,19.929894456156333,1276.7456287053483,1609.4045534448526,49.57557940112267,11.015970218003966,20.24468085106383,True,False
Agent_2,202,6.045274678287313,19.929894456156333,1278.6665282540034,1609.9263184195318,49.57558362864013,11.015996964740001,20.24468085106383,True,False
Agent_2,203,6.045274678287313,19.929894456156333,1265.7291906799228,1603.3711603218808,49.57552781958648,11.015815698085241,20.26595744680851,True,False
Agent_2,204,6.045274678287313,19.929894456156333,1278.2065173813112,1595.2512470729764,49.575451823146246,11.015985169855332,20.20212765957447,True,False
Agent_2,205,6.045274678287313,19.929894456156333,1296.3759504867153,1599.226869443075,49.57548318369574,11.016237806284785,20.170212765957444,True,False
Agent_2,206,6.045274678287313,19.929894456156333,1301.3550981610467,1599.4075511142387,49.57548360833287,11.01630670208334,20.23404255319149,True,False
Agent_2,207,6.045274678287313,19.929894456156333,1305.267031354386,1583.6632261103005,49.57534113792875,11.016354945318145,20.79787234042553,True,False
Agent_2,208,6.045274678287313,19.929894456156333,1295.5467580131399,1580.565034125699,49.57531562958641,11.01621943050544,20.638297872340424,True,False
Agent_2,209,6.045274678287313,19.929894456156333,1276.9223430635275,1586.120955101091,49.57537005897949,11.015964036182961,19.96808510638298,True,False
Agent_2,210,6.045274678287313,19.929894456156333,1273.799487823463,1589.8873542287963,49.57540466788705,11.015922262825896,20.06382978723404,True,False
Agent_2,211,5.1384834765442156,17.246532736712474,1270.5350964724637,1592.2505327612712,49.575426697120854,11.015878013146112,20.127659574468083,True,False
Agent_2,212,5.1384834765442156,17.246532736712474,1272.9595250723055,1587.0608790733568,49.5753794626197,11.015909604743094,20.074468085106385,True,False
Agent_2,213,5.1384834765442156,17.246532736712474,1279.3527324350114,1577.918667208335,49.575295742022455,11.015994594122231,20.23404255319149,True,False
Agent_2,214,5.1384834765442156,17.246532736712474,1287.631970220113,1589.8882997731748,49.575401344401605,11.016113475137692,19.97872340425532,True,False
Agent_2,215,5.1384834765442156,17.246532736712474,1287.6257534306944,1591.3521830048087,49.57541450495271,11.016113931484464,19.96808510638298,True,False
Agent_2,216,5.1384834765442156,17.246532736712474,1290.2398198233811,1595.0624804437512,49.575447227625375,11.01615144125683,20.138297872340424,True,False
Agent_2,217,5.1384834765442156,17.246532736712474,1292.1554894403976,1581.5548395730054,49.57532534405145,11.016172918401109,20.43617021276596,True,False
Agent_2,218,5.1384834765442156,17.246532736712474,1288.7928143023933,1578.228406587617,49.57529625233157,11.016125202614857,20.46808510638298,True,False
Agent_2,219,5.1384834765442156,17.246532736712474,1296.8374309483136,1585.9401308420415,49.57536363615746,11.01623926324194,20.393617021276594,True,False
Agent_2,220,5.1384834765442156,17.246532736712474,1296.596904671441,1590.8840035915434,49.57540813527059,11.01623776988263,20.24468085106383,True,False
Agent_2,221,5.1384834765442156,17.246532736712474,1291.7416399061979,1587.470405344754,49.57537861960405,11.01616938903184,20.19148936170213,True,False
Agent_2,222,5.1384834765442156,17.246532736712474,1282.9806740736508,1579.5270956013192,49.575309326511416,11.016045340313717,20.26595744680851,True,False
Agent_2,223,5.1384834765442156,17.246532736712474,1298.166353248858,1581.3655101604459,49.57532219409908,11.016255938703031,20.627659574468087,True,False
Agent_2,224,5.1384834765442156,17.246532736712474,1292.8567544999926,1580.8805186913567,49.57531911355101,11.016182362448822,20.5,True,False
Agent_2,225,5.1384834765442156,17.246532736712474,1284.0374742100612,1583.1059183161517,49.57534124248945,11.01606127456605,20.19148936170213,True,False
Agent_2,226,4.3677109550625834,14.965675275185195,1281.7626107099604,1576.7593787927508,49.5752847405225,11.016027477335639,20.361702127659576,True,False
Agent_2,227,4.3677109550625834,14.965675275185195,1288.526216126871,1566.7157719203014,49.57519282784847,11.016117252577637,21.340425531914896,True,True
Agent_2,228,4.3677109550625834,14.965675275185195,1279.2172536827948,1564.7795471268505,49.57517766523397,11.01598785439329,21.074468085106382,True,False
Agent_2,229,4.3677109550625834,14.965675275185195,1278.9923459503304,1562.2319934133352,49.575154819085355,11.015983801765097,21.30851063829787,True,False
Agent_2,230,4.3677109550625834,14.965675275185195,1277.9836109713524,1563.23278306802,49.575164058305845,11.015970228391485,21.148936170212764,True,False
Agent_2,231,4.3677109550625834,14.965675275185195,1277.1273233886834,1563.1717428511388,49.575163715864,11.01595836903165,21.127659574468087,True,False
Agent_2,232,4.3677109550625834,14.965675275185195,1278.2660736757337,1559.2965207220172,49.575128606643716,11.01597267492564,21.574468085106382,True,True
Agent_2,233,4.3677109550625834,14.965675275185195,1279.2020578452446,1555.728078936098,49.575096303955554,11.015984291535759,21.659574468085108,True,True
Agent_2,234,4.3677109550625834,14.965675275185195,1271.23779365695,1548.1355033813115,49.57502997155388,11.015871386754439,21.829787234042552,True,True
Agent_2,235,4.3677109550625834,14.965675275185195,1279.3019235870447,1549.2950430847634,49.57503845242259,11.01598328912552,21.882978723404257,True,True
Agent_2,236,4.3677109550625834,14.965675275185195,1269.8705706025053,1553.6609821086972,49.57507997018618,11.015854533803347,21.659574468085108,True,False
Agent_2,237,4.3677109550625834,14.965675275185195,1274.0950788304597,1560.203303941948,49.57513776252115,11.015915353782532,21.27659574468085,True,False
Agent_2,238,4.3677109550625834,14.965675275185195,1281.1483040498902,1560.0669009462786,49.57513483743771,11.01601280229521,21.553191489361705,True,False
Agent_2,239,4.3677109550625834,14.965675275185195,1280.0546748296167,1562.1907507245564,49.57515419245819,11.01599847141272,21.340425531914896,True,False
Agent_2,240,4.3677109550625834,14.965675275185195,1269.464401260855,1561.1860703883453,49.57514771211412,11.015851706414262,20.95744680851064,True,False
Agent_2,241,3.7125543118031956,13.026946432887009,1269.8907021917082,1562.7485916594976,49.57516165516259,11.015858178058195,20.79787234042553,True,False
Agent_2,242,3.7125543118031956,13.026946432887009,1267.2968933749332,1560.105069778794,49.575138516907536,11.015821343848344,20.97872340425532,True,False
Agent_2,243,3.7125543118031956,13.026946432887009,1272.0379313144417,1554.7741974910434,49.57508945500319,11.015884906236362,21.585106382978722,True,False
Agent_2,244,3.7125543118031956,13.026946432887009,1271.3379267715575,1553.5131757152212,49.57507828810332,11.015874762778575,21.627659574468087,True,False
Agent_2,245,3.7125543118031956,13.026946432887009,1264.7074103441046,1553.4238241181333,49.57507908191855,11.015783073988274,21.45744680851064,True,False
Agent_2,246,3.7125543118031956,13.026946432887009,1255.5922720889346,1551.161718387242,49.57506094285401,11.015656234798758,21.20212765957447,True,False
Agent_2,247,3.7125543118031956,13.026946432887009,1253.8492669490797,1549.0542244207572,49.575042418062985,11.01563136019309,21.25531914893617,True,False
Agent_2,248,3.7125543118031956,13.026946432887009,1253.8492669490797,1549.0542244207572,49.575042418062985,11.01563136019309,21.25531914893617,False,False
Agent_2,249,3.7125543118031956,13.026946432887009,1261.1533186741447,1548.1795626654618,49.57503279649601,11.01573200236378,21.840425531914896,True,False
Agent_2,250,3.7125543118031956,13.026946432887009,1262.461784556352,1547.817708647392,49.575029228598225,11.015749955659569,21.872340425531913,True,False
Agent_2,251,3.7125543118031956,13.026946432887009,1260.1707357612675,1539.2176264683555,49.574952473007905,11.015715100649354,22.20212765957447,True,True
Agent_2,252,3.7125543118031956,13.026946432887009,1259.9266203858292,1535.1549574849319,49.574916011882955,11.015710221516967,22.414893617021274,True,True
Agent_2,253,3.7125543118031956,13.026946432887009,1251.2765326762649,1532.1644689365637,49.57489121319629,11.01558954154393,22.51063829787234,True,True
Agent_2,254,3.7125543118031956,13.026946432887009,1259.354212469675,1534.0312438776102,49.57490604851891,11.015701892791009,22.425531914893618,True,False
Agent_2,255,3.7125543118031956,13.026946432887009,1246.614582193218,1534.390557480251,49.57491234654163,11.015525922565967,22.27659574468085,True,False
Agent_2,256,3.1556711650327163,11.379026916933547,1243.0660661366696,1539.9574266780282,49.574963242486106,11.01547893199698,21.553191489361705,True,False
Agent_2,257,3.1556711650327163,11.379026916933547,1236.8543573097852,1541.6656697455355,49.57498009397536,11.015393698359116,20.851063829787233,True,False
Agent_2,258,3.1556711650327163,11.379026916933547,1235.0168291114567,1540.0863255925217,49.57496633950316,11.015367712847736,20.882978723404257,True,False
Agent_2,259,3.1556711650327163,11.379026916933547,1235.0168291114567,1540.0863255925217,49.57496633950316,11.015367712847736,20.882978723404257,False,False
Agent_2,260,3.1556711650327163,11.379026916933547,1226.6373784811994,1541.2401867807093,49.57497872946159,11.01525230856533,20.03191489361702,True,False
Agent_2,261,3.1556711650327163,11.379026916933547,1216.897341154899,1540.6557975579944,49.574975821509064,11.015117452838988,19.372340425531913,True,False
Agent_2,262,3.1556711650327163,11.379026916933547,1216.711999383932,1536.3179554408316,49.57493687263046,11.015113284708892,19.670212765957444,True,False
Agent_2,263,3.1556711650327163,11.379026916933547,1223.1024072990378,1530.6122231812599,49.574884044300546,11.015199508439691,20.97872340425532,True,False
Agent_2,264,3.1556711650327163,11.379026916933547,1222.8980424578654,1530.7046652466713,49.57488492448315,11.015196717679146,20.9468085106383,True,False
Agent_2,265,3.1556711650327163,11.379026916933547,1221.2292089028615,1525.0222405804086,49.574834246150864,11.01517154496839,21.75531914893617,True,False
Agent_2,266,3.1556711650327163,11.379026916933547,1220.9969287345084,1525.7825731446496,49.57484113682047,11.015168615623454,21.56382978723404,True,False
Agent_2,267,3.1556711650327163,11.379026916933547,1220.38101217486,1525.4232046498796,49.57483805470272,11.015159968595057,21.49787234042553,True,False
Agent_2,268,3.1556711650327163,11.379026916933547,1218.6007205450835,1527.2077022297053,49.57485452446543,11.015136019898758,20.96808510638298,True,False
Agent_2,269,3.1556711650327163,11.379026916933547,1215.970704358127,1533.929532692654,49.5749155812275,11.015102153268042,19.882978723404253,True,False
Agent_2,270,3.1556711650327163,11.379026916933547,1222.858954545648,1535.4424890534274,49.57492752289121,11.015197931617296,20.351063829787233,True,False
Agent_2,271,2.682320490277809,9.978295328373108,1217.8150032858848,1542.1992369671905,49.574989474765566,11.01513070941513,19.404255319148938,True,False
Agent_2,272,2.682320490277809,9.978295328373108,1223.5449098453646,1542.3891908651049,49.574989802650705,11.015209985920851,19.72340425531915,True,False
Agent_2,273,2.682320490277809,9.978295328373108,1218.3912112112052,1544.9914102386856,49.57501443528703,11.015139708329713,19.54255319148936,True,False
Agent_2,274,2.682320490277809,9.978295328373108,1218.2155569237673,1549.2029609024496,49.57505233583026,11.015138839568205,19.69148936170213,True,False
Agent_2,275,2.682320490277809,9.978295328373108,1212.9162388267634,1546.272133702184,49.57502726611116,11.015064500324556,19.627659574468083,True,False
Agent_2,276,2.682320490277809,9.978295328373108,1214.702734785386,1548.36374550808,49.57504563778859,11.01508997001799,19.76595744680851,True,False
Agent_2,277,2.682320490277809,9.978295328373108,1215.0301013322332,1548.4191661941504,49.575046057153486,11.01509451582634,19.76595744680851,True,False
Agent_2,278,2.682320490277809,9.978295328373108,1215.6929226034076,1541.4731401595263,49.57498345871175,11.015101106434916,19.404255319148938,True,False
Agent_2,279,2.682320490277809,9.978295328373108,1216.3310134008514,1543.9687006269273,49.575005738039806,11.015110850936965,19.48936170212766,True,False
Agent_2,280,2.682320490277809,9.978295328373108,1214.6967962859085,1549.026206786902,49.57505159418069,11.01509013320415,19.76595744680851,True,False
Agent_2,281,2.682320490277809,9.978295328373108,1213.318627673514,1545.5506442591798,49.57502068365416,11.015069795539674,19.648936170212767,True,False
Agent_2,282,2.682320490277809,9.978295328373108,1214.9589380343127,1544.0530724271925,49.575006826825444,11.01509191556971,19.51063829787234,True,False
Agent_2,283,2.682320490277809,9.978295328373108,1211.6754466099012,1543.7921567207502,49.57500527197029,11.01504643028748,19.563829787234045,True,False
Agent_2,284,2.682320490277809,9.978295328373108,1211.83945056694,1546.1195700763762,49.57502615394721,11.015049559067853,19.638297872340427,True,False
Agent_2,285,2.682320490277809,9.978295328373108,1218.9843743496479,1549.8194786739323,49.57505769268689,11.015149695442027,19.69148936170213,True,False
Agent_2,286,2.2799724167361375,8.787673478096734,1216.0060980477585,1556.2648973248708,49.575116348597305,11.015110912238612,19.861702127659576,True,False
Agent_2,287,2.2799724167361375,8.787673478096734,1213.882106106799,1563.461731086229,49.57518155339219,11.015084216223064,19.70212765957447,True,False
Agent_2,288,2.2799724167361375,8.787673478096734,1215.9790590175483,1559.8983369474388,49.57514901663222,11.015111883766092,19.824468085106382,True,False
Agent_2,289,2.2799724167361375,8.787673478096734,1217.8921834896557,1565.3753129522722,49.575197789346106,11.015140357436914,19.872340425531913,True,False
Agent_2,290,2.2799724167361375,8.787673478096734,1219.9380647096084,1560.8782764540042,49.575156872221584,11.015166973274527,19.861702127659576,True,False
Agent_2,291,2.2799724167361375,8.787673478096734,1220.9326910606617,1561.1442516880616,49.575159023626405,11.015180820814116,19.882978723404253,True,False
Agent_2,292,2.2799724167361375,8.787673478096734,1216.629335483817,1567.4960207401557,49.57521715676256,11.01512368585329,19.77659574468085,True,False
Agent_2,293,2.2799724167361375,8.787673478096734,1211.6282273395666,1563.5242130234478,49.57518265771131,11.015053083207533,19.54255319148936,True,False
Agent_2,294,2.2799724167361375,8.787673478096734,1211.9583778186966,1560.3703843642186,49.57515422799072,11.015056479303468,19.627659574468083,True,False
Agent_2,295,2.2799724167361375,8.787673478096734,1213.7356199270748,1561.442232330924,49.57516343508912,11.015081443575367,19.74468085106383,True,False
Agent_2,296,2.2799724167361375,8.787673478096734,1216.4736214915163,1559.55340113543,49.5751457968763,11.015118592555647,19.893617021276597,True,False
Agent_2,297,2.2799724167361375,8.787673478096734,1216.094918180257,1558.759473589423,49.57513875132588,11.015113063656699,19.904255319148938,True,False
Agent_2,298,2.2799724167361375,8.787673478096734,1217.8724645654547,1553.563994596674,49.57509162041313,11.01513571160338,19.893617021276597,True,False
Agent_2,299,2.2799724167361375,8.787673478096734,1217.3326344777715,1559.4948687580763,49.57514506389247,11.015130445309287,19.893617021276597,True,False
Agent_2,300,2.2799724167361375,8.787673478096734,1213.7738533947797,1561.1452380808566,49.57516075615856,11.015081862127737,19.72340425531915,True,False
Agent_2,301,1.9379765542257168,7.7756449053618155,1215.1177603401459,1561.575463875623,49.57516429994964,11.015100598704247,19.75531914893617,True,False
Agent_2,302,1.9379765542257168,7.7756449053618155,1222.0373031276943,1563.2598115137089,49.57517777473467,11.015196873571512,19.914893617021274,True,False
Agent_2,303,1.9379765542257168,7.7756449053618155,1221.0035336986023,1567.592709057579,49.57521697270015,11.015184187755146,19.9468085106383,True,False
Agent_2,304,1.9379765542257168,7.7756449053618155,1219.8606052806667,1565.6458738991234,49.575199747506964,11.01516766780181,19.914893617021274,True,False
Agent_2,305,1.9379765542257168,7.7756449053618155,1219.6639230732103,1565.627667019572,49.575199631199546,11.015164942253131,19.9468085106383,True,False
Agent_2,306,1.9379765542257168,7.7756449053618155,1218.4443378818862,1571.6773686809704,49.57525430650669,11.015150323476243,19.79787234042553,True,False
Agent_2,307,1.9379765542257168,7.7756449053618155,1223.9060871257682,1574.5678018304066,49.575278973945565,11.01522689350015,20.127659574468083,True,False
Agent_2,308,1.9379765542257168,7.7756449053618155,1222.5350850760008,1573.4359994430167,49.575269130124795,11.015207522549703,20.03191489361702,True,False
Agent_2,309,1.9379765542257168,7.7756449053618155,1222.4711693312868,1574.3141160177252,49.57527703903342,11.015206964162184,19.98936170212766,True,False
Agent_2,310,1.9379765542257168,7.7756449053618155,1224.0289500515119,1575.1905418919525,49.57528454226355,11.015228822467133,20.095744680851062,True,False
Agent_2,311,1.9379765542257168,7.7756449053618155,1223.5055472624301,1576.1450931892468,49.575293248893274,11.015221940722187,19.97872340425532,True,False
Agent_2,312,1.9379765542257168,7.7756449053618155,1228.1595980896868,1576.545205442526,49.57529572491381,11.015286423578823,20.085106382978722,True,False
Agent_2,313,1.9379765542257168,7.7756449053618155,1222.9934375736536,1580.1521692849171,49.57532939239637,11.015216345360198,19.96808510638298,True,False
Agent_2,314,1.9379765542257168,7.7756449053618155,1216.929409379623,1579.8189546900956,49.5753278571794,11.015132396567209,19.648936170212767,True,False
Agent_2,315,1.9379765542257168,7.7756449053618155,1216.6355153835525,1582.550623458565,49.575352483314006,11.01512934538498,19.680851063829788,True,False
Agent_2,316,1.6472800710918591,6.9154206185371345,1216.8720746581307,1578.573750953313,49.575316677664624,11.015131142957287,19.638297872340427,True,False
Agent_2,317,1.6472800710918591,6.9154206185371345,1215.664590569783,1574.685143171451,49.57528201312758,11.015113011655536,19.670212765957444,True,False
Agent_2,318,1.6472800710918591,6.9154206185371345,1216.3421218012309,1578.6642665615811,49.5753176189219,11.01512385072916,19.627659574468083,True,False
Agent_2,319,1.6472800710918591,6.9154206185371345,1220.0185363715686,1583.9203723606013,49.57536398163191,11.015176617395413,19.71808510638298,True,False
Agent_2,320,1.6472800710918591,6.9154206185371345,1219.8759975312068,1584.1197305009996,49.57536580801207,11.015174720840458,19.70212765957447,True,False
Agent_2,321,1.6472800710918591,6.9154206185371345,1218.1533852505017,1584.097877607784,49.57536602634198,11.01515090039294,19.627659574468083,True,False
Agent_2,322,1.6472800710918591,6.9154206185371345,1217.1276085747736,1585.853977821919,49.575382059168014,11.015137370890534,19.659574468085104,True,False
Agent_2,323,1.6472800710918591,6.9154206185371345,1214.9046328148643,1589.2712353637967,49.575413312633806,11.015107907063445,19.638297872340427,True,False
Agent_2,324,1.6472800710918591,6.9154206185371345,1214.9142916528738,1588.1852103907784,49.57540354787001,11.01510763847282,19.670212765957444,True,False
Agent_2,325,1.6472800710918591,6.9154206185371345,1213.3461644456809,1584.3028116544024,49.57536902597601,11.015084524138379,19.670212765957444,True,False
Agent_2,326,1.6472800710918591,6.9154206185371345,1214.7405615355326,1585.3552293050793,49.575378150583084,11.015104189111216,19.638297872340427,True,False
Agent_2,327,1.6472800710918591,6.9154206185371345,1215.5037550498382,1584.6659826839498,49.575371771087724,11.015114483843123,19.659574468085104,True,False
Agent_2,328,1.6472800710918591,6.9154206185371345,1215.4459512080618,1587.7720333392774,49.57539970575151,11.015114834838283,19.670212765957444,True,False
Agent_2,329,1.6472800710918591,6.9154206185371345,1219.3665305351253,1585.2150321507008,49.57537577650884,11.01516808383019,19.680851063829788,True,False
Agent_2,330,1.6472800710918591,6.9154206185371345,1219.74146410276,1586.7163361128544,49.575389181674005,11.015173822573773,19.72340425531915,True,False
Agent_2,331,1.4001880604280803,6.184229974736156,1217.5608047795397,1584.8594393082947,49.57537301481181,11.01514299089513,19.659574468085104,True,False
Agent_2,332,1.4001880604280803,6.184229974736156,1220.5823504666082,1584.2886966441945,49.575367156797185,11.01518454760171,19.74468085106383,True,False
Agent_2,333,1.4001880604280803,6.184229974736156,1220.4261031254198,1588.1658101262792,49.57540204636051,11.01518382331456,19.74468085106383,True,False
Agent_2,334,1.4001880604280803,6.184229974736156,1220.2697224266574,1588.1296838091614,49.575401759269326,11.015181648223743,19.74468085106383,True,False
Agent_2,335,1.4001880604280803,6.184229974736156,1220.2697224266574,1588.1296838091614,49.575401759269326,11.015181648223743,19.74468085106383,False,False
Agent_2,336,1.4001880604280803,6.184229974736156,1220.2697224266574,1588.1296838091614,49.575401759269326,11.015181648223743,19.74468085106383,False,False
Agent_2,337,1.4001880604280803,6.184229974736156,1220.7845919958625,1590.660091801873,49.57542438150658,11.015189702416244,19.79787234042553,True,False
Agent_2,338,1.4001880604280803,6.184229974736156,1218.7842938284589,1594.5408891943441,49.57545974819698,11.015163488399123,19.71276595744681,True,False
Agent_2,339,1.4001880604280803,6.184229974736156,1221.555994782541,1599.1463880070737,49.57550048032551,11.015203508103097,19.74468085106383,True,False
Agent_2,340,1.4001880604280803,6.184229974736156,1220.3417896657838,1597.6349888327295,49.5754871864972,11.015186163985813,19.73404255319149,True,False
Agent_2,341,1.4001880604280803,6.184229974736156,1220.7658821127736,1601.0468390478313,49.575517754004444,11.015193289719116,19.680851063829788,True,False
Agent_2,342,1.4001880604280803,6.184229974736156,1220.0327261039095,1602.2000338575392,49.57552829677266,11.015183581976677,19.71276595744681,True,False
Agent_2,343,1.4001880604280803,6.184229974736156,1215.8336415547724,1606.2972262631151,49.57556613808596,11.015127053200857,19.372340425531913,True,False
Agent_2,344,1.4001880604280803,6.184229974736156,1213.082987646116,1602.0520416139323,49.57552863978078,11.015087457855236,19.5,True,False
Agent_2,345,1.4001880604280803,6.184229974736156,1212.9321352524578,1602.4609068954203,49.57553235145169,11.01508552393979,19.51063829787234,True,False
Agent_2,346,1.1901598513638683,5.562717927505324,1212.367671412907,1606.7984690745175,49.57557147834168,11.015079327103287,19.20212765957447,True,False
Agent_2,347,1.1901598513638683,5.562717927505324,1212.367671412907,1606.7984690745175,49.57557147834168,11.015079327103287,19.20212765957447,False,False
Agent_2,348,1.1901598513638683,5.562717927505324,1207.117869428093,1605.0905165456666,49.57555738927522,11.01500612433337,19.319148936170212,True,False
Agent_2,349,1.1901598513638683,5.562717927505324,1212.4115567128988,1605.8343431309415,49.575562801105605,11.015079576778117,19.26595744680851,True,False
Agent_2,350,1.1901598513638683,5.562717927505324,1213.6809465685183,1605.2407896009986,49.57555715993377,11.015096904363798,19.28723404255319,True,False
Agent_2,351,1.1901598513638683,5.562717927505324,1213.6809465685183,1605.2407896009986,49.57555715993377,11.015096904363798,19.28723404255319,False,False
Agent_2,352,1.1901598513638683,5.562717927505324,1214.0161128750026,1604.3995721680144,49.575549517408035,11.015101226051986,19.382978723404257,True,False
Agent_2,353,1.1901598513638683,5.562717927505324,1210.3638817848298,1606.6862471662107,49.57557095201096,11.015051586252438,19.22340425531915,True,False
Agent_2,354,1.1901598513638683,5.562717927505324,1211.622019760416,1607.4302219495448,49.57557733679104,11.015069253527464,19.334042553191487,True,False
Agent_2,355,1.1901598513638683,5.562717927505324,1211.622019760416,1607.4302219495448,49.57557733679104,11.015069253527464,19.334042553191487,False,False
Agent_2,356,1.1901598513638683,5.562717927505324,1211.622019760416,1607.4302219495448,49.57557733679104,11.015069253527464,19.334042553191487,False,False
Agent_2,357,1.1901598513638683,5.562717927505324,1213.5627321809602,1608.233798459315,49.57558409299273,11.015096378416018,19.138297872340427,True,False
Agent_2,358,1.1901598513638683,5.562717927505324,1213.5627321809602,1608.233798459315,49.57558409299273,11.015096378416018,19.138297872340427,False,False
Agent_2,359,1.1901598513638683,5.562717927505324,1212.6735144341558,1603.419625530656,49.575541031782606,11.01508230387851,19.56808510638298,True,False
Agent_2,360,1.1901598513638683,5.562717927505324,1211.3157231992975,1605.3379563050173,49.575558602853945,11.01506424478499,19.440425531914894,True,False
Agent_2,361,1.011635873659288,5.034432687359118,1211.324750027667,1605.3727110106195,49.57555891309574,11.015064382434911,19.440425531914894,True,False
Agent_2,362,1.011635873659288,5.034432687359118,1211.4263212530554,1603.0220013496082,49.5755377577657,11.015064916146581,19.372340425531913,True,False
Agent_2,363,1.011635873659288,5.034432687359118,1209.80155968852,1602.4559018126008,49.575533060201835,11.015042246742816,19.372340425531913,True,False
Agent_2,364,1.011635873659288,5.034432687359118,1208.4803240074184,1601.4207978129186,49.5755240736055,11.01502359947101,19.48936170212766,True,False
Agent_2,365,1.011635873659288,5.034432687359118,1205.3657011194196,1602.2111036213958,49.57553192765865,11.01498083725308,19.43617021276596,True,False
Agent_2,366,1.011635873659288,5.034432687359118,1205.9602702612062,1600.2016364394972,49.57551372111418,11.014988312269043,19.5,True,False
Agent_2,367,1.011635873659288,5.034432687359118,1206.0828293129307,1602.6973267778403,49.57553612573571,11.014990930454648,19.414893617021274,True,False
Agent_2,368,1.011635873659288,5.034432687359118,1206.1378058788932,1602.644728178933,49.57553563968303,11.01499167094637,19.425531914893618,True,False
Agent_2,369,1.011635873659288,5.034432687359118,1202.082859527823,1602.8574232413132,49.575538527882124,11.014935696350577,19.46808510638298,True,False
Agent_2,370,1.011635873659288,5.034432687359118,1202.082859527823,1602.8574232413132,49.575538527882124,11.014935696350577,19.46808510638298,False,False
Agent_2,371,1.011635873659288,5.034432687359118,1200.7787162706072,1603.3828175455587,49.57554356470351,11.014917863105975,19.54255319148936,True,False
Agent_2,372,1.011635873659288,5.034432687359118,1200.7787162706072,1603.3828175455587,49.57554356470351,11.014917863105975,19.54255319148936,False,False
Agent_2,373,1.011635873659288,5.034432687359118,1200.7787162706072,1603.3828175455587,49.57554356470351,11.014917863105975,19.54255319148936,False,False
Agent_2,374,1.011635873659288,5.034432687359118,1201.1280371978912,1603.565377659764,49.57554512166415,11.014922759514961,19.574468085106382,True,False
Agent_2,375,1.011635873659288,5.034432687359118,1201.1280371978912,1603.565377659764,49.57554512166415,11.014922759514961,19.574468085106382,False,False
Agent_3,1,50.0,150.0,451.19122770613296,956.3152212187437,49.56990693806545,11.0043176337842,0.06382978723404255,True,False
Agent_3,2,50.0,150.0,423.916903929767,1034.6094924024694,49.57061727284298,11.003969472825888,0.3404255319148936,True,True
Agent_3,3,50.0,150.0,474.4990803681179,1017.9400872575774,49.57045531525493,11.00466248819882,0.1702127659574468,True,False
Agent_3,4,50.0,150.0,325.9254606591529,1038.2963690855972,49.57067386871709,11.002616375684596,1.5,True,True
Agent_3,5,50.0,150.0,281.9355439064583,1129.2144025151529,49.571501675062514,11.002041778479601,8.308510638297872,True,True
Agent_3,6,50.0,150.0,263.7911818964059,1106.9499076053614,49.57130587429854,11.001782791522205,6.361702127659575,True,False
Agent_3,7,50.0,150.0,262.4570567939328,1181.6989324918313,49.57197812928197,11.001791840476429,2.25531914893617,True,False
Agent_3,8,50.0,150.0,188.27582346152923,1288.4224198339941,49.572955228704544,11.00080569615338,0.30851063829787234,True,False
Agent_3,9,50.0,150.0,219.831892627589,1287.819920107406,49.57294226821646,11.001241669008916,0.5638297872340425,True,False
Agent_3,10,50.0,150.0,267.1328643664652,1363.1403998436483,49.57360802893895,11.001923205471643,1.1914893617021276,True,False
Agent_3,11,50.0,150.0,339.4601964105766,1267.68510619859,49.57273265611297,11.00288786042349,4.829787234042553,True,False
Agent_3,12,50.0,150.0,334.8134176076243,1276.6039512951163,49.57281394153683,11.00282691096133,4.148936170212766,True,False
Agent_3,13,50.0,150.0,229.23742059762964,1381.8185477480101,49.57378499410069,11.001406244372472,1.351063829787234,True,False
Agent_3,14,50.0,150.0,340.6164133688213,1361.5516802117254,49.57357616649786,11.00293838447167,0.7872340425531915,True,False
Agent_3,15,50.0,150.0,414.62160434339245,1300.528096080845,49.573009897673984,11.0039388897843,7.8085106382978715,True,False
Agent_3,16,42.5,127.8061224489796,355.64006686122286,1258.96888117023,49.572650431953186,11.003108303116003,5.542553191489362,True,False
Agent_3,17,42.5,127.8061224489796,309.5591083150156,1352.616845282837,49.57350328091604,11.00250579206422,1.0,True,False
Agent_3,18,42.5,127.8061224489796,306.72162258618795,1361.2710313489818,49.5735817541875,11.00246975353155,1.0319148936170213,True,False
Agent_3,19,42.5,127.8061224489796,285.9885847145646,1349.8811992460544,49.573484328630414,11.002178970813556,1.1914893617021276,True,False
Agent_3,20,42.5,127.8061224489796,250.38981149934352,1278.3504882322618,49.57284983795594,11.001660583468185,0.20212765957446807,True,False
Agent_3,21,42.5,127.8061224489796,350.62296746340076,1311.9349242533642,49.57312775595236,11.003058445105912,4.127659574468085,True,False
Agent_3,22,42.5,127.8061224489796,260.8719193217138,1303.1133684067545,49.57306993007145,11.001814582933612,0.5638297872340425,True,False
Agent_3,23,42.5,127.8061224489796,321.28696547127157,1208.0738091683072,49.5722011456711,11.002614723620178,3.1702127659574466,True,False
Agent_3,24,42.5,127.8061224489796,377.3031317297176,1322.7177455643669,49.57321829922247,11.003431210432773,4.202127659574468,True,False
Agent_3,25,42.5,127.8061224489796,399.2251089658958,1328.675296262358,49.5732666050501,11.00373642871517,7.585106382978724,True,False
Agent_3,26,42.5,127.8061224489796,332.66369595964943,1282.6366303220952,49.57286868502658,11.002799415630124,4.308510638297872,True,False
Agent_3,27,42.5,127.8061224489796,335.80290066231305,1257.6427483004713,49.57264325835225,11.00283361123862,5.4361702127659575,True,False
Agent_3,28,42.5,127.8061224489796,339.4061426460777,1261.5117090317071,49.57267717503134,11.002884841580128,5.117021276595745,True,False
Agent_3,29,42.5,127.8061224489796,376.4150554323626,1279.5154803990379,49.572830157339666,11.003403032844545,4.4361702127659575,True,False
Agent_3,30,42.5,127.8061224489796,473.2348706427067,1309.4504506218927,49.57307606595697,11.004752376902907,9.74468085106383,True,True
Agent_3,31,36.125,108.94132653061224,474.6516400547934,1354.5954726673633,49.573481544563336,11.004788589073815,9.51063829787234,True,False
Agent_3,32,36.125,108.94132653061224,460.8545393896389,1341.112302884206,49.57336364625168,11.004592906502289,9.829787234042552,True,True
Agent_3,33,36.125,108.94132653061224,472.78268234859604,1445.0599008500428,49.574295195653654,11.004796076279142,8.851063829787234,True,False
Agent_3,34,36.125,108.94132653061224,523.7325318194164,1472.2711508594991,49.574527596547824,11.005510392004606,7.648936170212766,True,False
Agent_3,35,36.125,108.94132653061224,505.30788245024075,1561.1001380395721,49.57533051295427,11.005288432121253,0.7127659574468085,True,False
Agent_3,36,36.125,108.94132653061224,564.6043302958328,1550.2805052840902,49.5752190428453,11.006104126458947,0.0,True,False
Agent_3,37,36.125,108.94132653061224,471.49715409054636,1538.7506447807875,49.57513770888826,11.004812817577529,0.0425531914893617,True,False
Agent_3,38,36.125,108.94132653061224,460.3854453019758,1553.6065116658633,49.57527391293984,11.00466468768142,0.8404255319148936,True,False
Agent_3,39,36.125,108.94132653061224,437.4252087415125,1553.5751983121045,49.57527913056847,11.004347286153143,1.0319148936170213,True,False
Agent_3,40,36.125,108.94132653061224,467.1215954463631,1582.9777953956213,49.5755363238919,11.004768623717833,0.0,True,False
Agent_3,41,36.125,108.94132653061224,506.9043881729205,1609.8506092073944,49.57576835820586,11.005328464040197,0.010638297872340425,True,False
Agent_3,42,36.125,108.94132653061224,511.6433046348975,1632.848705926237,49.57597395720394,11.005402447242343,0.02127659574468085,True,False
Agent_3,43,36.125,108.94132653061224,510.2893301298535,1636.3370067940377,49.57600563866892,11.005385015734152,0.02127659574468085,True,False
Agent_3,44,36.125,108.94132653061224,535.58498733617,1658.388628345567,49.57619780334751,11.00574282132098,0.02127659574468085,True,False
Agent_3,45,36.125,108.94132653061224,518.8602882997603,1646.4372803282176,49.57609437826089,11.0055072197287,0.02127659574468085,True,False
Agent_3,46,30.70625,92.90625000000001,535.2390404936573,1617.731764310291,49.575832413661686,11.005723055250177,0.010638297872340425,True,False
Agent_3,47,30.70625,92.90625000000001,465.69450017455966,1568.4216531174334,49.57540581760011,11.004743534387398,0.9042553191489361,True,False
Agent_3,48,30.70625,92.90625000000001,487.03582145216484,1575.3940194278998,49.575463381251,11.005041114739676,0.8297872340425531,True,False
Agent_3,49,30.70625,92.90625000000001,502.90314908906043,1580.2769433431097,49.57550347328678,11.005262256021275,0.7872340425531915,True,False
Agent_3,50,30.70625,92.90625000000001,483.50685361884996,1525.0330587401766,49.57501152176998,11.004973779255659,0.0,True,False
Agent_3,51,30.70625,92.90625000000001,561.3010423636857,1550.2140242035052,49.575219237011346,11.006058439171134,0.0,True,False
Agent_3,52,30.70625,92.90625000000001,541.435172521039,1519.2211139223184,49.574945396918125,11.005772402473124,4.48936170212766,True,False
Agent_3,53,30.70625,92.90625000000001,544.4748367495505,1518.7857142284122,49.574940754542425,11.005814260379276,5.98936170212766,True,False
Agent_3,54,30.70625,92.90625000000001,576.6201145519827,1554.8108254262395,49.57525688652063,11.006271895866357,0.09574468085106383,True,False
Agent_3,55,30.70625,92.90625000000001,583.9210101213949,1564.4077005151344,49.57534140451569,11.006376357282754,0.031914893617021274,True,False
Agent_3,56,30.70625,92.90625000000001,648.7256514281988,1512.0444288394167,49.574855162026466,11.007252869441773,0.7765957446808511,True,False
Agent_3,57,30.70625,92.90625000000001,638.3824960966597,1490.3303093460067,49.57466245016812,11.007101884955324,1.3617021276595744,True,False
Agent_3,58,30.70625,92.90625000000001,717.5214530587724,1536.041259452857,49.575054370627754,11.00821270993064,1.925531914893617,True,False
Agent_3,59,30.70625,92.90625000000001,758.522379816052,1472.0608376056496,49.57446939943417,11.008755866561922,0.5851063829787234,True,False
Agent_3,60,30.70625,92.90625000000001,727.5613137448306,1427.368808175837,49.57407508464805,11.0083113943006,0.07446808510638298,True,False
Agent_3,61,26.1003125,79.2764349489796,751.9661002850571,1492.1370665697834,49.57465144188994,11.008672647204088,3.2446808510638294,True,False
Agent_3,62,26.1003125,79.2764349489796,787.9424109486317,1533.0354869356745,49.57501044975293,11.009185054771043,3.361702127659574,True,False
Agent_3,63,26.1003125,79.2764349489796,778.2150587477381,1508.0816966855384,49.57478847071423,11.009041378802333,5.6063829787234045,True,False
Agent_3,64,26.1003125,79.2764349489796,778.2150587477381,1508.0816966855384,49.57478847071423,11.009041378802333,5.6063829787234045,False,False
Agent_3,65,26.1003125,79.2764349489796,750.6471291549676,1526.7432828065976,49.57496284007442,11.008667186691513,3.4893617021276593,True,False
Agent_3,66,26.1003125,79.2764349489796,776.2199950065589,1479.9605971547448,49.57453616393871,11.009003420193768,0.9468085106382979,True,False
Agent_3,67,26.1003125,79.2764349489796,803.4156477650354,1534.0659471734834,49.5750159979839,11.009399327149588,3.9680851063829783,True,False
Agent_3,68,26.1003125,79.2764349489796,821.3787848511714,1511.7111840752723,49.57481073401466,11.009639383391367,7.670212765957447,True,False
Agent_3,69,26.1003125,79.2764349489796,808.2576974983374,1463.44782919415,49.57438003650881,11.00944018760723,1.978723404255319,True,False
Agent_3,70,26.1003125,79.2764349489796,831.7790564456136,1474.1579828232193,49.57447066424073,11.009769282138572,3.446808510638298,True,False
Agent_3,71,26.1003125,79.2764349489796,808.6572293396057,1446.0810037363874,49.57422382706296,11.009439298529594,0.9680851063829787,True,False
Agent_3,72,26.1003125,79.2764349489796,807.9069515148799,1487.802701263881,49.574599051043926,11.009444331111212,3.1914893617021276,True,False
Agent_3,73,26.1003125,79.2764349489796,807.8742350778621,1487.8477016159666,49.574599463415154,11.009443895478785,3.1914893617021276,True,False
Agent_3,74,26.1003125,79.2764349489796,807.4632505918831,1449.1357293059698,49.574251573204585,11.009423921811221,1.0638297872340425,True,False
Agent_3,75,26.1003125,79.2764349489796,834.3133720321747,1446.3363829975788,49.57421996235193,11.009794040828037,0.23404255319148937,True,False
Agent_3,76,22.185265625,67.69109215561224,838.3136311191181,1423.0711131057217,49.57400986608607,11.009840745633197,0.05319148936170213,True,False
Agent_3,77,22.185265625,67.69109215561224,860.3952870808673,1417.1932075098312,49.57395172549532,11.010143810789451,2.882978723404255,True,False
Agent_3,78,22.185265625,67.69109215561224,842.22528399118,1391.5819755984355,49.57372586526363,11.009883188377989,3.223404255319149,True,False
Agent_3,79,22.185265625,67.69109215561224,857.2935231703734,1435.1757700135101,49.5741141188865,11.01010757630434,3.308510638297872,True,False
Agent_3,80,22.185265625,67.69109215561224,848.5701682887077,1430.458050207866,49.57407380549829,11.009985250344007,0.0,True,False
Agent_3,81,22.185265625,67.69109215561224,881.7990528780449,1454.8698162114463,49.574285266100695,11.010453593046632,4.617021276595745,True,False
Agent_3,82,22.185265625,67.69109215561224,857.7428189574872,1407.4283030470392,49.57386458408984,11.010103539246348,2.5,True,False
Agent_3,83,22.185265625,67.69109215561224,894.7269480861012,1419.2210170082146,49.57396170726537,11.010619127764924,2.776595744680851,True,False
Agent_3,84,22.185265625,67.69109215561224,899.9598592583816,1425.4979923079454,49.57401687495468,11.010693781395556,3.0531914893617023,True,False
Agent_3,85,22.185265625,67.69109215561224,899.9598592583816,1425.4979923079454,49.57401687495468,11.010693781395556,3.0531914893617023,False,False
Agent_3,86,22.185265625,67.69109215561224,889.5630312423494,1472.2975701724306,49.574440062154025,11.010567353521397,7.617021276595745,True,False
Agent_3,87,22.185265625,67.69109215561224,891.5683482172454,1472.423194530046,49.57444070967893,11.010595119778294,7.8936170212765955,True,False
Agent_3,88,22.185265625,67.69109215561224,929.3553803697018,1468.919833990311,49.57440013861078,11.011116161911495,10.436170212765958,True,True
Agent_3,89,22.185265625,67.69109215561224,929.3553803697018,1468.919833990311,49.57440013861078,11.011116161911495,10.436170212765958,False,True
Agent_3,90,22.185265625,67.69109215561224,929.7220834090531,1467.9584295659265,49.57439140826632,11.011120875655942,10.404255319148936,True,False
Agent_3,91,18.85747578125,57.84355078125,929.7220834090531,1467.9584295659265,49.57439140826632,11.011120875655942,10.404255319148936,False,False
Agent_3,92,18.85747578125,57.84355078125,929.7220834090531,1467.9584295659265,49.57439140826632,11.011120875655942,10.404255319148936,False,False
Agent_3,93,18.85747578125,57.84355078125,904.919979894758,1447.613596892147,49.5742144843099,11.010770515873935,4.670212765957447,True,False
Agent_3,94,18.85747578125,57.84355078125,896.0147349283759,1449.879851656956,49.57423699548959,11.01064825488624,4.787234042553192,True,False
Agent_3,95,18.85747578125,57.84355078125,900.0403684148272,1449.1576083260059,49.57422953600463,11.010703634870996,4.75531914893617,True,False
Agent_3,96,18.85747578125,57.84355078125,919.670433490007,1436.3805497920055,49.57410996453866,11.010970262602592,3.0531914893617023,True,False
Agent_3,97,18.85747578125,57.84355078125,867.2419063192041,1430.0621942207151,49.57406576266133,11.010243204987031,3.7021276595744683,True,False
Agent_3,98,18.85747578125,57.84355078125,894.3857888458075,1430.3527942872718,49.5740618547059,11.010618524143805,4.074468085106383,True,False
Agent_3,99,18.85747578125,57.84355078125,892.2812310023054,1414.1440509767674,49.57391665706549,11.010583445049187,2.8085106382978724,True,False
Agent_3,100,18.85747578125,57.84355078125,893.4992676550936,1413.2388518192517,49.57390822746609,11.010599947614402,2.851063829787234,True,False
Agent_3,101,18.85747578125,57.84355078125,935.0302682239253,1394.903143583022,49.573733426276476,11.01116725624813,0.18085106382978725,True,False
Agent_3,102,18.85747578125,57.84355078125,904.4288335548115,1431.997705669722,49.574074228359216,11.01075795753026,4.170212765957447,True,False
Agent_3,103,18.85747578125,57.84355078125,850.9022233867507,1436.7101995462892,49.574129447115084,11.010019795475793,3.148936170212766,True,False
Agent_3,104,18.85747578125,57.84355078125,850.8966660340307,1437.3430563521567,49.574135137311686,11.010019952373947,3.2021276595744683,True,False
Agent_3,105,18.85747578125,57.84355078125,848.5338221264627,1439.4656134256004,49.57415478481045,11.009988074419923,3.1595744680851063,True,False
Agent_3,106,16.028854414062497,49.473140613042084,876.8248095724119,1442.7781921677563,49.574177767232136,11.010380367082604,4.0638297872340425,True,False
Agent_3,107,16.028854414062497,49.473140613042084,876.8248095724119,1442.7781921677563,49.574177767232136,11.010380367082604,4.0638297872340425,False,False
Agent_3,108,16.028854414062497,49.473140613042084,900.8880061041966,1429.7931593016856,49.574055261976945,11.01070819798971,4.138297872340425,True,False
Agent_3,109,16.028854414062497,49.473140613042084,904.8197844107441,1431.7228316165522,49.57407166354334,11.010763260121722,4.170212765957447,True,False
Agent_3,110,16.028854414062497,49.473140613042084,865.5319047067937,1436.153181720499,49.574120926338026,11.01022181717064,3.74468085106383,True,False
Agent_3,111,16.028854414062497,49.473140613042084,850.9026016376263,1459.833966320562,49.57433731065609,11.0100283405038,3.9361702127659575,True,False
Agent_3,112,16.028854414062497,49.473140613042084,868.3243593095572,1438.0704330392964,49.57413749013668,11.010261125655672,3.776595744680851,True,False
Agent_3,113,16.028854414062497,49.473140613042084,893.2743971721808,1451.294250136955,49.574250368084215,11.010610897374955,4.840425531914894,True,False
Agent_3,114,16.028854414062497,49.473140613042084,899.4492795321436,1421.037315838951,49.57397689982079,11.010685075730278,2.776595744680851,True,False
Agent_3,115,16.028854414062497,49.473140613042084,899.1429144317561,1423.7323322151315,49.57400119939204,11.010681836440623,2.8617021276595747,True,False
Agent_3,116,16.028854414062497,49.473140613042084,909.9726653696414,1414.3230143855676,49.57391401558183,11.010828060333365,3.0319148936170213,True,False
Agent_3,117,16.028854414062497,49.473140613042084,905.7818523032689,1415.3970010133946,49.57392467668775,11.010770527391688,3.0106382978723407,True,False
Agent_3,118,16.028854414062497,49.473140613042084,905.7818523032689,1415.3970010133946,49.57392467668775,11.010770527391688,3.0106382978723407,False,False
Agent_3,119,16.028854414062497,49.473140613042084,913.9723663763923,1439.081864153332,49.5741356161884,11.010892495809834,3.8191489361702127,True,False
Agent_3,120,16.028854414062497,49.473140613042084,905.3256299375848,1409.203970614247,49.573869116070384,11.010761933065753,3.1808510638297873,True,False
Agent_3,121,13.624526251953123,42.35829197006536,899.460636387673,1403.5931974226894,49.573820088878996,11.010678788426869,3.436170212765957,True,False
Agent_3,122,13.624526251953123,42.35829197006536,914.1218514556655,1387.170226617721,49.573668937595194,11.010875382771944,11.02127659574468,True,True
Agent_3,123,13.624526251953123,42.35829197006536,888.9881173954733,1388.4970131385837,49.57368690244376,11.010528450327902,4.840425531914894,True,False
Agent_3,124,13.624526251953123,42.35829197006536,925.2629133424117,1387.2193633141399,49.573666702429506,11.01102940332053,2.553191489361702,True,False
Agent_3,125,13.624526251953123,42.35829197006536,915.2138373944248,1383.3623597525705,49.57363444565826,11.010889070391638,11.340425531914894,True,True
Agent_3,126,13.624526251953123,42.35829197006536,915.2138373944248,1383.3623597525705,49.57363444565826,11.010889070391638,11.340425531914894,False,True
Agent_3,127,13.624526251953123,42.35829197006536,915.2138373944248,1383.3623597525705,49.57363444565826,11.010889070391638,11.340425531914894,False,True
Agent_3,128,13.624526251953123,42.35829197006536,915.2138373944248,1383.3623597525705,49.57363444565826,11.010889070391638,11.340425531914894,False,True
Agent_3,129,13.624526251953123,42.35829197006536,915.2138373944248,1383.3623597525705,49.57363444565826,11.010889070391638,11.340425531914894,False,True
Agent_3,130,13.624526251953123,42.35829197006536,954.4186957206628,1395.7835630334052,49.573736681245215,11.011435587261271,0.0,True,False
Agent_3,131,13.624526251953123,42.35829197006536,983.9538362186294,1368.120591925601,49.573480915309894,11.011833625385481,26.382978723404253,True,True
Agent_3,132,13.624526251953123,42.35829197006536,965.6304926578586,1334.5762576650363,49.573183783783215,11.011567946352368,23.45744680851064,True,False
Agent_3,133,13.624526251953123,42.35829197006536,965.6304926578586,1334.5762576650363,49.573183783783215,11.011567946352368,23.45744680851064,False,False
Agent_3,134,13.624526251953123,42.35829197006536,969.2744517342404,1339.717872125145,49.57322912682155,11.011620216393725,24.73404255319149,True,False
Agent_3,135,13.624526251953123,42.35829197006536,965.9451707483594,1333.2974026837458,49.573172212307874,11.011571823450945,23.22340425531915,True,False
Agent_3,136,11.580847314160154,36.31067062353515,963.0608793711885,1331.866569718061,49.57316004351704,11.011531425645144,22.372340425531913,True,False
Agent_3,137,11.580847314160154,36.31067062353515,963.0925337452225,1331.6663916161472,49.57315823647425,11.011531789217361,22.351063829787236,True,False
Agent_3,138,11.580847314160154,36.31067062353515,949.5591258994746,1344.5052934269459,49.57327689999556,11.011349463993696,25.117021276595747,True,False
Agent_3,139,11.580847314160154,36.31067062353515,949.5591258994746,1344.5052934269459,49.57327689999556,11.011349463993696,25.117021276595747,False,False
Agent_3,140,11.580847314160154,36.31067062353515,941.0633878963697,1350.1613253087967,49.57332978464096,11.011234118758797,24.606382978723403,True,False
Agent_3,141,11.580847314160154,36.31067062353515,936.2649768639182,1351.024035568803,49.573338692743306,11.01116810978499,24.46808510638298,True,False
Agent_3,142,11.580847314160154,36.31067062353515,936.1496589467174,1353.5634213587682,49.57336154742935,11.01116745408164,24.414893617021278,True,False
Agent_3,143,11.580847314160154,36.31067062353515,940.1315096210441,1383.5364452371869,49.5736300232503,11.0112335702961,1.0319148936170213,True,False
Agent_3,144,11.580847314160154,36.31067062353515,911.0036765644622,1382.1259617209503,49.57362434299064,11.010830416779408,11.52127659574468,True,False
Agent_3,145,11.580847314160154,36.31067062353515,904.1854525306242,1368.9818627062289,49.573507826472756,11.010731313025673,14.702127659574469,True,False
Agent_3,146,11.580847314160154,36.31067062353515,904.1854525306242,1368.9818627062289,49.573507826472756,11.010731313025673,14.702127659574469,False,False
Agent_3,147,11.580847314160154,36.31067062353515,934.4273245524583,1351.8173767333578,49.57334626579895,11.01114300131544,24.45744680851064,True,False
Agent_3,148,11.580847314160154,36.31067062353515,913.1032064463448,1340.6741070554513,49.573251220643876,11.010844124076051,23.28723404255319,True,False
Agent_3,149,11.580847314160154,36.31067062353515,922.2170907829269,1342.403539804656,49.57326457708348,11.010970742787427,24.06382978723404,True,False
Agent_3,150,11.580847314160154,36.31067062353515,949.6795115606612,1362.8761106321274,49.57344200948224,11.011357916840591,25.744680851063826,True,False
Agent_3,151,9.84372021703613,31.170192478984468,949.5209013790837,1362.495365604921,49.57343862501694,11.01135558368841,25.585106382978722,True,False
Agent_3,152,9.84372021703613,31.170192478984468,959.1942355550487,1365.2710700842858,49.57346125154866,11.011490322890381,25.78723404255319,True,False
Agent_3,153,9.84372021703613,31.170192478984468,959.1942355550487,1365.2710700842858,49.57346125154866,11.011490322890381,25.78723404255319,False,False
Agent_3,154,9.84372021703613,31.170192478984468,950.2962462848412,1365.2010211686659,49.57346276028751,11.011367301053742,25.627659574468087,True,False
Agent_3,155,9.84372021703613,31.170192478984468,960.3993066217467,1360.5408650305765,49.57341844131083,11.011505232314637,26.104255319148933,True,False
Agent_3,156,9.84372021703613,31.170192478984468,960.3993066217467,1360.5408650305765,49.57341844131083,11.011505232314637,26.104255319148933,False,False
Agent_3,157,9.84372021703613,31.170192478984468,946.0023501050927,1348.4076403832112,49.573312833601385,11.011301741283045,25.255319148936174,True,False
Agent_3,158,9.84372021703613,31.170192478984468,973.7428256386279,1362.2496580670825,49.57343059487564,11.011690309731234,27.02127659574468,True,True
Agent_3,159,9.84372021703613,31.170192478984468,990.0059814940832,1347.3311438768135,49.57329258065865,11.011909598847353,25.659574468085104,True,False
Agent_3,160,9.84372021703613,31.170192478984468,996.3444848918557,1347.200926484029,49.57328988641055,11.011997166829966,25.372340425531913,True,False
Agent_3,161,9.84372021703613,31.170192478984468,981.2045449986988,1372.5498514306946,49.57352139152295,11.011797259384258,22.30851063829787,True,False
Agent_3,162,9.84372021703613,31.170192478984468,987.1335515782526,1354.5661123950208,49.57335830748436,11.011872568008458,26.29787234042553,True,False
Agent_3,163,9.84372021703613,31.170192478984468,987.5629529809817,1355.2578241661597,49.573364422178564,11.011878759246343,26.30851063829787,True,False
Agent_3,164,9.84372021703613,31.170192478984468,994.2131313143379,1360.2964783592865,49.5734081168813,11.011972546297553,25.72340425531915,True,False
Agent_3,165,9.84372021703613,31.170192478984468,994.2131313143379,1360.2964783592865,49.5734081168813,11.011972546297553,25.72340425531915,False,False
Agent_3,166,8.36716218448071,26.800786056116387,997.0420595430841,1367.5804251275104,49.57347291344148,11.012014342819091,24.52127659574468,True,False
Agent_3,167,8.36716218448071,26.800786056116387,988.6120470453209,1358.8101832384598,49.57339610274926,11.011894573823984,26.574468085106385,True,False
Agent_3,168,8.36716218448071,26.800786056116387,976.3014885945277,1342.6105801764984,49.57325344088652,11.011718419054631,24.393617021276594,True,False
Agent_3,169,8.36716218448071,26.800786056116387,965.8265732938104,1330.6268237051925,49.573148234523075,11.011569197113193,22.28723404255319,True,False
Agent_3,170,8.36716218448071,26.800786056116387,977.014887006175,1345.0274266118006,49.573274994854835,11.011729173527986,24.819148936170212,True,False
Agent_3,171,8.36716218448071,26.800786056116387,990.0756951407446,1338.7615016683076,49.57321552994624,11.011907394790711,24.20212765957447,True,False
Agent_3,172,8.36716218448071,26.800786056116387,995.7324611406345,1339.794703895086,49.57322345776014,11.011985969168393,24.925531914893618,True,False
Agent_3,173,8.36716218448071,26.800786056116387,995.7324611406345,1339.794703895086,49.57322345776014,11.011985969168393,24.925531914893618,False,False
Agent_3,174,8.36716218448071,26.800786056116387,1002.3965317228698,1359.5653313154578,49.57339957720736,11.012085394106053,24.638297872340427,True,False
Agent_3,175,8.36716218448071,26.800786056116387,1003.088633027274,1369.5064308684807,49.573488773024515,11.012098635944593,23.882978723404253,True,False
Agent_3,176,8.36716218448071,26.800786056116387,1001.164808909636,1368.8443276210899,49.57348328376446,11.01207179836377,24.02127659574468,True,False
Agent_3,177,8.36716218448071,26.800786056116387,1001.164808909636,1368.8443276210899,49.57348328376446,11.01207179836377,24.02127659574468,False,False
Agent_3,178,8.36716218448071,26.800786056116387,1001.164808909636,1368.8443276210899,49.57348328376446,11.01207179836377,24.02127659574468,False,False
Agent_3,179,8.36716218448071,26.800786056116387,1011.0651888378981,1372.1499313331299,49.573510618222,11.01220987232992,23.840425531914892,True,False
Agent_3,180,8.36716218448071,26.800786056116387,1020.3622765055039,1373.394405299291,49.57351956972974,11.01233884514374,23.74468085106383,True,False
Agent_3,181,7.1120878568086034,23.086790596678522,1039.496784396585,1369.4960665537105,49.573479926013455,11.012601898022172,23.170212765957444,True,False
Agent_3,182,7.1120878568086034,23.086790596678522,1036.0632876343748,1369.2352366218793,49.57347840700135,11.012554340735745,23.085106382978722,True,False
Agent_3,183,7.1120878568086034,23.086790596678522,1051.531913478059,1364.6354406282014,49.57343333889046,11.012766460776902,22.914893617021274,True,False
Agent_3,184,7.1120878568086034,23.086790596678522,1040.1399734532924,1379.2615264300757,49.573567554666184,11.012614399769834,24.195744680851064,True,False
Agent_3,185,7.1120878568086034,23.086790596678522,1043.4970095140682,1380.8383148299154,49.57358092140503,11.012661386855003,23.69148936170213,True,False
Agent_3,186,7.1120878568086034,23.086790596678522,1044.0358979055748,1374.15525305613,49.57352071668152,11.012666364568355,23.5,True,False
Agent_3,187,7.1120878568086034,23.086790596678522,1035.7236711505757,1361.0636187472574,49.573405032650136,11.012546624705148,22.46808510638298,True,False
Agent_3,188,7.1120878568086034,23.086790596678522,1034.3341484133673,1377.1799038285617,49.57355023870751,11.012533376654643,23.46808510638298,True,False
Agent_3,189,7.1120878568086034,23.086790596678522,1030.7885178411168,1384.1332772429362,49.57361359629097,11.012486936751024,22.117021276595743,True,False
Agent_3,190,7.1120878568086034,23.086790596678522,1037.6851922847347,1397.5841402974154,49.573732849934714,11.012587242712689,15.829787234042552,True,False
Agent_3,191,7.1120878568086034,23.086790596678522,1030.2822298804172,1388.488559559617,49.573652868377884,11.012481548742716,16.414893617021274,True,False
Agent_3,192,7.1120878568086034,23.086790596678522,1020.309274693303,1397.36856615692,49.57373509016408,11.012346976380677,14.957446808510639,True,False
Agent_3,193,7.1120878568086034,23.086790596678522,1020.3554770501976,1397.4230039833687,49.57373556840593,11.012347635161316,14.968085106382977,True,False
Agent_3,194,7.1120878568086034,23.086790596678522,1019.1232530815595,1399.1135913359765,49.573751061645545,11.012331227229478,14.861702127659573,True,False
Agent_3,195,7.1120878568086034,23.086790596678522,1013.1073188027409,1385.189439817659,49.573627341553795,11.012242921280919,15.574468085106382,True,False
Agent_3,196,6.045274678287313,19.929894456156333,1011.4742278182391,1384.5939319805655,49.573622381067295,11.012220127013027,15.515957446808509,True,False
Agent_3,197,6.045274678287313,19.929894456156333,1001.1025555643514,1370.4518234471527,49.57349774877852,11.012071532092811,24.03191489361702,True,False
Agent_3,198,6.045274678287313,19.929894456156333,1000.0092068891494,1372.7054101615531,49.5735182694891,11.012057251934698,24.106382978723403,True,False
Agent_3,199,6.045274678287313,19.929894456156333,1008.0782002412368,1389.4736082467407,49.57366706175541,11.012174987951042,14.74468085106383,True,False
Agent_3,200,6.045274678287313,19.929894456156333,1007.6600205978012,1389.5635814563968,49.5736679710765,11.012169240739814,14.691489361702128,True,False
Agent_3,201,6.045274678287313,19.929894456156333,1019.9304287195647,1378.239368993631,49.57356322574057,11.012334667051345,23.882978723404253,True,False
Agent_3,202,6.045274678287313,19.929894456156333,1018.0669486442035,1359.7422659548627,49.573397400261484,11.012302069624646,22.76595744680851,True,False
Agent_3,203,6.045274678287313,19.929894456156333,1008.0419242737913,1343.5767654645024,49.573254496121315,11.01215751883227,24.9468085106383,True,False
Agent_3,204,6.045274678287313,19.929894456156333,1018.3017121042817,1341.659116040213,49.57323479138367,11.012298629122332,24.414893617021278,True,False
Agent_3,205,6.045274678287313,19.929894456156333,1003.1725906493313,1341.5464519929835,49.57323741592361,11.012089460314236,24.882978723404257,True,False
Agent_3,206,6.045274678287313,19.929894456156333,995.3119112744714,1335.3718820559282,49.57318380136915,11.011978521069377,24.361702127659573,True,False
Agent_3,207,6.045274678287313,19.929894456156333,996.9476585814914,1350.0283657162886,49.573315157736026,11.012006549594485,25.414893617021278,True,False
Agent_3,208,6.045274678287313,19.929894456156333,995.6461600402106,1350.3832396821053,49.57331866062959,11.01198869036189,25.595744680851062,True,False
Agent_3,209,6.045274678287313,19.929894456156333,1000.3130937945718,1344.840916228598,49.57326771784267,11.012051151850116,24.95744680851064,True,False
Agent_3,210,6.045274678287313,19.929894456156333,1000.0470475329026,1354.6191901789148,49.57335568033998,11.012051089054518,25.28723404255319,True,False
Agent_3,211,5.1384834765442156,17.246532736712474,1001.3637884503457,1360.888042068247,49.57341171555038,11.012071607601765,24.691489361702125,True,False
Agent_3,212,5.1384834765442156,17.246532736712474,995.8242873538975,1366.8824684230644,49.57346693213851,11.01199725167991,24.727659574468085,True,False
Agent_3,213,5.1384834765442156,17.246532736712474,1000.3535377901327,1365.7172805203984,49.57345536924762,11.012059428267158,24.436170212765955,True,False
Agent_3,214,5.1384834765442156,17.246532736712474,1000.3535377901327,1365.7172805203984,49.57345536924762,11.012059428267158,24.436170212765955,False,False
Agent_3,215,5.1384834765442156,17.246532736712474,995.9173009186117,1359.4732813179514,49.57340030735586,11.011995798514093,25.30851063829787,True,False
Agent_3,216,5.1384834765442156,17.246532736712474,987.804667128905,1352.0625832426301,49.57333564151756,11.011880919345222,26.04255319148936,True,False
Agent_3,217,5.1384834765442156,17.246532736712474,991.7689803112586,1353.9236983798824,49.57335141844001,11.011936405419474,26.106382978723403,True,False
Agent_3,218,5.1384834765442156,17.246532736712474,987.568045459926,1364.3381283431647,49.573446045334435,11.011882186068643,26.414893617021278,True,False
Agent_3,219,5.1384834765442156,17.246532736712474,988.1356124234763,1365.283459463101,49.573454406642384,11.011890380914005,26.265957446808514,True,False
Agent_3,220,5.1384834765442156,17.246532736712474,988.4719147048723,1365.6903934473482,49.57345798379937,11.01189518000207,26.22340425531915,True,False
Agent_3,221,5.1384834765442156,17.246532736712474,971.7332663480607,1365.190197337152,49.57345751088967,11.01166361865148,26.489361702127663,True,False
Agent_3,222,5.1384834765442156,17.246532736712474,967.7251308029737,1355.2927492861352,49.57336950441056,11.011604556655747,26.829787234042552,True,False
Agent_3,223,5.1384834765442156,17.246532736712474,972.3883731574227,1358.8679705214988,49.573400521865366,11.01167033742286,27.159574468085108,True,True
Agent_3,224,5.1384834765442156,17.246532736712474,973.7416940846974,1359.988884050715,49.573410272667786,11.01168945849957,27.148936170212767,True,False
Agent_3,225,5.1384834765442156,17.246532736712474,973.3626402022652,1356.0025447466376,49.57337452989777,11.011682745525421,26.819148936170212,True,False
Agent_3,226,4.3677109550625834,14.965675275185195,969.5109810579617,1359.9882290272217,49.57341128364728,11.011630977635392,26.891489361702124,True,False
Agent_3,227,4.3677109550625834,14.965675275185195,962.7687840724324,1366.0520198692288,49.573467412544225,11.011540022107479,25.648936170212767,True,False
Agent_3,228,4.3677109550625834,14.965675275185195,962.7687840724324,1366.0520198692288,49.573467412544225,11.011540022107479,25.648936170212767,False,False
Agent_3,229,4.3677109550625834,14.965675275185195,948.5774333948152,1365.8112753321348,49.5734686590273,11.011343767600033,25.106382978723403,True,False
Agent_3,230,4.3677109550625834,14.965675275185195,934.3314325936461,1362.388376788678,49.57344131337987,11.011145581830155,24.351063829787233,True,False
Agent_3,231,4.3677109550625834,14.965675275185195,940.8216122525037,1362.6696172135892,49.573442281922944,11.011235398784086,25.01063829787234,True,False
Agent_3,232,4.3677109550625834,14.965675275185195,938.9593874582503,1363.5811022343646,49.57345092291378,11.011209994265988,24.829787234042552,True,False
Agent_3,233,4.3677109550625834,14.965675275185195,953.7978063375301,1364.9016818096839,49.57345922797374,11.011415592121557,25.755319148936167,True,False
Agent_3,234,4.3677109550625834,14.965675275185195,958.4244335378821,1358.1584394941046,49.57339749991045,11.011477053421537,26.01063829787234,True,False
Agent_3,235,4.3677109550625834,14.965675275185195,961.3680996282349,1346.3176116398968,49.573290353230604,11.011513367323742,24.882978723404257,True,False
Agent_3,236,4.3677109550625834,14.965675275185195,966.5194121023858,1344.1017616474364,49.57326919651217,11.011583754167575,24.680851063829788,True,False
Agent_3,237,4.3677109550625834,14.965675275185195,965.8329349937712,1339.9549096710982,49.57323208474528,11.011572732512683,24.72340425531915,True,False
Agent_3,238,4.3677109550625834,14.965675275185195,958.6717055785853,1337.8595637061567,49.57321497042949,11.011472969718069,24.404255319148938,True,False
Agent_3,239,4.3677109550625834,14.965675275185195,958.6717055785853,1337.8595637061567,49.57321497042949,11.011472969718069,24.404255319148938,False,False
Agent_3,240,4.3677109550625834,14.965675275185195,957.4563462934858,1338.5146334599813,49.57322115105018,11.011456412108705,24.46808510638298,True,False
Agent_3,241,3.7125543118031956,13.026946432887009,949.0099668630372,1342.537108072885,49.573259339611965,11.01134114573699,24.78723404255319,True,False
Agent_3,242,3.7125543118031956,13.026946432887009,953.8088989392807,1342.8774052012016,49.573261245326265,11.011407606342928,24.98936170212766,True,False
Agent_3,243,3.7125543118031956,13.026946432887009,959.1073197565688,1350.4614077740814,49.57332814586204,11.011483648315885,25.18085106382979,True,False
Agent_3,244,3.7125543118031956,13.026946432887009,958.6959498874709,1350.8851591937803,49.57333205390109,11.0114781186132,25.170212765957444,True,False
Agent_3,245,3.7125543118031956,13.026946432887009,956.8036448998389,1347.0262688422297,49.57329782045556,11.011450535469036,24.829787234042552,True,False
Agent_3,246,3.7125543118031956,13.026946432887009,961.209896629424,1347.3151857381729,49.573299358615806,11.011511549181158,25.053191489361705,True,False
Agent_3,247,3.7125543118031956,13.026946432887009,950.286053512204,1351.7974130180942,49.57334227541298,11.011362206941264,24.9468085106383,True,False
Agent_3,248,3.7125543118031956,13.026946432887009,953.3619031986675,1357.1508523919108,49.573389659203905,11.011406702345372,25.319148936170212,True,False
Agent_3,249,3.7125543118031956,13.026946432887009,953.3291997454992,1356.984350546071,49.5733881703498,11.01140618875877,25.26489361702128,True,False
Agent_3,250,3.7125543118031956,13.026946432887009,953.3291997454992,1356.984350546071,49.5733881703498,11.01140618875877,25.26489361702128,False,False
Agent_3,251,3.7125543118031956,13.026946432887009,947.5403529078776,1355.5035838915633,49.57337625065207,11.011325623070363,24.414893617021278,True,False
Agent_3,252,3.7125543118031956,13.026946432887009,942.6355361891555,1350.0676433805568,49.57332856472477,11.011255815721787,24.638297872340427,True,False
Agent_3,253,3.7125543118031956,13.026946432887009,941.8722273608147,1353.6253883400955,49.57336072933135,11.011246579275396,24.659574468085108,True,False
Agent_3,254,3.7125543118031956,13.026946432887009,936.4291520964633,1353.5403386919304,49.5733612727745,11.011171308948882,24.436170212765955,True,False
Agent_3,255,3.7125543118031956,13.026946432887009,936.4651150492626,1361.2323877502918,49.57343040928437,11.01117464833706,24.48936170212766,True,False
Agent_3,256,3.1556711650327163,11.379026916933547,936.4795734243812,1351.3848060178987,49.57334188420449,11.011171209430511,24.47872340425532,True,False
Agent_3,257,3.1556711650327163,11.379026916933547,941.496202689582,1359.5245271965612,49.57341384806284,11.01124356139292,24.617021276595743,True,False
Agent_3,258,3.1556711650327163,11.379026916933547,948.0894799754972,1358.8608099776554,49.57340629736869,11.011334454204187,24.97872340425532,True,False
Agent_3,259,3.1556711650327163,11.379026916933547,942.7174749151104,1360.6823941350735,49.57342396284945,11.011260870753395,24.93617021276596,True,False
Agent_3,260,3.1556711650327163,11.379026916933547,949.6464190850166,1352.8695925961442,49.57335206713384,11.01135376157877,24.9468085106383,True,False
Agent_3,261,3.1556711650327163,11.379026916933547,950.9616784497249,1353.8529613749527,49.57336059072336,11.011372305625972,24.54255319148936,True,False
Agent_3,262,3.1556711650327163,11.379026916933547,950.1420855090724,1353.222253426034,49.5733551181451,11.011360743430497,24.97872340425532,True,False
Agent_3,263,3.1556711650327163,11.379026916933547,950.4576307781888,1353.073311869188,49.57335370345277,11.011365050129166,24.93617021276596,True,False
Agent_3,264,3.1556711650327163,11.379026916933547,940.6613645561702,1357.0844412147478,49.57339211432555,11.011231119866325,24.127659574468087,True,False
Agent_3,265,3.1556711650327163,11.379026916933547,940.6234036072838,1357.0843266659256,49.573392122417964,11.011230595094567,24.117021276595747,True,False
Agent_3,266,3.1556711650327163,11.379026916933547,940.9596501126974,1351.8090450832883,49.57334462120538,11.011233293669457,24.53191489361702,True,False
Agent_3,267,3.1556711650327163,11.379026916933547,941.0825087159891,1352.0246876511474,49.57334653013021,11.011235071610917,24.56382978723404,True,False
Agent_3,268,3.1556711650327163,11.379026916933547,947.412074593729,1346.7344568143726,49.573297454294384,11.01132060939627,25.0,True,False
Agent_3,269,3.1556711650327163,11.379026916933547,939.9148382704785,1345.317039257994,49.573286514519516,11.011216452483266,24.872340425531913,True,False
Agent_3,270,3.1556711650327163,11.379026916933547,946.1477589654133,1339.4609648453334,49.57323237545797,11.011300445178593,23.819148936170212,True,False
Agent_3,271,2.682320490277809,9.978295328373108,941.919362748894,1347.8283820205788,49.573308607719724,11.01124508870571,25.19148936170213,True,False
Agent_3,272,2.682320490277809,9.978295328373108,944.5925949372782,1346.1377141807338,49.573292767622895,11.01128141564709,25.031914893617017,True,False
Agent_3,273,2.682320490277809,9.978295328373108,938.3492735714776,1348.0947726626073,49.573311860246406,11.011195838328918,25.095744680851062,True,False
Agent_3,274,2.682320490277809,9.978295328373108,945.5414407050303,1344.69031113928,49.573279528652755,11.011293996538193,24.72340425531915,True,False
Agent_3,275,2.682320490277809,9.978295328373108,945.5414407050303,1344.69031113928,49.573279528652755,11.011293996538193,24.72340425531915,False,False
Agent_3,276,2.682320490277809,9.978295328373108,945.655495824809,1345.85880117702,49.573290005001496,11.011296004895655,24.9468085106383,True,False
Agent_3,277,2.682320490277809,9.978295328373108,942.0060601912328,1344.7629085090623,49.57328103081825,11.011245154356393,24.78723404255319,True,False
Agent_3,278,2.682320490277809,9.978295328373108,942.1807251658009,1345.2332981974357,49.57328521725926,11.011247742541611,24.840425531914896,True,False
Agent_3,279,2.682320490277809,9.978295328373108,938.2120223274477,1341.8278229985617,49.57325555853907,11.011191625421095,23.9468085106383,True,False
Agent_3,280,2.682320490277809,9.978295328373108,937.2156184937814,1346.0792733026556,49.57329401498978,11.011179423238268,25.0,True,False
Agent_3,281,2.682320490277809,9.978295328373108,938.5978373628644,1346.3960486725105,49.57329653039497,11.011198646490588,25.031914893617017,True,False
Agent_3,282,2.682320490277809,9.978295328373108,931.2955699586623,1344.607579107467,49.57328220821112,11.011097047527683,24.80851063829787,True,False
Agent_3,283,2.682320490277809,9.978295328373108,931.2955699586623,1344.607579107467,49.57328220821112,11.011097047527683,24.80851063829787,False,False
Agent_3,284,2.682320490277809,9.978295328373108,931.2955699586623,1344.607579107467,49.57328220821112,11.011097047527683,24.80851063829787,False,False
Agent_3,285,2.682320490277809,9.978295328373108,931.2955699586623,1344.607579107467,49.57328220821112,11.011097047527683,24.80851063829787,False,False
Agent_3,286,2.2799724167361375,8.787673478096734,934.8364991980012,1341.8453799505633,49.57325652748091,11.011144972603836,23.893617021276594,True,False
Agent_3,287,2.2799724167361375,8.787673478096734,926.9884790376703,1338.56478115832,49.57322892337381,11.01103527857551,22.925531914893618,True,False
Agent_3,288,2.2799724167361375,8.787673478096734,925.049540137002,1342.1699569531525,49.573261796805134,11.011009808979429,24.0531914893617,True,False
Agent_3,289,2.2799724167361375,8.787673478096734,926.620270179979,1346.1599397672092,49.573297286040535,11.011032995151574,25.06382978723404,True,False
Agent_3,290,2.2799724167361375,8.787673478096734,927.9248286735863,1346.6268766202716,49.573301169957944,11.011051200393048,25.02127659574468,True,False
Agent_3,291,2.2799724167361375,8.787673478096734,924.8107965682312,1347.1867627878144,49.57330695110504,11.011008362457456,25.06382978723404,True,False
Agent_3,292,2.2799724167361375,8.787673478096734,924.8107965682312,1347.1867627878144,49.57330695110504,11.011008362457456,25.06382978723404,False,False
Agent_3,293,2.2799724167361375,8.787673478096734,923.7856336401296,1348.8611154317252,49.573322248471385,11.010994810412301,25.170212765957444,True,False
Agent_3,294,2.2799724167361375,8.787673478096734,924.4039086562115,1352.9014184642629,49.57335841889849,11.011004849536928,25.404255319148938,True,False
Agent_3,295,2.2799724167361375,8.787673478096734,918.2464839792485,1350.9610081940466,49.57334245565961,11.010919019365296,25.30851063829787,True,False
Agent_3,296,2.2799724167361375,8.787673478096734,925.5799352043728,1354.914621772065,49.57337623335974,11.011021849434007,24.80851063829787,True,False
Agent_3,297,2.2799724167361375,8.787673478096734,925.866151561116,1354.8787123910577,49.57337584179273,11.011025792498163,24.77659574468085,True,False
Agent_3,298,2.2799724167361375,8.787673478096734,923.3906946403664,1353.0695119432482,49.57336017336927,11.010990906120606,25.425531914893618,True,False
Agent_3,299,2.2799724167361375,8.787673478096734,927.075580878746,1349.603644111038,49.573328132692495,11.011040561232567,25.29787234042553,True,False
Agent_3,300,2.2799724167361375,8.787673478096734,925.6991165611951,1357.373270184966,49.57339830593852,11.011024405286294,24.73404255319149,True,False
Agent_3,301,1.9379765542257168,7.7756449053618155,933.3304884629043,1357.505557459197,49.573397661394786,11.011129941683848,24.585106382978726,True,False
Agent_3,302,1.9379765542257168,7.7756449053618155,929.0739498054126,1360.4046773550017,49.57342474487373,11.011072175268012,24.159574468085108,True,False
Agent_3,303,1.9379765542257168,7.7756449053618155,927.5552298766925,1358.2578629027623,49.57340581170962,11.011050388958445,24.72340425531915,True,False
Agent_3,304,1.9379765542257168,7.7756449053618155,926.9492139253939,1356.472747332296,49.573389910611255,11.0110413525005,24.73404255319149,True,False
Agent_3,305,1.9379765542257168,7.7756449053618155,927.7847411016006,1357.4301497107995,49.57339831610567,11.011053255635668,24.73404255319149,True,False
Agent_3,306,1.9379765542257168,7.7756449053618155,925.9752127327848,1358.6168484271923,49.57340941833832,11.011028681209709,24.670212765957448,True,False
Agent_3,307,1.9379765542257168,7.7756449053618155,925.9597960919458,1358.6321308472936,49.57340955941892,11.011028473753894,24.670212765957448,True,False
Agent_3,308,1.9379765542257168,7.7756449053618155,932.7111962170993,1356.6499017238812,49.57339011856763,11.011121065119495,24.54255319148936,True,False
Agent_3,309,1.9379765542257168,7.7756449053618155,933.2050188652591,1356.939280663246,49.57339260118428,11.01112799809368,24.574468085106382,True,False
Agent_3,310,1.9379765542257168,7.7756449053618155,933.2050188652591,1356.939280663246,49.57339260118428,11.01112799809368,24.574468085106382,False,False
Agent_3,311,1.9379765542257168,7.7756449053618155,930.2457872813859,1351.2814437886477,49.5733424529796,11.011085002477238,24.97872340425532,True,False
Agent_3,312,1.9379765542257168,7.7756449053618155,930.4816486995276,1350.8117083543232,49.57333817377282,11.011088089193462,25.01063829787234,True,False
Agent_3,313,1.9379765542257168,7.7756449053618155,926.9193438981105,1345.3816684076044,49.57329021816373,11.011036841645197,25.042553191489365,True,False
Agent_3,314,1.9379765542257168,7.7756449053618155,925.9065181408553,1346.5717634374032,49.573301159493504,11.011023281225045,25.106382978723403,True,False
Agent_3,315,1.9379765542257168,7.7756449053618155,920.8270601938779,1343.945340991724,49.57327877058386,11.01095209825924,24.30851063829787,True,False
Agent_3,316,1.6472800710918591,6.9154206185371345,920.9597368061721,1344.2967893712462,49.57328189793622,11.010954062075932,24.319148936170212,True,False
Agent_3,317,1.6472800710918591,6.9154206185371345,920.5141899818256,1344.5597484817536,49.57328436877214,11.010948000505248,24.297872340425535,True,False
Agent_3,318,1.6472800710918591,6.9154206185371345,921.5731391790788,1339.8609769321808,49.57324187626755,11.010960902152156,23.06382978723404,True,False
Agent_3,319,1.6472800710918591,6.9154206185371345,922.8108792539289,1336.7914888821101,49.57321398671499,11.010976877143383,22.77659574468085,True,False
Agent_3,320,1.6472800710918591,6.9154206185371345,923.1320051861161,1336.1695340049912,49.573208318697354,11.010981086217223,22.76595744680851,True,False
Agent_3,321,1.6472800710918591,6.9154206185371345,923.1320051861161,1336.1695340049912,49.573208318697354,11.010981086217223,22.76595744680851,False,False
Agent_3,322,1.6472800710918591,6.9154206185371345,920.1085909086466,1339.344813218489,49.57323758826704,11.010940467240063,23.06382978723404,True,False
Agent_3,323,1.6472800710918591,6.9154206185371345,917.5695356804912,1343.829386634767,49.573278510922385,11.010907027162046,24.170212765957448,True,False
Agent_3,324,1.6472800710918591,6.9154206185371345,916.4066076580046,1338.560735210164,49.573231429507224,11.010889005660477,22.925531914893618,True,False
Agent_3,325,1.6472800710918591,6.9154206185371345,921.3516839247791,1336.73561194166,49.573213835028646,11.0109566862949,22.78723404255319,True,False
Agent_3,326,1.6472800710918591,6.9154206185371345,916.6796760371091,1336.3417081267953,49.57321141667944,11.010891960409062,22.77659574468085,True,False
Agent_3,327,1.6472800710918591,6.9154206185371345,912.0762789831581,1335.169942574243,49.573201989475336,11.010827895548935,22.73404255319149,True,False
Agent_3,328,1.6472800710918591,6.9154206185371345,911.9823065902485,1333.9279888688243,49.57319084791437,11.010826137755028,22.585106382978722,True,False
Agent_3,329,1.6472800710918591,6.9154206185371345,910.2602673599463,1334.3771867941682,49.57319529955602,11.010802500265212,22.585106382978722,True,False
Agent_3,330,1.6472800710918591,6.9154206185371345,910.2926215275141,1332.8388154965264,49.57318146309517,11.010802379158802,22.45744680851064,True,False
Agent_3,331,1.4001880604280803,6.184229974736156,909.9194209964814,1333.0302807490568,49.57318327387117,11.010797291209803,22.45744680851064,True,False
Agent_3,332,1.4001880604280803,6.184229974736156,909.7801019977937,1329.833790658399,49.573154573535675,11.010794184530015,22.29787234042553,True,False
Agent_3,333,1.4001880604280803,6.184229974736156,908.9691792303634,1331.6907627374414,49.57317146100482,11.010783661325968,22.45744680851064,True,False
Agent_3,334,1.4001880604280803,6.184229974736156,909.8114717215718,1330.8326457976834,49.57316354488218,11.01079498716069,22.393617021276597,True,False
Agent_3,335,1.4001880604280803,6.184229974736156,911.5499182755495,1335.788823470131,49.573207679163325,11.010820848397485,22.77659574468085,True,False
Agent_3,336,1.4001880604280803,6.184229974736156,911.6401854374798,1335.6330656118284,49.573206257341866,11.010822038601331,22.76595744680851,True,False
Agent_3,337,1.4001880604280803,6.184229974736156,913.2338054833999,1335.1035856099309,49.573201114880035,11.010843871318878,22.638297872340427,True,False
Agent_3,338,1.4001880604280803,6.184229974736156,913.6737043876752,1335.3700575409975,49.57320340455433,11.010850050411058,22.648936170212767,True,False
Agent_3,339,1.4001880604280803,6.184229974736156,913.868575949065,1336.8701181090835,49.57321684204066,11.010853298279637,22.78723404255319,True,False
Agent_3,340,1.4001880604280803,6.184229974736156,916.9537926500701,1339.0341961678337,49.573235554062585,11.010896744229449,22.98936170212766,True,False
Agent_3,341,1.4001880604280803,6.184229974736156,911.9361782378917,1336.965211719899,49.57321816112202,11.010826622209335,22.80851063829787,True,False
Agent_3,342,1.4001880604280803,6.184229974736156,909.17389812657,1334.778806053017,49.57319917078137,11.010787631948194,22.617021276595743,True,False
Agent_3,343,1.4001880604280803,6.184229974736156,906.6793088686039,1334.9094167710691,49.573200944180755,11.010753197931292,22.638297872340427,True,False
Agent_3,344,1.4001880604280803,6.184229974736156,906.9995640134883,1334.75383402266,49.573199468680585,11.010757567285097,22.659574468085104,True,False
Agent_3,345,1.4001880604280803,6.184229974736156,907.8052841669655,1336.434971104659,49.57321438714422,11.010769325678405,22.79787234042553,True,False
Agent_3,346,1.1901598513638683,5.562717927505324,911.393977768273,1338.3841129892003,49.57323104613796,11.010819651665672,22.925531914893618,True,False
Agent_3,347,1.1901598513638683,5.562717927505324,906.4714711678373,1340.0482139089988,49.573247187657,11.010752223446428,23.180851063829788,True,False
Agent_3,348,1.1901598513638683,5.562717927505324,905.9157059655728,1337.2490252922719,49.57322215878129,11.01074350709694,22.93617021276596,True,False
Agent_3,349,1.1901598513638683,5.562717927505324,904.088022212722,1334.3392749225866,49.57319644161325,11.010717168406824,22.627659574468083,True,False
Agent_3,350,1.1901598513638683,5.562717927505324,906.7485754330542,1336.2871087922924,49.57321331185388,11.01075466435034,22.80851063829787,True,False
Agent_3,351,1.1901598513638683,5.562717927505324,908.9396173754799,1338.5338416671857,49.57323298173686,11.010785780767558,23.03191489361702,True,False
Agent_3,352,1.1901598513638683,5.562717927505324,908.8544329782699,1336.5197683594943,49.57321489734616,11.010783859209136,22.819148936170215,True,False
Agent_3,353,1.1901598513638683,5.562717927505324,909.7157399012016,1335.049165257541,49.573201470910334,11.010795221612074,22.659574468085104,True,False
Agent_3,354,1.1901598513638683,5.562717927505324,909.4422721110944,1336.1071640619423,49.573211047146536,11.010791832377574,22.79787234042553,True,False
Agent_3,355,1.1901598513638683,5.562717927505324,913.6639133016636,1337.8293432183707,49.573225513853586,11.010850823645786,22.840425531914892,True,False
Agent_3,356,1.1901598513638683,5.562717927505324,917.2486128684172,1338.4774392717711,49.573230478443996,11.01090061378279,22.904255319148938,True,False
Agent_3,357,1.1901598513638683,5.562717927505324,918.4162722245818,1339.6713880262248,49.573240930510906,11.01091719525683,23.02127659574468,True,False
Agent_3,358,1.1901598513638683,5.562717927505324,918.6156178217643,1335.9195719923484,49.57320715688953,11.010918564633707,22.79787234042553,True,False
Agent_3,359,1.1901598513638683,5.562717927505324,915.1203432613108,1338.7407323521122,49.57323335657062,11.010871292343738,22.93617021276596,True,False
Agent_3,360,1.1901598513638683,5.562717927505324,914.0325682484013,1338.04397591693,49.573227354652424,11.010855998796293,22.872340425531913,True,False
Agent_3,361,1.011635873659288,5.034432687359118,914.9955748259142,1338.7409165257104,49.573233388202894,11.01086956775857,22.93617021276596,True,False
Agent_3,362,1.011635873659288,5.034432687359118,916.015537166014,1341.6235396009763,49.57325905554699,11.010884731522227,23.414893617021278,True,False
Agent_3,363,1.011635873659288,5.034432687359118,914.0429646114578,1339.9805693470237,49.573244760529825,11.010856857974408,23.138297872340424,True,False
Agent_3,364,1.011635873659288,5.034432687359118,916.5341409805437,1335.748342444599,49.57320611777862,11.010889729481946,22.77659574468085,True,False
Agent_3,365,1.011635873659288,5.034432687359118,919.4772709623708,1334.929385567303,49.57319804890667,11.010930109278561,22.71276595744681,True,False
Agent_3,366,1.011635873659288,5.034432687359118,917.3049174876382,1335.2231884920493,49.57320121189049,11.010900189769377,22.76595744680851,True,False
Agent_3,367,1.011635873659288,5.034432687359118,917.917856003697,1334.2030261802274,49.57319189420798,11.010908285403861,22.670212765957448,True,False
Agent_3,368,1.011635873659288,5.034432687359118,917.7210391417718,1334.8059830669358,49.57319736157999,11.010905787606118,22.73404255319149,True,False
Agent_3,369,1.011635873659288,5.034432687359118,918.6483377903661,1334.0607702532348,49.57319043993647,11.010918330164836,22.702127659574465,True,False
Agent_3,370,1.011635873659288,5.034432687359118,918.640219995898,1334.0601185017838,49.57319043602817,11.010918217713227,22.702127659574465,True,False
Agent_3,371,1.011635873659288,5.034432687359118,922.1218149038102,1335.9411497177418,49.57320650843089,11.010967038153218,22.76595744680851,True,False
Agent_3,372,1.011635873659288,5.034432687359118,918.309187538636,1336.9510794365374,49.573216502913304,11.010914710000774,22.77659574468085,True,False
Agent_3,373,1.011635873659288,5.034432687359118,919.1817110904418,1337.0707781753106,49.57321736926941,11.010926814967322,22.872340425531913,True,False
Agent_3,374,1.011635873659288,5.034432687359118,916.9269918801606,1335.9167492819397,49.573207537230076,11.010895222009847,22.77659574468085,True,False
Agent_3,375,1.011635873659288,5.034432687359118,916.750697676453,1336.3826490561446,49.57321176764082,11.010892957254661,22.77659574468085,True,False
Agent_4,1,50.0,150.0,1517.2911793138978,2047.855237582135,49.57946269760327,11.019458077821406,1.702127659574468,True,True
Agent_4,2,50.0,150.0,1408.372219781851,2101.7114963624185,49.57997309128227,11.017972296426546,0.5,True,False
Agent_4,3,50.0,150.0,1511.2457202682417,2141.146100865081,49.58030275880995,11.019409122752029,1.276595744680851,True,False
Agent_4,4,50.0,150.0,1597.213149328361,2229.3406650210513,49.58107479895609,11.020630350845705,1.202127659574468,True,False
Agent_4,5,50.0,150.0,1477.8401851254052,2303.4842186354426,49.58177009508025,11.01900753347311,0.02127659574468085,True,False
Agent_4,6,50.0,150.0,1596.153954612763,2267.810608016354,49.58142086515095,11.02062999320634,0.7765957446808511,True,False
Agent_4,7,50.0,150.0,1536.7462375154375,2307.1972735162517,49.58178925755546,11.019823297941086,0.031914893617021274,True,False
Agent_4,8,50.0,150.0,1623.1453793227042,2224.8707294393266,49.58102835628317,11.020987202762404,1.6382978723404256,True,False
Agent_4,9,50.0,150.0,1627.000584894503,2222.811854463192,49.58100891781495,11.021039736071318,1.680851063829787,True,False
Agent_4,10,50.0,150.0,1697.3899609356645,2299.8856540920156,49.58168473868485,11.022041505775746,1.446808510638298,True,False
Agent_4,11,50.0,150.0,1758.915437899871,2210.745794241746,49.58086858293346,11.02285896411661,2.4148936170212765,True,True
Agent_4,12,50.0,150.0,1841.3021442782385,2224.3135043747457,49.58097062436595,11.024002997108273,2.5319148936170213,True,True
Agent_4,13,50.0,150.0,1875.6417802626254,2300.906366938429,49.58165081801091,11.024506236267632,2.265957446808511,True,False
Agent_4,14,50.0,150.0,1892.313876737201,2360.068241009856,49.582178595541734,11.024758744467798,1.9574468085106382,True,False
Agent_4,15,50.0,150.0,1980.14731553974,2358.0551614273504,49.582139242214346,11.025972312682722,2.2340425531914896,True,False
Agent_4,16,42.5,127.8061224489796,1921.953335673052,2244.6554161340996,49.58113396825864,11.02512556234116,2.574468085106383,True,True
Agent_4,17,42.5,127.8061224489796,1892.0566432699013,2255.19208795735,49.58123591723922,11.024716162858708,2.4680851063829787,True,False
Agent_4,18,42.5,127.8061224489796,1840.5226977966204,2280.4784381310437,49.58147568445156,11.024013112855448,2.276595744680851,True,False
Agent_4,19,42.5,127.8061224489796,1791.8514795995552,2181.503358803249,49.580597757832614,11.023303427769141,2.585106382978723,True,True
Agent_4,20,42.5,127.8061224489796,1783.223614200926,2126.043558473042,49.58010131033146,11.023163529031386,2.734042553191489,True,True
Agent_4,21,42.5,127.8061224489796,1806.7200046810804,2067.237793107276,49.57956701905,11.023466491702026,2.8617021276595747,True,True
Agent_4,22,42.5,127.8061224489796,1860.0740722557957,2090.6067363847947,49.57976418198978,11.024212778406099,3.0638297872340425,True,True
Agent_4,23,42.5,127.8061224489796,1866.3152093357667,2095.416092716314,49.57980590411343,11.024300848495846,3.0638297872340425,True,True
Agent_4,24,42.5,127.8061224489796,1910.519608063692,2142.2281028578045,49.580216007233616,11.024929375019292,3.0106382978723407,True,False
Agent_4,25,42.5,127.8061224489796,1868.4202046473933,2144.2956571748246,49.58024477768298,11.024348133014426,2.9574468085106385,True,False
Agent_4,26,42.5,127.8061224489796,1872.6763526081004,2103.1900606099252,49.57987424629501,11.024391680668066,3.0744680851063833,True,True
Agent_4,27,42.5,127.8061224489796,1832.7802068306291,2146.34153081808,49.58027178825716,11.023856181590169,2.8085106382978724,True,False
Agent_4,28,42.5,127.8061224489796,1902.1361774491647,2131.176413995133,49.580118691072336,11.024809364365844,3.021276595744681,True,False
Agent_4,29,42.5,127.8061224489796,1931.3939538938607,2114.9967551139544,49.5799661711954,11.02520782142158,3.0319148936170213,True,False
Agent_4,30,42.5,127.8061224489796,1866.1328952206943,2112.4921002534415,49.57995944596705,11.024304680434907,3.042553191489362,True,False
Agent_4,31,36.125,108.94132653061224,1922.2277668240656,2078.709419847668,49.579642199356705,11.025067598258069,3.0851063829787235,True,True
Agent_4,32,36.125,108.94132653061224,1973.3290901261869,2170.2543823317874,49.580452736901194,11.02580812977888,2.9893617021276597,True,False
Agent_4,33,36.125,108.94132653061224,1992.1712847572583,2168.792810740584,49.58043503732547,11.02606807408046,3.0,True,False
Agent_4,34,36.125,108.94132653061224,2048.9935343081615,2126.362796941123,49.580039871471364,11.02683782227842,3.0531914893617023,True,False
Agent_4,35,36.125,108.94132653061224,1974.9615003204356,2117.712754978246,49.579980040841384,11.025811136808283,3.0106382978723407,True,False
Agent_4,36,36.125,108.94132653061224,1989.1113108319173,2139.5524835525716,49.58017293452573,11.026014883811307,3.021276595744681,True,False
Agent_4,37,36.125,108.94132653061224,1995.6250388877622,2067.6139169974967,49.57952469609018,11.02607814880554,3.0638297872340425,True,False
Agent_4,38,36.125,108.94132653061224,2050.337374505192,2099.216062477008,49.57979552197454,11.026846288918305,3.021276595744681,True,False
Agent_4,39,36.125,108.94132653061224,1998.2235245800098,2086.623680532397,49.57969494727379,11.026121149513003,3.0638297872340425,True,False
Agent_4,40,36.125,108.94132653061224,1935.126846320007,2145.164670384714,49.5802364497512,11.02527065524204,2.9787234042553195,True,False
Agent_4,41,36.125,108.94132653061224,1886.9131395004606,2087.7492890161325,49.57973200383833,11.024582753611272,3.095744680851064,True,True
Agent_4,42,36.125,108.94132653061224,1977.5048837864858,2143.36939048125,49.5802100547215,11.025855849857404,3.0319148936170213,True,False
Agent_4,43,36.125,108.94132653061224,1984.7215946638848,2133.481320007331,49.58011942305342,11.025951937094728,3.042553191489362,True,False
Agent_4,44,36.125,108.94132653061224,2024.03865098251,2050.650577369102,49.57936533178205,11.0264646350566,3.0531914893617023,True,False
Agent_4,45,36.125,108.94132653061224,1922.5912591182293,2079.277145076334,49.57964721473027,11.025072834640387,3.0851063829787235,True,False
Agent_4,46,30.70625,92.90625000000001,1918.380583301892,2112.886678210176,49.57995035256595,11.025027131359199,3.042553191489362,True,False
Agent_4,47,30.70625,92.90625000000001,1839.2381748604923,2118.8949606577376,49.58002350675192,11.023935252597303,2.904255319148936,True,False
Agent_4,48,30.70625,92.90625000000001,1921.3029303908268,2115.588140975661,49.579973929106515,11.025068537005593,3.042553191489362,True,False
Agent_4,49,30.70625,92.90625000000001,1928.7004318058914,2106.2062418757964,49.579887804344,11.02516731300435,3.021276595744681,True,False
Agent_4,50,30.70625,92.90625000000001,1959.5753706602252,2145.132812210589,49.58023024625398,11.025608636553889,2.9893617021276597,True,False
Agent_4,51,30.70625,92.90625000000001,1965.553673082213,2150.3114282486813,49.58027535021156,11.025693212507326,3.0,True,False
Agent_4,52,30.70625,92.90625000000001,1985.5373217188921,2106.8022077006917,49.579879404908944,11.025953281321138,3.042553191489362,True,False
Agent_4,53,30.70625,92.90625000000001,1937.3155387508218,2173.82838526331,49.580493580583486,11.025311581739135,2.9574468085106385,True,False
Agent_4,54,30.70625,92.90625000000001,1924.8398858094358,2129.3412665481455,49.58009670123567,11.025122552376123,3.021276595744681,True,False
Agent_4,55,30.70625,92.90625000000001,1917.3499550158951,2064.885855546972,49.57951911845077,11.024995020695746,3.1063829787234045,True,True
Agent_4,56,30.70625,92.90625000000001,1972.474870539544,2047.3784049048402,49.579348401570456,11.025750576723176,3.0851063829787235,True,False
Agent_4,57,30.70625,92.90625000000001,1939.9889314234638,2038.549890163627,49.57927690390484,11.025298191125867,3.148936170212766,True,True
Agent_4,58,30.70625,92.90625000000001,1889.7905962212096,2084.378760195147,49.579701009739516,11.024621279116014,3.095744680851064,True,False
Agent_4,59,30.70625,92.90625000000001,1915.4743338729238,2105.7104035798257,49.57988654764912,11.024984283082228,3.0319148936170213,True,False
Agent_4,60,30.70625,92.90625000000001,1907.9889221209573,2094.727462238829,49.57978963222871,11.024876713451324,3.0744680851063833,True,False
Agent_4,61,26.1003125,79.2764349489796,1899.800691613698,2090.6989157541434,49.579755400401545,11.024762015743592,3.0638297872340425,True,False
Agent_4,62,26.1003125,79.2764349489796,1905.8716166729403,2089.9409992336405,49.57974711858823,11.024845661564786,3.0638297872340425,True,False
Agent_4,63,26.1003125,79.2764349489796,1892.1147363300463,2089.734841404662,49.57974859375213,11.024655402112447,3.0744680851063833,True,False
Agent_4,64,26.1003125,79.2764349489796,1905.580827368081,2124.3791341037877,49.58005675630451,11.02485445614492,3.0106382978723407,True,False
Agent_4,65,26.1003125,79.2764349489796,1976.1745773286907,2101.2055523096815,49.57983136261763,11.025821761745878,3.021276595744681,True,False
Agent_4,66,26.1003125,79.2764349489796,2012.2835976944418,2076.534851365319,49.57960085384671,11.026311766579846,3.0531914893617023,True,False
Agent_4,67,26.1003125,79.2764349489796,2013.6413365939782,2067.3990432955425,49.579518402606766,11.026327134714286,3.0319148936170213,True,False
Agent_4,68,26.1003125,79.2764349489796,2072.543776403433,2045.7218784166812,49.579309280222766,11.027133354614065,2.9787234042553195,True,False
Agent_4,69,26.1003125,79.2764349489796,2105.481147466431,1995.28625655577,49.578847931702136,11.027569902129878,2.734042553191489,True,False
Agent_4,70,26.1003125,79.2764349489796,2119.99551155213,1973.450752389498,49.578648134174905,11.027762416209164,2.372340425531915,True,False
Agent_4,71,26.1003125,79.2764349489796,2086.0718513560537,1944.8358235571277,49.57839913104166,11.02728278794445,2.3297872340425534,True,False
Agent_4,72,26.1003125,79.2764349489796,2102.134484906074,1920.0675695737038,49.57817259619478,11.027495612269796,1.7446808510638296,True,False
Agent_4,73,26.1003125,79.2764349489796,2093.036458079002,1969.1292021161728,49.57861581889642,11.027388118285897,2.595744680851064,True,False
Agent_4,74,26.1003125,79.2764349489796,2168.9203709579606,1961.1846808520263,49.578526017374664,11.028434191776796,1.0425531914893618,True,False
Agent_4,75,26.1003125,79.2764349489796,2227.3887276254964,1975.3577396348865,49.578639245799266,11.029247753497568,0.10638297872340426,True,False
Agent_4,76,22.185265625,67.69109215561224,2227.836697046689,1980.4341715691587,49.578684769547905,11.02925583931154,0.2553191489361702,True,False
Agent_4,77,22.185265625,67.69109215561224,2197.239990739282,1937.260513895146,49.57830409681367,11.02881676786543,0.37234042553191493,True,False
Agent_4,78,22.185265625,67.69109215561224,2187.2996272264754,1918.7997566523343,49.57814056148476,11.02867246923883,0.35106382978723405,True,False
Agent_4,79,22.185265625,67.69109215561224,2184.4775919528815,1927.7991618575115,49.57822214180915,11.028636812016375,0.35106382978723405,True,False
Agent_4,80,22.185265625,67.69109215561224,2180.217608757928,1928.3372722932397,49.57822801151848,11.02857812221238,0.35106382978723405,True,False
Agent_4,81,22.185265625,67.69109215561224,2181.2069601002213,1863.9084214313648,49.57764861635846,11.028567782279257,0.0,True,False
Agent_4,82,22.185265625,67.69109215561224,2184.7807109154182,1879.6754495857754,49.57778948101008,11.028623063022373,0.0,True,False
Agent_4,83,22.185265625,67.69109215561224,2149.5715031728478,1896.4537897196901,49.57794883622037,11.02814258494007,0.0,True,False
Agent_4,84,22.185265625,67.69109215561224,2187.630728664352,1874.5083311763174,49.577742342592785,11.028660535390223,0.0,True,False
Agent_4,85,22.185265625,67.69109215561224,2170.0931315499593,1886.5497989313776,49.577854835034714,11.028422584676449,0.0425531914893617,True,False
Agent_4,86,22.185265625,67.69109215561224,2159.3375474810796,1875.5262234883276,49.57775835009107,11.028269791035054,0.0,True,False
Agent_4,87,22.185265625,67.69109215561224,2140.104974528714,1867.3340168509546,49.57768937052051,11.028000867756475,0.9787234042553191,True,False
Agent_4,88,22.185265625,67.69109215561224,2134.6383019733066,1864.831911836146,49.5776682035795,11.027924364383423,1.127659574468085,True,False
Agent_4,89,22.185265625,67.69109215561224,2131.3329180724622,1875.014322094019,49.57776053492811,11.027882465261548,1.2553191489361701,True,False
Agent_4,90,22.185265625,67.69109215561224,2160.662918594488,1896.2668361272904,49.57794446770432,11.02829584316884,0.0,True,False
Agent_4,91,18.85747578125,57.84355078125,2157.491193458766,1896.320886866322,49.57794572225064,11.02825201733734,0.0,True,False
Agent_4,92,18.85747578125,57.84355078125,2157.8159023531166,1874.6187959898896,49.577750561934444,11.028248417669804,0.0,True,False
Agent_4,93,18.85747578125,57.84355078125,2173.5817211113426,1918.9528727493184,49.57814526295325,11.028482889041081,0.35106382978723405,True,False
Agent_4,94,18.85747578125,57.84355078125,2208.1506175065388,1957.6586893676736,49.578484812295635,11.02897520289538,0.3191489361702127,True,False
Agent_4,95,18.85747578125,57.84355078125,2231.3063092398447,1973.857532880888,49.578624810425964,11.029301351502601,0.1276595744680851,True,False
Agent_4,96,18.85747578125,57.84355078125,2257.270652893229,1974.89704117176,49.57862785826057,11.029660675387646,1.3191489361702127,True,False
Agent_4,97,18.85747578125,57.84355078125,2290.420990371795,2015.5237884122869,49.578985013870145,11.030134108288651,1.574468085106383,True,False
Agent_4,98,18.85747578125,57.84355078125,2268.8974793283546,2007.4954274652564,49.57891806724269,11.029833566270007,1.297872340425532,True,False
Agent_4,99,18.85747578125,57.84355078125,2218.4070219357436,1988.9327151216994,49.57876344987841,11.02912865034105,0.8936170212765958,True,False
Agent_4,100,18.85747578125,57.84355078125,2214.9989989146884,1976.9364058465828,49.578656440577745,11.029077063988547,0.2978723404255319,True,False
Agent_4,101,18.85747578125,57.84355078125,2205.2272046483768,2025.1714477518592,49.579092397617,11.02895996086692,1.1808510638297873,True,False
Agent_4,102,18.85747578125,57.84355078125,2245.798588057134,2023.8727607766282,49.57907088615249,11.029520348698679,0.5957446808510638,True,False
Agent_4,103,18.85747578125,57.84355078125,2259.1740179062895,2061.3625127010214,49.5794046400035,11.029719238243834,2.117021276595745,True,False
Agent_4,104,18.85747578125,57.84355078125,2308.004059506388,2034.5690617102468,49.579151947355705,11.030384287754647,1.9680851063829787,True,False
Agent_4,105,18.85747578125,57.84355078125,2344.98065174379,2067.0675367393387,49.5794351058485,11.030907593270465,2.6702127659574466,True,False
Agent_4,106,16.028854414062497,49.473140613042084,2350.269152093043,2066.9446592927015,49.579432717892445,11.030980657823134,2.7127659574468086,True,False
Agent_4,107,16.028854414062497,49.473140613042084,2346.9353350166175,2110.8256398660146,49.579827975386614,11.030950947075985,3.3191489361702122,True,True
Agent_4,108,16.028854414062497,49.473140613042084,2337.5170296001593,2113.600253082548,49.5798552020977,11.030821778966656,3.361702127659574,True,True
Agent_4,109,16.028854414062497,49.473140613042084,2369.093126538286,2136.580989126464,49.58005411384932,11.031266882015672,3.5106382978723407,True,True
Agent_4,110,16.028854414062497,49.473140613042084,2337.6023425762605,2142.5666564239245,49.580115561921744,11.030833768783516,3.5000000000000004,True,False
Agent_4,111,16.028854414062497,49.473140613042084,2352.6392965773616,2185.4578929021345,49.580497464266045,11.031057657879545,3.478723404255319,True,False
Agent_4,112,16.028854414062497,49.473140613042084,2384.193343402973,2169.075192826769,49.58034254053192,11.031487767219764,3.436170212765957,True,False
Agent_4,113,16.028854414062497,49.473140613042084,2424.3800665910303,2145.200960843414,49.58011817745484,11.032034419689166,3.361702127659574,True,False
Agent_4,114,16.028854414062497,49.473140613042084,2426.7783272359593,2141.474041652058,49.58008409367947,11.032066182917184,3.361702127659574,True,False
Agent_4,115,16.028854414062497,49.473140613042084,2411.9229132844443,2160.191735373414,49.58025595483112,11.03186780207697,3.361702127659574,True,False
Agent_4,116,16.028854414062497,49.473140613042084,2410.9884272628688,2171.0103917587508,49.58035343112084,11.031858922812164,3.351063829787234,True,False
Agent_4,117,16.028854414062497,49.473140613042084,2409.946985802767,2130.6668698262806,49.57999103416558,11.031829461256988,3.351063829787234,True,False
Agent_4,118,16.028854414062497,49.473140613042084,2410.197824928173,2126.4852979690822,49.57995338491875,11.031831367644642,3.3191489361702122,True,False
Agent_4,119,16.028854414062497,49.473140613042084,2413.902343997042,2157.042483118786,49.58022716546431,11.031893991044333,3.3723404255319145,True,False
Agent_4,120,16.028854414062497,49.473140613042084,2399.468974051816,2137.614953914667,49.580056034650205,11.031687201472854,3.4148936170212765,True,False
Agent_4,121,13.624526251953123,42.35829197006536,2399.182752143898,2137.9377069273382,49.58005900537829,11.031683365078521,3.4148936170212765,True,False
Agent_4,122,13.624526251953123,42.35829197006536,2403.011049272853,2144.6989651282793,49.5801188532461,11.031738814162809,3.4255319148936167,True,False
Agent_4,123,13.624526251953123,42.35829197006536,2394.3696751569732,2119.7030887292076,49.5798962619595,11.031610018415458,3.3191489361702122,True,False
Agent_4,124,13.624526251953123,42.35829197006536,2405.464541030621,2121.8012457630143,49.579912428907704,11.031764183198392,3.2872340425531914,True,False
Agent_4,125,13.624526251953123,42.35829197006536,2406.2318092279374,2118.5659481652556,49.57988316038739,11.031773582341684,3.2446808510638294,True,False
Agent_4,126,13.624526251953123,42.35829197006536,2401.6621401605103,2120.130336802554,49.57989833215411,11.031710992889076,3.2872340425531914,True,False
Agent_4,127,13.624526251953123,42.35829197006536,2410.4943664515927,2141.6903936897234,49.58008999224304,11.031841144643321,3.393617021276596,True,False
Agent_4,128,13.624526251953123,42.35829197006536,2384.627287256658,2142.3348061563624,49.58010206455635,11.031483783376343,3.478723404255319,True,False
Agent_4,129,13.624526251953123,42.35829197006536,2369.227004149633,2148.9062670750627,49.58016487389507,11.031273333695143,3.4893617021276593,True,False
Agent_4,130,13.624526251953123,42.35829197006536,2363.3000864404135,2146.299916937011,49.58014288383596,11.031190423444434,3.521276595744681,True,True
Agent_4,131,13.624526251953123,42.35829197006536,2339.592222259717,2140.48174556121,49.5800963376664,11.030860499971944,3.5106382978723407,True,False
Agent_4,132,13.624526251953123,42.35829197006536,2359.460683766798,2144.403948980218,49.580126772733905,11.031136637498184,3.5319148936170213,True,True
Agent_4,133,13.624526251953123,42.35829197006536,2339.961860190611,2159.9736148082943,49.580271461395675,11.03087288472801,3.5106382978723407,True,False
Agent_4,134,13.624526251953123,42.35829197006536,2328.709130426406,2154.1662911863154,49.58022198968276,11.030715152441038,3.4574468085106385,True,False
Agent_4,135,13.624526251953123,42.35829197006536,2316.8441840539977,2161.362324228653,49.580289554168594,11.030553809100573,3.436170212765957,True,False
Agent_4,136,11.580847314160154,36.31067062353515,2319.3929742823966,2192.188742066357,49.58056603605198,11.030600548681635,3.4680851063829787,True,False
Agent_4,137,11.580847314160154,36.31067062353515,2335.7708324526,2218.7830729998354,49.580801119699345,11.03083689361501,3.4574468085106385,True,False
Agent_4,138,11.580847314160154,36.31067062353515,2349.37600907488,2233.9262256709108,49.580933940533605,11.031030634675306,3.404255319148936,True,False
Agent_4,139,11.580847314160154,36.31067062353515,2355.388974688328,2244.660494864997,49.58102897207108,11.03111776972524,3.3829787234042556,True,False
Agent_4,140,11.580847314160154,36.31067062353515,2352.838885191345,2254.1267985834475,49.581114684058015,11.031086048540828,3.3404255319148937,True,False
Agent_4,141,11.580847314160154,36.31067062353515,2331.5825953228787,2246.6657688927157,49.58105277503485,11.030789398151743,3.3829787234042556,True,False
Agent_4,142,11.580847314160154,36.31067062353515,2331.506104011219,2246.626572827412,49.58105244126122,11.03078832604075,3.3829787234042556,True,False
Agent_4,143,11.580847314160154,36.31067062353515,2316.779855827539,2278.195805717426,49.581339792114406,11.030596518449926,3.2127659574468086,True,False
Agent_4,144,11.580847314160154,36.31067062353515,2295.9615399800814,2285.9310494449833,49.58141437570608,11.030311592379146,3.117021276595745,True,False
Agent_4,145,11.580847314160154,36.31067062353515,2295.595521704804,2292.7564942331874,49.581475818792825,11.030309078952833,3.117021276595745,True,False
Agent_4,146,11.580847314160154,36.31067062353515,2283.9754270374947,2308.5735958549276,49.58162081861045,11.030154332565562,3.021276595744681,True,False
Agent_4,147,11.580847314160154,36.31067062353515,2261.4137907894633,2303.1737561874806,49.581577751997564,11.029840402666192,3.0,True,False
Agent_4,148,11.580847314160154,36.31067062353515,2237.20867461177,2292.824258736018,49.58149059033464,11.029501906023222,3.021276595744681,True,False
Agent_4,149,11.580847314160154,36.31067062353515,2231.265665847989,2265.3610243525522,49.581245162946026,11.029409501103112,3.1702127659574466,True,False
Agent_4,150,11.580847314160154,36.31067062353515,2227.2464235915854,2267.170297711184,49.581262401269576,11.029354610097377,3.148936170212766,True,False
Agent_4,151,9.84372021703613,31.170192478984468,2228.649403058929,2269.049007838919,49.58127894888834,11.029374706882484,3.148936170212766,True,False
Agent_4,152,9.84372021703613,31.170192478984468,2231.096404030118,2268.5937464556528,49.58127426312077,11.0294083667475,3.148936170212766,True,False
Agent_4,153,9.84372021703613,31.170192478984468,2215.592536157413,2272.5599103252025,49.58131367471623,11.029195505658278,3.1063829787234045,True,False
Agent_4,154,9.84372021703613,31.170192478984468,2205.605584378215,2278.216732463616,49.58136694574741,11.029059545865806,3.0638297872340425,True,False
Agent_4,155,9.84372021703613,31.170192478984468,2210.122500106947,2304.4328422418826,49.58160150873863,11.029131768416786,2.9361702127659575,True,False
Agent_4,156,9.84372021703613,31.170192478984468,2200.236924115714,2306.2376883716224,49.581620129479816,11.02899577292392,2.893617021276596,True,False
Agent_4,157,9.84372021703613,31.170192478984468,2200.236531237033,2286.30014062892,49.58144090975169,11.02898833302087,3.0319148936170213,True,False
Agent_4,158,9.84372021703613,31.170192478984468,2193.4407237045502,2272.0898769803216,49.58131482043825,11.0288890824537,3.0638297872340425,True,False
Agent_4,159,9.84372021703613,31.170192478984468,2187.492153704192,2261.958877861652,49.581225194398634,11.028803066351703,3.148936170212766,True,False
Agent_4,160,9.84372021703613,31.170192478984468,2183.8508369428405,2264.8934937151844,49.58125245659298,11.028753819517231,3.127659574468085,True,False
Agent_4,161,9.84372021703613,31.170192478984468,2205.32218160337,2263.2948074286505,49.58123288037359,11.029050063501922,3.1595744680851063,True,False
Agent_4,162,9.84372021703613,31.170192478984468,2202.4846978766777,2264.896910177234,49.58124796973802,11.029011432870526,3.148936170212766,True,False
Agent_4,163,9.84372021703613,31.170192478984468,2201.5133541151968,2265.4854393829582,49.581253495568205,11.028998223553193,3.148936170212766,True,False
Agent_4,164,9.84372021703613,31.170192478984468,2178.0883481109627,2253.765246822986,49.58115382101594,11.028670004532806,3.1808510638297873,True,False
Agent_4,165,9.84372021703613,31.170192478984468,2179.4377642132763,2235.324924946869,49.580987732684555,11.028681785077083,3.2978723404255317,True,False
Agent_4,166,8.36716218448071,26.800786056116387,2184.517019297439,2227.3659874945392,49.58091495799438,11.028749037744536,3.3191489361702122,True,False
Agent_4,167,8.36716218448071,26.800786056116387,2161.303197914786,2239.3248722303147,49.58102808426262,11.028432568093983,3.2446808510638294,True,False
Agent_4,168,8.36716218448071,26.800786056116387,2161.4237975891433,2244.124769473083,49.58107120161649,11.028436024673036,3.2127659574468086,True,False
Agent_4,169,8.36716218448071,26.800786056116387,2152.054786795757,2247.1177487704117,49.58110037653298,11.028307614707433,3.2127659574468086,True,False
Agent_4,170,8.36716218448071,26.800786056116387,2156.1730187590324,2248.1968222606233,49.581109078247344,11.028364951120162,3.2127659574468086,True,False
Agent_4,171,8.36716218448071,26.800786056116387,2149.5336301910193,2243.142994939845,49.58106525825726,11.0282712783642,3.2127659574468086,True,False
Agent_4,172,8.36716218448071,26.800786056116387,2150.111903753317,2243.1632275650177,49.58106529997619,11.028279280478182,3.2127659574468086,True,False
Agent_4,173,8.36716218448071,26.800786056116387,2125.15879181346,2239.677090873781,49.581040010126486,11.027933006986867,3.1808510638297873,True,False
Agent_4,174,8.36716218448071,26.800786056116387,2115.5305498393022,2249.883283190194,49.58113408736254,11.027803701043217,3.127659574468085,True,False
Agent_4,175,8.36716218448071,26.800786056116387,2121.169681382754,2270.1584662127334,49.58131497590448,11.027889217751838,3.021276595744681,True,False
Agent_4,176,8.36716218448071,26.800786056116387,2135.0780790423,2270.9146080447968,49.581318402469336,11.028081782749474,3.0319148936170213,True,False
Agent_4,177,8.36716218448071,26.800786056116387,2126.2945695277217,2264.553414594799,49.58126334983684,11.02795798020235,3.0744680851063833,True,False
Agent_4,178,8.36716218448071,26.800786056116387,2121.8060834894322,2255.9464990051965,49.581187069364816,11.027892719436219,3.117021276595745,True,False
Agent_4,179,8.36716218448071,26.800786056116387,2116.5262274545657,2275.4199389301666,49.5813633968213,11.027826982935567,2.9893617021276597,True,False
Agent_4,180,8.36716218448071,26.800786056116387,2118.782782061119,2272.6394092024575,49.581337855656614,11.02785714352813,3.0,True,False
Agent_4,181,7.1120878568086034,23.086790596678522,2130.4910766157377,2268.098228331592,49.581294197456465,11.02801731789538,3.0319148936170213,True,False
Agent_4,182,7.1120878568086034,23.086790596678522,2130.99135514302,2261.8337785217172,49.58123776466625,11.028021899426792,3.0744680851063833,True,False
Agent_4,183,7.1120878568086034,23.086790596678522,2144.805946046899,2268.0687940043545,49.58129046370174,11.028215209453505,3.0531914893617023,True,False
Agent_4,184,7.1120878568086034,23.086790596678522,2149.3796627095494,2272.0979528987314,49.581325573573864,11.028279942790686,3.042553191489362,True,False
Agent_4,185,7.1120878568086034,23.086790596678522,2131.402478693273,2285.016133449324,49.58144605275841,11.028036223462834,2.925531914893617,True,False
Agent_4,186,7.1120878568086034,23.086790596678522,2126.3377369676537,2285.373993025993,49.58145049694075,11.027966336747724,2.9148936170212765,True,False
Agent_4,187,7.1120878568086034,23.086790596678522,2122.1675091135057,2289.7186209699744,49.58149056164695,11.02791030250392,2.904255319148936,True,False
Agent_4,188,7.1120878568086034,23.086790596678522,2131.9562456058115,2291.879602752597,49.58150761473704,11.028046437400201,2.893617021276596,True,False
Agent_4,189,7.1120878568086034,23.086790596678522,2117.9607060077533,2294.224317848641,49.58153208304915,11.027853822541449,2.872340425531915,True,False
Agent_4,190,7.1120878568086034,23.086790596678522,2104.0034862709504,2298.6000931540084,49.581574799096295,11.027662494116935,2.8085106382978724,True,False
Agent_4,191,7.1120878568086034,23.086790596678522,2098.0231992820068,2291.3768174391626,49.58151131753486,11.0275771247734,2.8297872340425534,True,False
Agent_4,192,7.1120878568086034,23.086790596678522,2096.8622753286822,2308.4213698387753,49.58166481345347,11.02756742621695,2.734042553191489,True,False
Agent_4,193,7.1120878568086034,23.086790596678522,2107.5159153212453,2310.930170068308,49.581684783939316,11.027715648465533,2.74468085106383,True,False
Agent_4,194,7.1120878568086034,23.086790596678522,2099.389109180121,2297.1418669341215,49.58156280901939,11.027598156757435,2.8085106382978724,True,False
Agent_4,195,7.1120878568086034,23.086790596678522,2078.4439389629865,2306.1908270474637,49.58164922511706,11.027311960298112,2.74468085106383,True,False
Agent_4,196,6.045274678287313,19.929894456156333,2073.2313667687276,2293.349480372081,49.58153505608587,11.02723511186539,2.7659574468085104,True,False
Agent_4,197,6.045274678287313,19.929894456156333,2077.4842727382306,2309.787809575437,49.58168179112443,11.027300033004735,2.6808510638297873,True,False
Agent_4,198,6.045274678287313,19.929894456156333,2088.1356082409175,2313.2030407285524,49.581709910481834,11.02744856108857,2.6702127659574466,True,False
Agent_4,199,6.045274678287313,19.929894456156333,2086.655364736143,2311.5196141044507,49.58169513665894,11.02742746934517,2.6914893617021276,True,False
Agent_4,200,6.045274678287313,19.929894456156333,2093.4741805796752,2326.3116921126334,49.58182645165127,11.02752725187297,2.617021276595745,True,False
Agent_4,201,6.045274678287313,19.929894456156333,2094.627850289674,2326.731502344774,49.58182994584336,11.027543357924998,2.617021276595745,True,False
Agent_4,202,6.045274678287313,19.929894456156333,2094.3529788825326,2328.648686332085,49.58184724613676,11.027540272186235,2.617021276595745,True,False
Agent_4,203,6.045274678287313,19.929894456156333,2094.746387929665,2339.6226413447052,49.58194579644907,11.027549800311931,2.5319148936170213,True,False
Agent_4,204,6.045274678287313,19.929894456156333,2091.6650304451073,2337.4770313021936,49.581927255963194,11.02750640057822,2.5319148936170213,True,False
Agent_4,205,6.045274678287313,19.929894456156333,2078.254942832759,2339.89565475507,49.581952245938105,11.027321905277697,2.5106382978723403,True,False
Agent_4,206,6.045274678287313,19.929894456156333,2081.771861721205,2342.2191450262953,49.58197227995216,11.0273713929497,2.5,True,False
Agent_4,207,6.045274678287313,19.929894456156333,2083.6960222100092,2339.8607025750734,49.581950613599595,11.027397116019987,2.5212765957446805,True,False
Agent_4,208,6.045274678287313,19.929894456156333,2082.321404666756,2330.266626947542,49.581864704810734,11.027374537004867,2.5638297872340425,True,False
Agent_4,209,6.045274678287313,19.929894456156333,2064.4524987144187,2328.0778781273943,49.581849358661536,11.027126681604736,2.5638297872340425,True,False
Agent_4,210,6.045274678287313,19.929894456156333,2048.5613175211647,2338.2075540222336,49.58194426416982,11.026910757372896,2.5,True,False
Agent_4,211,5.1384834765442156,17.246532736712474,2051.9143190925,2334.407748027008,49.581909295318496,11.026955697643324,2.5106382978723403,True,False
Agent_4,212,5.1384834765442156,17.246532736712474,2057.862402973105,2339.2725203440295,49.581951584382296,11.027039743065815,2.4680851063829787,True,False
Agent_4,213,5.1384834765442156,17.246532736712474,2055.8092058498823,2340.882663588804,49.58196655539781,11.027011957117764,2.4680851063829787,True,False
Agent_4,214,5.1384834765442156,17.246532736712474,2054.236631036149,2340.8120708927036,49.58196630173837,11.026990189718129,2.4680851063829787,True,False
Agent_4,215,5.1384834765442156,17.246532736712474,2055.0398121286535,2341.537310375915,49.581972626424445,11.027001563999047,2.4680851063829787,True,False
Agent_4,216,5.1384834765442156,17.246532736712474,2043.2320328591304,2330.2016877823507,49.5818735896208,11.02683409701509,2.5106382978723403,True,False
Agent_4,217,5.1384834765442156,17.246532736712474,2039.0872113037908,2335.909405953525,49.58192590055715,11.026778920331447,2.478723404255319,True,False
Agent_4,218,5.1384834765442156,17.246532736712474,2033.497179608032,2331.361302954936,49.5818863711508,11.026699943245983,2.457446808510638,True,False
Agent_4,219,5.1384834765442156,17.246532736712474,2035.1563826450838,2332.9539533871584,49.58190028577293,11.02672347518754,2.4680851063829787,True,False
Agent_4,220,5.1384834765442156,17.246532736712474,2036.4956326007016,2332.8598275934314,49.58189911532437,11.026741955453472,2.478723404255319,True,False
Agent_4,221,5.1384834765442156,17.246532736712474,2035.6469796249444,2344.413271811513,49.58200317560188,11.02673452611081,2.393617021276596,True,False
Agent_4,222,5.1384834765442156,17.246532736712474,2042.5283253509092,2338.8269276741253,49.58195129295777,11.026827581021356,2.4680851063829787,True,False
Agent_4,223,5.1384834765442156,17.246532736712474,2047.765039984378,2341.36392208825,49.58197282985027,11.026900924487665,2.4468085106382977,True,False
Agent_4,224,5.1384834765442156,17.246532736712474,2045.420766523824,2329.975306438931,49.58187102455603,11.026864272230894,2.5106382978723403,True,False
Agent_4,225,5.1384834765442156,17.246532736712474,2060.393087160143,2332.2999174952884,49.58188829417322,11.02707213259537,2.5638297872340425,True,False
Agent_4,226,4.3677109550625834,14.965675275185195,2062.680231041792,2342.534032751863,49.58197973534892,11.02710756536428,2.457446808510638,True,False
Agent_4,227,4.3677109550625834,14.965675275185195,2061.3996987783976,2340.7558895510747,49.58196406167531,11.027089199357173,2.457446808510638,True,False
Agent_4,228,4.3677109550625834,14.965675275185195,2065.451119428775,2340.7777528788224,49.58196327682988,11.027145219042822,2.4893617021276593,True,False
Agent_4,229,4.3677109550625834,14.965675275185195,2065.3166918186953,2349.749603738651,49.58204395798869,11.027146703066387,2.4468085106382977,True,False
Agent_4,230,4.3677109550625834,14.965675275185195,2073.050204016066,2343.4439303587737,49.58198540248378,11.027251270946516,2.4893617021276593,True,False
Agent_4,231,4.3677109550625834,14.965675275185195,2080.4746589564725,2341.368795437607,49.581964950360785,11.027353142078837,2.5,True,False
Agent_4,232,4.3677109550625834,14.965675275185195,2080.757368760931,2343.840434189156,49.58198709960298,11.027357971503413,2.4893617021276593,True,False
Agent_4,233,4.3677109550625834,14.965675275185195,2080.429461726284,2344.6560615850412,49.58199451077222,11.027353742031625,2.478723404255319,True,False
Agent_4,234,4.3677109550625834,14.965675275185195,2081.728177028264,2345.217891265879,49.5819992464716,11.027371906323308,2.478723404255319,True,False
Agent_4,235,4.3677109550625834,14.965675275185195,2090.4064228984444,2354.4347343720337,49.5820799948412,11.027495318900355,2.4468085106382977,True,False
Agent_4,236,4.3677109550625834,14.965675275185195,2086.9355390675596,2358.9661600513855,49.582121569036886,11.027449021733469,2.425531914893617,True,False
Agent_4,237,4.3677109550625834,14.965675275185195,2087.5967406898317,2359.067425160273,49.58212231912591,11.027458200712351,2.425531914893617,True,False
Agent_4,238,4.3677109550625834,14.965675275185195,2084.6679571384357,2353.2490488834824,49.58207072689723,11.027415541724432,2.4680851063829787,True,False
Agent_4,239,4.3677109550625834,14.965675275185195,2073.739139415628,2354.339053464546,49.5820831726086,11.027264854863738,2.4361702127659575,True,False
Agent_4,240,4.3677109550625834,14.965675275185195,2086.5453873761535,2350.3674071547434,49.582044368782,11.027440423821972,2.4680851063829787,True,False
Agent_4,241,3.7125543118031956,13.026946432887009,2085.900145928752,2347.4293694969733,49.58201811488218,11.027430408506822,2.4680851063829787,True,False
Agent_4,242,3.7125543118031956,13.026946432887009,2083.146683515944,2346.6493406657128,49.582011770218465,11.027392050772438,2.478723404255319,True,False
Agent_4,243,3.7125543118031956,13.026946432887009,2086.879496884286,2349.3474113797597,49.58203511902578,11.027444662885145,2.4680851063829787,True,False
Agent_4,244,3.7125543118031956,13.026946432887009,2092.1231500718955,2351.2359591021154,49.5820508249093,11.027517861038197,2.478723404255319,True,False
Agent_4,245,3.7125543118031956,13.026946432887009,2093.071286680169,2347.9393911166912,49.58202096212222,11.02752974081171,2.5106382978723403,True,False
Agent_4,246,3.7125543118031956,13.026946432887009,2093.052622990521,2352.751386904655,49.582064222000724,11.027531275858582,2.4468085106382977,True,False
Agent_4,247,3.7125543118031956,13.026946432887009,2101.9461627167066,2352.541025073522,49.58206017625192,11.02765415229477,2.4680851063829787,True,False
Agent_4,248,3.7125543118031956,13.026946432887009,2092.529036115228,2355.482219493962,49.582088896494525,11.027525054750996,2.425531914893617,True,False
Agent_4,249,3.7125543118031956,13.026946432887009,2087.4087221543055,2361.219519782271,49.58214171000259,11.027456403217977,2.4148936170212765,True,False
Agent_4,250,3.7125543118031956,13.026946432887009,2095.3187965262077,2357.8069865607968,49.582109118075024,11.027564490009674,2.425531914893617,True,False
Agent_4,251,3.7125543118031956,13.026946432887009,2099.5451326778584,2358.580391055561,49.58211504627107,11.027623208145512,2.4361702127659575,True,False
Agent_4,252,3.7125543118031956,13.026946432887009,2098.0494486946372,2365.836052111111,49.58218063028566,11.027605233774077,2.404255319148936,True,False
Agent_4,253,3.7125543118031956,13.026946432887009,2085.41104150065,2365.1713037546697,49.582177716835844,11.027430257338418,2.372340425531915,True,False
Agent_4,254,3.7125543118031956,13.026946432887009,2088.302344718705,2365.9179778627267,49.58218372826202,11.027470508459059,2.382978723404255,True,False
Agent_4,255,3.7125543118031956,13.026946432887009,2087.4551237780706,2360.7604970546454,49.58213757257425,11.02745687369179,2.425531914893617,True,False
Agent_4,256,3.1556711650327163,11.379026916933547,2086.7113140194774,2364.439877212489,49.582170826976565,11.027447961350713,2.382978723404255,True,False
Agent_4,257,3.1556711650327163,11.379026916933547,2079.267631763066,2362.723932129444,49.58215720556678,11.027344411479177,2.372340425531915,True,False
Agent_4,258,3.1556711650327163,11.379026916933547,2075.7442542941517,2358.124867318625,49.582116717811985,11.027293986494726,2.4148936170212765,True,False
Agent_4,259,3.1556711650327163,11.379026916933547,2078.64765709806,2351.7653753088193,49.582058848538566,11.027331757138368,2.4680851063829787,True,False
Agent_4,260,3.1556711650327163,11.379026916933547,2081.8097120032608,2354.2126263459713,49.58208008101068,11.027376384974263,2.4680851063829787,True,False
Agent_4,261,3.1556711650327163,11.379026916933547,2080.4623198736313,2353.193444909646,49.58207124593849,11.027357377278625,2.4680851063829787,True,False
Agent_4,262,3.1556711650327163,11.379026916933547,2081.876727152265,2350.5196515630946,49.58204686837153,11.027375935475716,2.4680851063829787,True,False
Agent_4,263,3.1556711650327163,11.379026916933547,2081.002116556123,2350.6716652044,49.582048446716364,11.027363900464831,2.4680851063829787,True,False
Agent_4,264,3.1556711650327163,11.379026916933547,2081.1515827184,2346.1752685429565,49.58200799208774,11.027364291524002,2.478723404255319,True,False
Agent_4,265,3.1556711650327163,11.379026916933547,2078.8219403429935,2347.4144377448056,49.58201969543957,11.02733254552098,2.478723404255319,True,False
Agent_4,266,3.1556711650327163,11.379026916933547,2084.9045267227184,2338.304411648953,49.58193633121576,11.02741324390197,2.5425531914893615,True,False
Agent_4,267,3.1556711650327163,11.379026916933547,2086.980985963319,2344.270006673262,49.581989453299975,11.027444174097338,2.5106382978723403,True,False
Agent_4,268,3.1556711650327163,11.379026916933547,2088.592903546077,2345.9029868527273,49.58200374174996,11.027467067594612,2.5,True,False
Agent_4,269,3.1556711650327163,11.379026916933547,2083.3893249643365,2343.439516095848,49.58198285810181,11.027394209349298,2.4893617021276593,True,False
Agent_4,270,3.1556711650327163,11.379026916933547,2082.192295845564,2338.945432438782,49.58194275046957,11.02737598574415,2.5319148936170213,True,False
Agent_4,271,2.682320490277809,9.978295328373108,2084.599418017149,2338.4371308472255,49.58193759815499,11.027409075179792,2.5425531914893615,True,False
Agent_4,272,2.682320490277809,9.978295328373108,2082.9377552412825,2339.1473761491407,49.58194438515927,11.027386367077693,2.5319148936170213,True,False
Agent_4,273,2.682320490277809,9.978295328373108,2083.10271498841,2339.1491052662136,49.58194436073889,11.027388648315648,2.5319148936170213,True,False
Agent_4,274,2.682320490277809,9.978295328373108,2085.8009637692367,2344.321717542635,49.58199020401457,11.02742787936357,2.5,True,False
Agent_4,275,2.682320490277809,9.978295328373108,2090.2203357788017,2346.2560463714194,49.582006521142375,11.02748969867604,2.5212765957446805,True,False
Agent_4,276,2.682320490277809,9.978295328373108,2089.6588249607207,2347.485791150456,49.582017711441715,11.027482393917571,2.478723404255319,True,False
Agent_4,277,2.682320490277809,9.978295328373108,2087.144850815662,2344.4074126960763,49.581990648752665,11.02744649075481,2.5106382978723403,True,False
Agent_4,278,2.682320490277809,9.978295328373108,2092.991013840731,2337.9834398295625,49.581931486847765,11.027524921192985,2.5319148936170213,True,False
Agent_4,279,2.682320490277809,9.978295328373108,2093.4577846394313,2338.5381459385685,49.58193636004988,11.02753158106561,2.5319148936170213,True,False
Agent_4,280,2.682320490277809,9.978295328373108,2097.1219901921513,2337.1537748607448,49.58192302807117,11.027581723388769,2.5425531914893615,True,False
Agent_4,281,2.682320490277809,9.978295328373108,2105.2242760425474,2340.5341427291632,49.581951451303965,11.02769499836988,2.5638297872340425,True,False
Agent_4,282,2.682320490277809,9.978295328373108,2101.0588097047284,2332.045997033148,49.581876160064304,11.027634247107391,2.595744680851064,True,False
Agent_4,283,2.682320490277809,9.978295328373108,2103.854712347809,2330.089131377457,49.58185789223686,11.027672171601825,2.595744680851064,True,False
Agent_4,284,2.682320490277809,9.978295328373108,2100.650802374891,2323.5214842837477,49.58179963149924,11.027625429767458,2.6595744680851063,True,False
Agent_4,285,2.682320490277809,9.978295328373108,2096.8444973400274,2318.6923512267713,49.58175714431252,11.027571007699786,2.6808510638297873,True,False
Agent_4,286,2.2799724167361375,8.787673478096734,2105.490784244953,2318.582756147246,49.58175406423919,11.027690502617565,2.7127659574468086,True,False
Agent_4,287,2.2799724167361375,8.787673478096734,2106.797675342777,2317.974710016569,49.581748281813184,11.027708343921237,2.7127659574468086,True,False
Agent_4,288,2.2799724167361375,8.787673478096734,2105.184581980044,2318.3696248110286,49.581752222579354,11.027686189918148,2.7127659574468086,True,False
Agent_4,289,2.2799724167361375,8.787673478096734,2110.615056714123,2317.656707319018,49.58174449830196,11.02776100106981,2.723404255319149,True,False
Agent_4,290,2.2799724167361375,8.787673478096734,2111.164588907521,2318.5460505821497,49.58175235951275,11.027768929831552,2.7127659574468086,True,False
Agent_4,291,2.2799724167361375,8.787673478096734,2118.270287235831,2317.5270313147203,49.58174147767669,11.027866787010112,2.734042553191489,True,False
Agent_4,292,2.2799724167361375,8.787673478096734,2119.7264919339905,2324.694834731423,49.58180555666902,11.027889590529803,2.6808510638297873,True,False
Agent_4,293,2.2799724167361375,8.787673478096734,2119.819039631289,2322.2583617358514,49.581783632625516,11.027889961964991,2.6914893617021276,True,False
Agent_4,294,2.2799724167361375,8.787673478096734,2119.8787481972895,2322.1669186224467,49.581782796168625,11.027890753362223,2.6914893617021276,True,False
Agent_4,295,2.2799724167361375,8.787673478096734,2120.9210891701864,2318.860139550222,49.58175281872962,11.027903931425344,2.723404255319149,True,False
Agent_4,296,2.2799724167361375,8.787673478096734,2124.138273280323,2319.8246450871306,49.581760709125945,11.02794876876803,2.7127659574468086,True,False
Agent_4,297,2.2799724167361375,8.787673478096734,2121.0566920746023,2327.0238001979383,49.581826169555484,11.02790884868008,2.6595744680851063,True,False
Agent_4,298,2.2799724167361375,8.787673478096734,2117.167282651603,2329.1426379680506,49.581846158414606,11.02785586680205,2.648936170212766,True,False
Agent_4,299,2.2799724167361375,8.787673478096734,2117.326750549845,2322.7581731918976,49.581788729394894,11.027855692082264,2.6808510638297873,True,False
Agent_4,300,2.2799724167361375,8.787673478096734,2112.6949659990005,2326.363502059563,49.58182226028285,11.027793000776132,2.648936170212766,True,False
Agent_4,301,1.9379765542257168,7.7756449053618155,2117.31678990009,2327.2539201140494,49.58182914437617,11.027857229863677,2.648936170212766,True,False
Agent_4,302,1.9379765542257168,7.7756449053618155,2118.425643418798,2333.984618859987,49.581889378376694,11.027875068335167,2.606382978723404,True,False
Agent_4,303,1.9379765542257168,7.7756449053618155,2120.975986660243,2330.7300875815954,49.581859505174506,11.02790911422583,2.6382978723404253,True,False
Agent_4,304,1.9379765542257168,7.7756449053618155,2125.253378975379,2331.0471614685002,49.581861318840815,11.02796836787905,2.6382978723404253,True,False
Agent_4,305,1.9379765542257168,7.7756449053618155,2130.4764088362217,2333.1194881601814,49.5818786813936,11.028041349306068,2.648936170212766,True,False
Agent_4,306,1.9379765542257168,7.7756449053618155,2127.1008553449956,2336.7356014237726,49.58191200489573,11.027996029604536,2.617021276595745,True,False
Agent_4,307,1.9379765542257168,7.7756449053618155,2127.242992973433,2333.851648201358,49.58188604640643,11.027996919798422,2.627659574468085,True,False
Agent_4,308,1.9379765542257168,7.7756449053618155,2126.9845165850893,2337.248621920708,49.58191664466352,11.027994612412833,2.617021276595745,True,False
Agent_4,309,1.9379765542257168,7.7756449053618155,2124.3105338645596,2338.90659040432,49.581932196244324,11.027958262157766,2.606382978723404,True,False
Agent_4,310,1.9379765542257168,7.7756449053618155,2124.129243183493,2338.679579820319,49.58193019956353,11.027955671180436,2.606382978723404,True,False
Agent_4,311,1.9379765542257168,7.7756449053618155,2129.829848715234,2339.9820319348564,49.58194052593469,11.028034968315259,2.606382978723404,True,False
Agent_4,312,1.9379765542257168,7.7756449053618155,2129.898944072678,2344.8997528584687,49.58198471490397,11.028037756492601,2.5319148936170213,True,False
Agent_4,313,1.9379765542257168,7.7756449053618155,2129.7032555006404,2342.4781595459053,49.58196299446708,11.028034148495884,2.5638297872340425,True,False
Agent_4,314,1.9379765542257168,7.7756449053618155,2133.651544814606,2347.707423053775,49.5820090438156,11.02809068328981,2.5212765957446805,True,False
Agent_4,315,1.9379765542257168,7.7756449053618155,2127.9586538172507,2348.189175191732,49.58201475394322,11.028012157685714,2.5212765957446805,True,False
Agent_4,316,1.6472800710918591,6.9154206185371345,2123.927717483486,2344.453085696604,49.58198214682252,11.027955036860794,2.5425531914893615,True,False
Agent_4,317,1.6472800710918591,6.9154206185371345,2128.2264065120967,2346.9868681945222,49.5820038814407,11.028015411293767,2.5212765957446805,True,False
Agent_4,318,1.6472800710918591,6.9154206185371345,2130.3099481416384,2347.838619726825,49.58201103296653,11.028044534063286,2.5212765957446805,True,False
Agent_4,319,1.6472800710918591,6.9154206185371345,2132.382232466019,2351.1917876011184,49.58204067260678,11.028074433549575,2.5212765957446805,True,False
Agent_4,320,1.6472800710918591,6.9154206185371345,2132.212856496708,2351.301903392143,49.58204170349212,11.028072132940306,2.5212765957446805,True,False
Agent_4,321,1.6472800710918591,6.9154206185371345,2128.960390433629,2349.9635729763213,49.582030461361526,11.028026668210115,2.5212765957446805,True,False
Agent_4,322,1.6472800710918591,6.9154206185371345,2129.1691741095988,2349.8111465834972,49.58202904059427,11.028029497868227,2.5212765957446805,True,False
Agent_4,323,1.6472800710918591,6.9154206185371345,2134.4042050483663,2345.3760958527155,49.5819879049593,11.028100219985193,2.5425531914893615,True,False
Agent_4,324,1.6472800710918591,6.9154206185371345,2134.0504115468766,2345.254853596256,49.581986900845735,11.02809528354328,2.5425531914893615,True,False
Agent_4,325,1.6472800710918591,6.9154206185371345,2134.2063184292288,2343.364289637398,49.58196986866018,11.028096734311806,2.553191489361702,True,False
Agent_4,326,1.6472800710918591,6.9154206185371345,2132.8049606790564,2340.650286663747,49.58194581192471,11.02807634874718,2.595744680851064,True,False
Agent_4,327,1.6472800710918591,6.9154206185371345,2133.423497278577,2343.549454960051,49.58197172283731,11.028085980705107,2.553191489361702,True,False
Agent_4,328,1.6472800710918591,6.9154206185371345,2135.0630280431546,2344.136293621317,49.5819766006322,11.028108866204134,2.5425531914893615,True,False
Agent_4,329,1.6472800710918591,6.9154206185371345,2139.1959589560183,2349.0756223090425,49.5820199989513,11.028167845713396,2.5319148936170213,True,False
Agent_4,330,1.6472800710918591,6.9154206185371345,2139.081609877479,2348.055628099441,49.58201085787086,11.028165884622947,2.5319148936170213,True,False
Agent_4,331,1.4001880604280803,6.184229974736156,2140.2127385035037,2348.147895805602,49.582011413134765,11.028181557054852,2.5319148936170213,True,False
Agent_4,332,1.4001880604280803,6.184229974736156,2136.445341787653,2351.104882173554,49.58203890672121,11.028130574348593,2.5212765957446805,True,False
Agent_4,333,1.4001880604280803,6.184229974736156,2137.551973570911,2349.535288312398,49.582024529345944,11.02814528867543,2.5212765957446805,True,False
Agent_4,334,1.4001880604280803,6.184229974736156,2138.363958825108,2347.1783640593653,49.58200314601422,11.0281556359869,2.5319148936170213,True,False
Agent_4,335,1.4001880604280803,6.184229974736156,2139.2202904165024,2347.3936150928075,49.582004873383305,11.02816755514367,2.5319148936170213,True,False
Agent_4,336,1.4001880604280803,6.184229974736156,2137.127997458223,2347.0974107218713,49.58200271785883,11.028138518445422,2.5319148936170213,True,False
Agent_4,337,1.4001880604280803,6.184229974736156,2137.7787565269214,2344.8683064935,49.5819825225838,11.028146684421733,2.553191489361702,True,False
Agent_4,338,1.4001880604280803,6.184229974736156,2142.359447128585,2340.9879319374295,49.58194653148532,11.028208566777222,2.595744680851064,True,False
Agent_4,339,1.4001880604280803,6.184229974736156,2140.5615726907254,2336.463306311257,49.58190629506521,11.028182024370446,2.6382978723404253,True,False
Agent_4,340,1.4001880604280803,6.184229974736156,2140.9823144542,2340.7515508156002,49.58194474040119,11.028189439606285,2.585106382978723,True,False
Agent_4,341,1.4001880604280803,6.184229974736156,2136.6519730302475,2342.704103315198,49.58196334150014,11.028130299787456,2.585106382978723,True,False
Agent_4,342,1.4001880604280803,6.184229974736156,2142.454332127735,2342.776707043883,49.58196258790323,11.028210545341974,2.585106382978723,True,False
Agent_4,343,1.4001880604280803,6.184229974736156,2144.810445245284,2342.581440202717,49.58196026160309,11.028243046173664,2.595744680851064,True,False
Agent_4,344,1.4001880604280803,6.184229974736156,2143.493161973456,2348.4868626413777,49.58201366508526,11.028227035800166,2.5319148936170213,True,False
Agent_4,345,1.4001880604280803,6.184229974736156,2143.1856015611074,2349.1215226960535,49.5820194446263,11.028223020298165,2.5319148936170213,True,False
Agent_4,346,1.1901598513638683,5.562717927505324,2143.7896386403154,2347.8185800381098,49.58200758599513,11.028230885533688,2.5425531914893615,True,False
Agent_4,347,1.1901598513638683,5.562717927505324,2139.8930971640593,2349.464585247582,49.58202332640821,11.028177628749663,2.5319148936170213,True,False
Agent_4,348,1.1901598513638683,5.562717927505324,2139.7987004519327,2353.130402752211,49.582056301555035,11.028177690114141,2.5106382978723403,True,False
Agent_4,349,1.1901598513638683,5.562717927505324,2138.2169359644467,2356.7440421474485,49.58208916814196,11.028157168892779,2.4893617021276593,True,False
Agent_4,350,1.1901598513638683,5.562717927505324,2138.2194055706163,2356.7568173452382,49.582089282380515,11.028157207797399,2.4893617021276593,True,False
Agent_4,351,1.1901598513638683,5.562717927505324,2141.489289124732,2352.7100281652342,49.58205211305224,11.028200906107992,2.5106382978723403,True,False
Agent_4,352,1.1901598513638683,5.562717927505324,2142.814382827011,2354.645295312247,49.58206918814138,11.028219947138377,2.5106382978723403,True,False
Agent_4,353,1.1901598513638683,5.562717927505324,2138.1818002819014,2353.1744833501807,49.582057089663614,11.02815535261264,2.5106382978723403,True,False
Agent_4,354,1.1901598513638683,5.562717927505324,2134.672628852284,2355.60186006336,49.58207975996312,11.028107742454223,2.5,True,False
Agent_4,355,1.1901598513638683,5.562717927505324,2136.455294948443,2354.68105381767,49.58207105074659,11.028132044923362,2.5,True,False
Agent_4,356,1.1901598513638683,5.562717927505324,2136.500917214808,2354.266573091838,49.582067313896,11.028132521167132,2.5106382978723403,True,False
Agent_4,357,1.1901598513638683,5.562717927505324,2136.24508375941,2357.284823468198,49.582094507144845,11.028130109236146,2.4893617021276593,True,False
Agent_4,358,1.1901598513638683,5.562717927505324,2138.409628429308,2356.3871066297797,49.58208591292566,11.028159699857138,2.4893617021276593,True,False
Agent_4,359,1.1901598513638683,5.562717927505324,2135.6353922935264,2352.4111959452307,49.582050845552,11.028119863564791,2.5106382978723403,True,False
Agent_4,360,1.1901598513638683,5.562717927505324,2134.644832652118,2350.7187647975065,49.582035872240574,11.028105538079735,2.5212765957446805,True,False
Agent_4,361,1.011635873659288,5.034432687359118,2133.939577094012,2352.73938124137,49.58205420660976,11.028096540944698,2.5106382978723403,True,False
Agent_4,362,1.011635873659288,5.034432687359118,2133.1974677681,2352.6709432665525,49.58205377126424,11.028086255642606,2.5,True,False
Agent_4,363,1.011635873659288,5.034432687359118,2134.6625520647403,2350.720446213778,49.58203588306066,11.028105783680386,2.5212765957446805,True,False
Agent_4,364,1.011635873659288,5.034432687359118,2138.3297027900035,2350.865949340135,49.58203630225794,11.028156536905065,2.5212765957446805,True,False
Agent_4,365,1.011635873659288,5.034432687359118,2136.292906647851,2354.6788517501727,49.582071070307144,11.028129799054744,2.5,True,False
Agent_4,366,1.011635873659288,5.034432687359118,2133.122027358515,2353.8513094154664,49.58206439993468,11.02808565262149,2.5,True,False
Agent_4,367,1.011635873659288,5.034432687359118,2136.5078298188114,2353.16261446318,49.582057388665426,11.028132205248864,2.5106382978723403,True,False
Agent_4,368,1.011635873659288,5.034432687359118,2135.8906492439523,2351.038250621195,49.58203844219621,11.02812288079226,2.5212765957446805,True,False
Agent_4,369,1.011635873659288,5.034432687359118,2134.7613308900036,2354.571737483232,49.58207047862787,11.028108584815742,2.5,True,False
Agent_4,370,1.011635873659288,5.034432687359118,2134.3606984902794,2356.7468805059643,49.58209012822176,11.028103856745142,2.4893617021276593,True,False
Agent_4,371,1.011635873659288,5.034432687359118,2137.93726329095,2354.943203891775,49.58207304807099,11.0281526311194,2.5106382978723403,True,False
Agent_4,372,1.011635873659288,5.034432687359118,2139.1795383421236,2354.951138820772,49.58207281832665,11.028169808756234,2.5106382978723403,True,False
Agent_4,373,1.011635873659288,5.034432687359118,2140.9098329293042,2354.43503803928,49.58206775971335,11.028193538018272,2.5106382978723403,True,False
Agent_4,374,1.011635873659288,5.034432687359118,2138.8576780619937,2358.5365665795644,49.58210512597192,11.028166695424307,2.478723404255319,True,False
Agent_4,375,1.011635873659288,5.034432687359118,2137.804904804455,2354.4147178055346,49.582068329553174,11.028150604250998,2.5106382978723403,True,False
Agent_5,1,50.0,150.0,1568.8506766086257,1885.1702818365359,49.57798786014552,11.020110470099768,1.680851063829787,True,True
Agent_5,2,50.0,150.0,1538.589238884366,1817.1449458873444,49.57738367608367,11.01966688693187,1.6914893617021278,True,True
Agent_5,3,50.0,150.0,1413.6217579859992,1818.129646682401,49.57742267245813,11.017939708883748,1.053191489361702,True,False
Agent_5,4,50.0,150.0,1437.2583419465573,1835.053909425774,49.57756910712969,11.018272736548083,0.8191489361702128,True,False
Agent_5,5,50.0,150.0,1548.9198076672617,1862.5480545914384,49.5777893168653,11.019826547391576,1.6702127659574468,True,False
Agent_5,6,50.0,150.0,1478.1807683913871,1834.8602999974753,49.57755749659053,11.018838375963282,0.8936170212765958,True,False
Agent_5,7,50.0,150.0,1603.312359509559,1771.6756291574331,49.57695932450077,11.020544732572018,0.46808510638297873,True,False
Agent_5,8,50.0,150.0,1551.7148097143966,1749.7462623166884,49.57677465368489,11.019823319031833,0.2872340425531915,True,False
Agent_5,9,50.0,150.0,1550.5140479968436,1789.6081440135838,49.57713326665943,11.019821514411305,0.5957446808510638,True,False
Agent_5,10,50.0,150.0,1557.8378809312576,1930.760836365247,49.57840033708096,11.01997515071997,1.6702127659574468,True,False
Agent_5,11,50.0,150.0,1555.2093751564196,1929.7010629236152,49.57839144507709,11.019938420320461,1.7127659574468084,True,True
Agent_5,12,50.0,150.0,1551.1918684735833,1957.0145161758562,49.57863793852302,11.019893019550874,1.8404255319148937,True,True
Agent_5,13,50.0,150.0,1550.1346267139727,1967.481283012761,49.578732280669826,11.019882288963235,1.8617021276595744,True,True
Agent_5,14,50.0,150.0,1573.523114433364,1977.8084540031277,49.578819467413595,11.020209452439067,2.0,True,True
Agent_5,15,50.0,150.0,1492.733570149486,1946.476528003788,49.57855731769404,11.019080965298636,1.425531914893617,True,False
Agent_5,16,42.5,127.8061224489796,1455.3875027613585,2029.9815879571056,49.57931696379053,11.018595658654386,1.3191489361702127,True,False
Agent_5,17,42.5,127.8061224489796,1460.6667063391892,2120.4189883551735,49.580128643102974,11.018702190569162,0.9680851063829787,True,False
Agent_5,18,42.5,127.8061224489796,1383.87805398467,2070.4201112631067,49.57969771487506,11.01762207030079,0.4468085106382979,True,False
Agent_5,19,42.5,127.8061224489796,1404.7693708289744,2055.3884751483706,49.579557556612606,11.017905310250953,0.7446808510638299,True,False
Agent_5,20,42.5,127.8061224489796,1329.1833241154754,2015.6979105953112,49.579218993615534,11.016845655423152,0.19148936170212766,True,False
Agent_5,21,42.5,127.8061224489796,1354.305063604568,2074.967022134072,49.579745716613964,11.017214920962696,0.06382978723404255,True,False
Agent_5,22,42.5,127.8061224489796,1335.77089541328,2089.879381084209,49.57988423293061,11.016964220477941,0.09574468085106383,True,False
Agent_5,23,42.5,127.8061224489796,1290.8777234729498,2095.1687505531654,49.579942597822196,11.016345547414424,2.0531914893617023,True,True
Agent_5,24,42.5,127.8061224489796,1281.695499303821,2183.6792688860332,49.580740442918874,11.016251401788926,1.0212765957446808,True,False
Agent_5,25,42.5,127.8061224489796,1352.405431479893,2209.4951598639786,49.58095546510951,11.017238530034069,0.1276595744680851,True,False
Agent_5,26,42.5,127.8061224489796,1320.6100094699914,2196.7161772599407,49.58084825653034,11.016794223112715,0.8723404255319148,True,False
Agent_5,27,42.5,127.8061224489796,1403.7220380852675,2131.930240822321,49.58024585261437,11.017919215313187,0.07446808510638298,True,False
Agent_5,28,42.5,127.8061224489796,1374.7322025513263,2016.0493196174762,49.579211173776706,11.01747547473526,0.574468085106383,True,False
Agent_5,29,42.5,127.8061224489796,1373.3605711234666,2008.7348132877003,49.57914575339746,11.017453800900325,0.5638297872340425,True,False
Agent_5,30,42.5,127.8061224489796,1353.6045531320635,2006.4319429660482,49.57912981477868,11.017179831201664,0.37234042553191493,True,False
Agent_5,31,36.125,108.94132653061224,1341.2317247313779,2051.8490972125364,49.579541057636014,11.017025618003352,0.13829787234042554,True,False
Agent_5,32,36.125,108.94132653061224,1321.193343012509,1971.0613318221558,49.57881967497661,11.01671865573841,0.3829787234042553,True,False
Agent_5,33,36.125,108.94132653061224,1315.9183879630841,1973.9104863905472,49.57884655752649,11.016646788706648,0.6063829787234043,True,False
Agent_5,34,36.125,108.94132653061224,1262.4538684848897,2017.4613037469867,49.57925092269384,11.015923808739528,2.8617021276595747,True,True
Agent_5,35,36.125,108.94132653061224,1275.743032915483,2034.7147437940803,49.5794028149155,11.01611391691167,2.734042553191489,True,False
Agent_5,36,36.125,108.94132653061224,1232.1550075091986,2066.9931580154007,49.579703469131786,11.015523288235727,2.117021276595745,True,False
Agent_5,37,36.125,108.94132653061224,1277.733547232253,2075.6628515540956,49.57977042344425,11.016156606243282,2.276595744680851,True,False
Agent_5,38,36.125,108.94132653061224,1338.4071886251893,2150.937223039024,49.58043245437772,11.01702329859566,0.20212765957446807,True,False
Agent_5,39,36.125,108.94132653061224,1318.3779886641294,2210.629495733844,49.58097386304715,11.016768522320508,0.7978723404255319,True,False
Agent_5,40,36.125,108.94132653061224,1211.89362463233,2214.8576914650303,49.581037523251005,11.015297944209076,0.5638297872340425,True,False
Agent_5,41,36.125,108.94132653061224,1155.3486342865788,2158.2654539663536,49.580542421844555,11.014495258028946,0.37234042553191493,True,False
Agent_5,42,36.125,108.94132653061224,1153.1235987956645,2160.700985523924,49.580564850786,11.01446539885954,0.3404255319148936,True,False
Agent_5,43,36.125,108.94132653061224,1144.6485831910436,2155.340942400308,49.58051870858645,11.014346248631705,0.26595744680851063,True,False
Agent_5,44,36.125,108.94132653061224,1132.8924660873438,2170.993925211324,49.5806622450834,11.014189515977014,0.2127659574468085,True,False
Agent_5,45,36.125,108.94132653061224,1143.839183292633,2128.794305569819,49.580280271877996,11.01432523176373,0.2127659574468085,True,False
Agent_5,46,30.70625,92.90625000000001,1223.9777872225843,2170.635618045905,49.58063709481881,11.015448628217896,1.0,True,False
Agent_5,47,30.70625,92.90625000000001,1286.3712114877126,2179.0552544824172,49.58069775051451,11.016314329653506,1.0851063829787235,True,False
Agent_5,48,30.70625,92.90625000000001,1224.6671922978376,2159.5357399644454,49.580537150462256,11.015454047890923,1.0957446808510638,True,False
Agent_5,49,30.70625,92.90625000000001,1303.9239059809745,2122.45075220478,49.58018469589395,11.016536016867054,1.6063829787234043,True,False
Agent_5,50,30.70625,92.90625000000001,1308.1884470152272,2055.7132775004943,49.57958375632959,11.016570241046894,2.4468085106382977,True,False
Agent_5,51,30.70625,92.90625000000001,1289.516948300179,2033.5801532455587,49.57938929754181,11.016303914412207,2.734042553191489,True,False
Agent_5,52,30.70625,92.90625000000001,1273.8948809722222,1995.1443330303175,49.57904755635144,11.016073706794517,3.0638297872340425,True,True
Agent_5,53,30.70625,92.90625000000001,1270.8031110761656,1990.620223069764,49.5790076333121,11.016029288769358,3.095744680851064,True,True
Agent_5,54,30.70625,92.90625000000001,1250.8197626295027,1916.96234019768,49.578350325968685,11.015725746465035,5.4361702127659575,True,True
Agent_5,55,30.70625,92.90625000000001,1275.6169397857668,1971.6640019359504,49.578836073611406,11.016088814177824,3.6276595744680855,True,False
Agent_5,56,30.70625,92.90625000000001,1349.2675260511062,2004.9337249846556,49.57911739245417,11.017119318856759,0.32978723404255317,True,False
Agent_5,57,30.70625,92.90625000000001,1399.6578504256336,1973.5635478107918,49.57882325449142,11.017804304648784,0.9468085106382979,True,False
Agent_5,58,30.70625,92.90625000000001,1418.6913059410292,2030.994421796272,49.579334918399915,11.018088728107728,1.127659574468085,True,False
Agent_5,59,30.70625,92.90625000000001,1503.2808098582784,2040.480136139843,49.57939978257853,11.019261654478607,1.5425531914893618,True,False
Agent_5,60,30.70625,92.90625000000001,1478.9825925556306,2066.649410392458,49.57964088356684,11.018935452792585,1.446808510638298,True,False
Agent_5,61,26.1003125,79.2764349489796,1425.0125418710302,2032.472158984945,49.579346677611284,11.018176664049122,1.1170212765957448,True,False
Agent_5,62,26.1003125,79.2764349489796,1390.0987693370914,2082.172635461392,49.579801860023,11.017712426949902,0.4468085106382979,True,False
Agent_5,63,26.1003125,79.2764349489796,1346.160345458635,2099.6108057164256,49.579969205910096,11.01711145836212,0.010638297872340425,True,False
Agent_5,64,26.1003125,79.2764349489796,1360.3259320922357,2100.965841626775,49.5799779720326,11.017307795418569,0.031914893617021274,True,False
Agent_5,65,26.1003125,79.2764349489796,1372.8073489920932,2048.0729247177865,49.57949950207907,11.017460737097295,0.35106382978723405,True,False
Agent_5,66,26.1003125,79.2764349489796,1358.3755413702434,2013.932072275559,49.579196084426215,11.0172485677554,0.37234042553191493,True,False
Agent_5,67,26.1003125,79.2764349489796,1360.9446775464676,2054.2151203596895,49.57955757466008,11.01729901802462,0.2553191489361702,True,False
Agent_5,68,26.1003125,79.2764349489796,1351.0407355158873,2102.702852267908,49.579995824383566,11.017180074416409,0.031914893617021274,True,False
Agent_5,69,26.1003125,79.2764349489796,1327.7192632036163,2160.6350564574122,49.580522205356935,11.016879134494028,0.48936170212765956,True,False
Agent_5,70,26.1003125,79.2764349489796,1323.5293743181248,2159.7498119966813,49.58051525753766,11.016820881840836,0.6382978723404255,True,False
Agent_5,71,26.1003125,79.2764349489796,1279.2839712390623,2168.681789321436,49.58060620958415,11.016212505625756,1.148936170212766,True,False
Agent_5,72,26.1003125,79.2764349489796,1209.320931274724,2164.6353140416836,49.58058668691573,11.015243776632234,0.9680851063829787,True,False
Agent_5,73,26.1003125,79.2764349489796,1201.291754057844,2176.4401359960048,49.58069473552796,11.015137145962333,0.7553191489361702,True,False
Agent_5,74,26.1003125,79.2764349489796,1204.9776849180887,2202.020545403874,49.58092379379884,11.015197577141265,0.6170212765957447,True,False
Agent_5,75,26.1003125,79.2764349489796,1209.756900489656,2212.806326673661,49.581019597802786,11.015267644254415,0.574468085106383,True,False
Agent_5,76,22.185265625,67.69109215561224,1205.3975924654524,2216.866680798292,49.58105714664099,11.015208880591778,0.5212765957446809,True,False
Agent_5,77,22.185265625,67.69109215561224,1191.7641861311545,2193.9789386875555,49.58085468838094,11.015011923023001,0.6063829787234043,True,False
Agent_5,78,22.185265625,67.69109215561224,1226.6417157983901,2232.4826101059753,49.581192404297866,11.015508364898555,0.5,True,False
Agent_5,79,22.185265625,67.69109215561224,1225.9721564644474,2229.9352734890194,49.581169667199696,11.015498164667743,0.5212765957446809,True,False
Agent_5,80,22.185265625,67.69109215561224,1280.0815002329398,2242.3017155120333,49.581267796690184,11.016250810272123,0.5638297872340425,True,False
Agent_5,81,22.185265625,67.69109215561224,1273.4854270996802,2245.2314899953103,49.58129572197462,11.016160704746236,0.5531914893617021,True,False
Agent_5,82,22.185265625,67.69109215561224,1278.7731667142748,2227.3134812052535,49.58113338069115,11.016227168758881,0.6595744680851063,True,False
Agent_5,83,22.185265625,67.69109215561224,1282.964907118833,2255.83488804552,49.58138875344934,11.016295688285021,0.48936170212765956,True,False
Agent_5,84,22.185265625,67.69109215561224,1285.700480504927,2262.071126869163,49.58144415271344,11.016335818741823,0.4468085106382979,True,False
Agent_5,85,22.185265625,67.69109215561224,1269.5087421533674,2246.07502419156,49.58130426266157,11.016106039360666,0.5319148936170213,True,False
Agent_5,86,22.185265625,67.69109215561224,1216.4261594103687,2275.7838172509632,49.58158410498643,11.015383172499607,0.19148936170212766,True,False
Agent_5,87,22.185265625,67.69109215561224,1223.9633812437241,2335.0138257615763,49.582114716305725,11.015509315322179,0.0,True,False
Agent_5,88,22.185265625,67.69109215561224,1177.7283363175095,2301.3722144573208,49.58182344089221,11.01485764422733,0.0,True,False
Agent_5,89,22.185265625,67.69109215561224,1222.9334436927725,2292.6261823011214,49.58173393611796,11.015479375223277,0.09574468085106383,True,False
Agent_5,90,22.185265625,67.69109215561224,1221.718017246332,2265.395472249271,49.581489448297766,11.015452485387964,0.2765957446808511,True,False
Agent_5,91,18.85747578125,57.84355078125,1213.4379478773235,2291.323196981646,49.58172451021997,11.015347615530967,0.0851063829787234,True,False
Agent_5,92,18.85747578125,57.84355078125,1213.2044996613158,2291.1713732750404,49.5817232016758,11.015344331831297,0.0851063829787234,True,False
Agent_5,93,18.85747578125,57.84355078125,1223.374611109135,2256.310327735141,49.581407381733115,11.015472022837045,0.3404255319148936,True,False
Agent_5,94,18.85747578125,57.84355078125,1175.2867836618086,2287.8989019216733,49.581702915252855,11.014818900207965,0.0,True,False
Agent_5,95,18.85747578125,57.84355078125,1219.268408283511,2293.968281142253,49.58174688309965,11.015429202505938,0.09574468085106383,True,False
Agent_5,96,18.85747578125,57.84355078125,1246.7501651330772,2295.384927148854,49.58175299837271,11.015809668012263,0.15957446808510636,True,False
Agent_5,97,18.85747578125,57.84355078125,1228.55128994849,2269.4658711327115,49.58152439193212,11.015548463987527,0.26595744680851063,True,False
Agent_5,98,18.85747578125,57.84355078125,1277.0667075759775,2278.428066543672,49.581593267558,11.016222516836544,0.32978723404255317,True,False
Agent_5,99,18.85747578125,57.84355078125,1256.0410287477473,2225.4405239626954,49.58112202077581,11.01591220258489,0.6276595744680851,True,False
Agent_5,100,18.85747578125,57.84355078125,1233.402222644434,2212.5751231114477,49.5810118249563,11.015594455014286,0.6595744680851063,True,False
Agent_5,101,18.85747578125,57.84355078125,1201.628200234029,2196.769853375414,49.58087740115812,11.015149326095557,0.6382978723404255,True,False
Agent_5,102,18.85747578125,57.84355078125,1201.9051500064745,2203.6176072789895,49.58093888987586,11.015155690895915,0.5957446808510638,True,False
Agent_5,103,18.85747578125,57.84355078125,1219.450204528422,2236.4870863005744,49.581230133047335,11.015410425164529,0.4468085106382979,True,False
Agent_5,104,18.85747578125,57.84355078125,1233.1558606736896,2267.447902051885,49.58150514312246,11.015611375281537,0.2978723404255319,True,False
Agent_5,105,18.85747578125,57.84355078125,1215.9476334920184,2260.6668632563724,49.58144833187184,11.015370957696765,0.2765957446808511,True,False
Agent_5,106,16.028854414062497,49.473140613042084,1216.5837730023893,2255.9984674160896,49.58140621382701,11.015378023291008,0.30851063829787234,True,False
Agent_5,107,16.028854414062497,49.473140613042084,1226.656500193702,2243.731484671406,49.58129351839764,11.015512735962188,0.425531914893617,True,False
Agent_5,108,16.028854414062497,49.473140613042084,1231.3429717736376,2248.701497945323,49.5813370658032,11.01557936775527,0.40425531914893614,True,False
Agent_5,109,16.028854414062497,49.473140613042084,1243.8821233352073,2260.896075046162,49.58144366431056,11.015757240071169,0.3617021276595745,True,False
Agent_5,110,16.028854414062497,49.473140613042084,1225.0755857709912,2237.4760410452386,49.58123766811333,11.015488562667597,0.46808510638297873,True,False
Agent_5,111,16.028854414062497,49.473140613042084,1199.1318068254438,2208.0061926116427,49.58097900728526,11.015118974733646,0.5531914893617021,True,False
Agent_5,112,16.028854414062497,49.473140613042084,1194.7760820680812,2188.4535917966623,49.5808042950573,11.015051516198179,0.6595744680851063,True,False
Agent_5,113,16.028854414062497,49.473140613042084,1197.1041681408824,2141.289105182416,49.5803797663508,11.015066235929599,1.053191489361702,True,False
Agent_5,114,16.028854414062497,49.473140613042084,1211.223979773597,2100.339046898377,49.58000826058727,11.01524627398529,1.425531914893617,True,False
Agent_5,115,16.028854414062497,49.473140613042084,1209.5565408498417,2062.7904367628817,49.579671132416294,11.015209316555168,1.2234042553191489,True,False
Agent_5,116,16.028854414062497,49.473140613042084,1209.036896110188,2062.6546822814626,49.579670037230365,11.015202082393055,1.202127659574468,True,False
Agent_5,117,16.028854414062497,49.473140613042084,1209.036896110188,2062.6546822814626,49.579670037230365,11.015202082393055,1.202127659574468,False,False
Agent_5,118,16.028854414062497,49.473140613042084,1199.0917098052,2041.6005753079103,49.579483173605716,11.015056797619032,0.6808510638297872,True,False
Agent_5,119,16.028854414062497,49.473140613042084,1195.4828152775895,2023.1289121016193,49.57931799815479,11.015000066351089,0.648936170212766,True,False
Agent_5,120,16.028854414062497,49.473140613042084,1203.954906973506,2002.9532574345944,49.579134596434045,11.01510971770225,0.6914893617021276,True,False
Agent_5,121,13.624526251953123,42.35829197006536,1206.2718019410859,2002.0714038082087,49.5791261114472,11.0151414209706,0.6170212765957447,True,False
Agent_5,122,13.624526251953123,42.35829197006536,1177.4785387894947,2023.8260627222908,49.579328599626486,11.01475142402279,1.0957446808510638,True,False
Agent_5,123,13.624526251953123,42.35829197006536,1163.439283268672,2041.8344604313968,49.579493859405616,11.014564004890458,0.8404255319148936,True,False
Agent_5,124,13.624526251953123,42.35829197006536,1161.0903189724504,2028.3969874021168,49.579373633468556,11.014526556867875,1.1170212765957448,True,False
Agent_5,125,13.624526251953123,42.35829197006536,1162.7940668068857,2030.453229899873,49.57939170720467,11.0145508716261,1.0425531914893618,True,False
Agent_5,126,13.624526251953123,42.35829197006536,1162.8680290630352,2025.2684432874519,49.57934508260713,11.014549974677024,1.2234042553191489,True,False
Agent_5,127,13.624526251953123,42.35829197006536,1159.300003746215,2046.6659344767615,49.579538286623105,11.0145085697463,0.7340425531914894,True,False
Agent_5,128,13.624526251953123,42.35829197006536,1133.4842732337136,2023.11433390218,49.57933279154311,11.014142960744975,1.3617021276595744,True,False
Agent_5,129,13.624526251953123,42.35829197006536,1159.678231662604,2013.996022719801,49.579244521030574,11.014501704214927,1.4042553191489362,True,False
Agent_5,130,13.624526251953123,42.35829197006536,1149.1747049528733,2019.153394239198,49.57929340964385,11.014358407306394,1.3617021276595744,True,False
Agent_5,131,13.624526251953123,42.35829197006536,1131.8451538614859,2015.0286341933881,49.57926050249065,11.014117307961786,1.425531914893617,True,False
Agent_5,132,13.624526251953123,42.35829197006536,1125.0134436323503,1997.235470428579,49.57910220125691,11.014016277557532,1.4574468085106382,True,False
Agent_5,133,13.624526251953123,42.35829197006536,1148.7469371218142,2004.750255620423,49.57916404070016,11.014347162042023,1.6170212765957446,True,False
Agent_5,134,13.624526251953123,42.35829197006536,1159.7009965911925,1973.8834833554895,49.57888393812767,11.014487169568014,1.978723404255319,True,False
Agent_5,135,13.624526251953123,42.35829197006536,1159.7428406678296,1974.3399719414074,49.578888031497456,11.014487917024198,1.9680851063829787,True,False
Agent_5,136,11.580847314160154,36.31067062353515,1172.3569433379694,1944.3216370873217,49.57861515587005,11.014651186067034,2.5106382978723403,True,False
Agent_5,137,11.580847314160154,36.31067062353515,1150.1389840901734,1932.592258297444,49.578515066874495,11.014339696104683,1.5531914893617023,True,False
Agent_5,138,11.580847314160154,36.31067062353515,1163.4469756439773,1939.1499402781524,49.57857081156104,11.014526097286529,2.0531914893617023,True,False
Agent_5,139,11.580847314160154,36.31067062353515,1165.3316498727731,1943.6718000047322,49.578611005543735,11.014553825584553,2.2127659574468086,True,False
Agent_5,140,11.580847314160154,36.31067062353515,1163.3126089660286,1943.1637692258712,49.578606924796766,11.014525725646811,2.0851063829787235,True,False
Agent_5,141,11.580847314160154,36.31067062353515,1139.9054028497937,1940.6533280710519,49.578589992069666,11.014201207705364,1.276595744680851,True,False
Agent_5,142,11.580847314160154,36.31067062353515,1142.7669702680485,1935.4596888642773,49.57854261696771,11.014238844551562,1.3297872340425532,True,False
Agent_5,143,11.580847314160154,36.31067062353515,1167.0955260091077,1927.595254315469,49.578466066542475,11.014572258428965,2.138297872340426,True,False
Agent_5,144,11.580847314160154,36.31067062353515,1158.9835919197103,1943.930408963999,49.578614858273966,11.014466163726294,1.9148936170212765,True,False
Agent_5,145,11.580847314160154,36.31067062353515,1143.0321083360311,1924.3469856230333,49.578442659430614,11.014238396663261,1.202127659574468,True,False
Agent_5,146,11.580847314160154,36.31067062353515,1145.7502734558082,1923.4537348910014,49.578433975656004,11.014275642694475,1.2553191489361701,True,False
Agent_5,147,11.580847314160154,36.31067062353515,1152.939413213975,1913.3218318816914,49.5783411681432,11.014371276879563,1.351063829787234,True,False
Agent_5,148,11.580847314160154,36.31067062353515,1155.829904796497,1921.3645085158153,49.578412769206416,11.014414212889792,1.6595744680851061,True,False
Agent_5,149,11.580847314160154,36.31067062353515,1163.279276654939,1918.4580989858741,49.57838484995576,11.01451611906186,1.8829787234042554,True,False
Agent_5,150,11.580847314160154,36.31067062353515,1137.9438920513358,1907.2922323626756,49.57829057634268,11.014161743403928,0.851063829787234,True,False
Agent_5,151,9.84372021703613,31.170192478984468,1145.8960580351566,1891.202158858464,49.57814402640352,11.01426572041638,0.8404255319148936,True,False
Agent_5,152,9.84372021703613,31.170192478984468,1150.6029313166398,1912.364842027935,49.578333127995826,11.014338622545315,1.276595744680851,True,False
Agent_5,153,9.84372021703613,31.170192478984468,1146.4424163619783,1926.2829320637636,49.578459241136926,11.014286258282874,1.3297872340425532,True,False
Agent_5,154,9.84372021703613,31.170192478984468,1121.7946571127356,1922.4920315552959,49.57843109601795,11.013944117757898,0.6914893617021276,True,False
Agent_5,155,9.84372021703613,31.170192478984468,1121.6397603881057,1921.1750363782799,49.57841929462729,11.013941489026045,0.6702127659574468,True,False
Agent_5,156,9.84372021703613,31.170192478984468,1136.2256723130947,1897.9468284504376,49.57820698264473,11.014134531449733,0.7021276595744681,True,False
Agent_5,157,9.84372021703613,31.170192478984468,1132.0600233759121,1880.9692402423163,49.578055371098976,11.014070661186878,0.39361702127659576,True,False
Agent_5,158,9.84372021703613,31.170192478984468,1157.8554051637188,1870.614736472858,49.577956084529916,11.014423427919517,0.8829787234042553,True,False
Agent_5,159,9.84372021703613,31.170192478984468,1149.8606174949691,1854.2532018514678,49.57781093257097,11.01430685076813,0.35106382978723405,True,False
Agent_5,160,9.84372021703613,31.170192478984468,1151.376924271319,1853.2732746029512,49.57780175890549,11.014327449623483,0.37234042553191493,True,False
Agent_5,161,9.84372021703613,31.170192478984468,1145.3776828073205,1851.1825513094805,49.57778440899862,11.014243741705007,0.22340425531914895,True,False
Agent_5,162,9.84372021703613,31.170192478984468,1145.4719687728586,1823.6027668962436,49.57753646753228,11.014234837089628,0.010638297872340425,True,False
Agent_5,163,9.84372021703613,31.170192478984468,1142.2271791154594,1818.873552033829,49.57749473684951,11.01418823069431,0.0,True,False
Agent_5,164,9.84372021703613,31.170192478984468,1118.0052650778503,1829.7794209739982,49.5775986003544,11.01385742247776,0.0,True,False
Agent_5,165,9.84372021703613,31.170192478984468,1111.5246625259945,1833.1474231174727,49.57763043523317,11.01376908065925,0.0,True,False
Agent_5,166,8.36716218448071,26.800786056116387,1108.4616025815023,1843.9015369198214,49.577727842614934,11.013730716149187,0.0,True,False
Agent_5,167,8.36716218448071,26.800786056116387,1094.4521346327733,1834.5261090713764,49.57764693621086,11.013533579262715,0.010638297872340425,True,False
Agent_5,168,8.36716218448071,26.800786056116387,1097.2274604753347,1839.061201190278,49.57768703511467,11.013573623530098,0.010638297872340425,True,False
Agent_5,169,8.36716218448071,26.800786056116387,1098.048997077113,1838.5788825393174,49.57768250181894,11.01358480204616,0.010638297872340425,True,False
Agent_5,170,8.36716218448071,26.800786056116387,1103.7317125475806,1854.9036039292328,49.577827879930304,11.013669400804954,0.02127659574468085,True,False
Agent_5,171,8.36716218448071,26.800786056116387,1120.5932987513527,1849.976814701873,49.577779534993965,11.01390067390204,0.0425531914893617,True,False
Agent_5,172,8.36716218448071,26.800786056116387,1096.6227332223013,1839.7238492367148,49.57769313725419,11.013565508921927,0.010638297872340425,True,False
Agent_5,173,8.36716218448071,26.800786056116387,1094.3441675851113,1837.8768480246201,49.57767708248955,11.013533326485108,0.0,True,False
Agent_5,174,8.36716218448071,26.800786056116387,1104.2105104156508,1817.5320481148121,49.5774918261494,11.0136621914409,0.0,True,False
Agent_5,175,8.36716218448071,26.800786056116387,1121.0787201248504,1834.239466969273,49.57763795280202,11.013901560547978,0.0,True,False
Agent_5,176,8.36716218448071,26.800786056116387,1145.140714547494,1844.513707530098,49.57772451880639,11.014237997505655,0.1276595744680851,True,False
Agent_5,177,8.36716218448071,26.800786056116387,1150.227714502177,1848.340024478609,49.57775768979075,11.014309736837205,0.26595744680851063,True,False
Agent_5,178,8.36716218448071,26.800786056116387,1136.9551915443885,1832.2666110750542,49.57761639784218,11.01412030751173,0.010638297872340425,True,False
Agent_5,179,8.36716218448071,26.800786056116387,1154.6438765795983,1824.9669433157371,49.57754652279019,11.014362134661864,0.10638297872340426,True,False
Agent_5,180,8.36716218448071,26.800786056116387,1173.70463116445,1843.0269963086187,49.5777042791956,11.014632316706814,1.127659574468085,True,False
Agent_5,181,7.1120878568086034,23.086790596678522,1174.5637012910504,1843.9763302969823,49.57771260609818,11.014644543992375,1.2234042553191489,True,False
Agent_5,182,7.1120878568086034,23.086790596678522,1177.5702382251702,1848.0367608687263,49.57774838214338,11.014687609769434,1.5106382978723405,True,False
Agent_5,183,7.1120878568086034,23.086790596678522,1188.4232029265884,1850.2619613769311,49.57776577205506,11.014838465817189,2.723404255319149,True,False
Agent_5,184,7.1120878568086034,23.086790596678522,1181.9848038613377,1852.7863624967638,49.57779001426568,11.014750395465267,2.0851063829787235,True,False
Agent_5,185,7.1120878568086034,23.086790596678522,1194.3550970538963,1840.2695704257596,49.57767452088386,11.014916769077244,4.276595744680852,True,False
Agent_5,186,7.1120878568086034,23.086790596678522,1192.8941783120854,1834.4627947379558,49.57762267466235,11.014894423314404,2.8297872340425534,True,False
Agent_5,187,7.1120878568086034,23.086790596678522,1199.67606051171,1831.6904683233702,49.57759612101095,11.014987149816461,7.712765957446808,True,True
Agent_5,188,7.1120878568086034,23.086790596678522,1199.67606051171,1831.6904683233702,49.57759612101095,11.014987149816461,7.712765957446808,False,True
Agent_5,189,7.1120878568086034,23.086790596678522,1185.9046662800038,1834.892478466411,49.57762821987067,11.0147979591096,1.8617021276595744,True,False
Agent_5,190,7.1120878568086034,23.086790596678522,1185.9677379965601,1834.372811304836,49.57762353332292,11.014798638619434,1.8404255319148937,True,False
Agent_5,191,7.1120878568086034,23.086790596678522,1179.7058908744684,1831.9481892495678,49.577603245507994,11.014711176967342,1.202127659574468,True,False
Agent_5,192,7.1120878568086034,23.086790596678522,1182.508448600442,1840.7564292406864,49.577681749385015,11.014753180617165,1.680851063829787,True,False
Agent_5,193,7.1120878568086034,23.086790596678522,1191.095972520884,1841.3181714551604,49.57768473156106,11.014872103004803,2.8191489361702127,True,False
Agent_5,194,7.1120878568086034,23.086790596678522,1200.4222298253055,1832.5493311597031,49.577603661800325,11.014997782890859,7.953191489361703,True,True
Agent_5,195,7.1120878568086034,23.086790596678522,1215.7609680156445,1835.8211277067028,49.57762937918903,11.015211037639666,9.117021276595745,True,True
Agent_5,196,6.045274678287313,19.929894456156333,1201.882752175745,1841.153047896255,49.57768065020212,11.01502115889942,8.27659574468085,True,False
Agent_5,197,6.045274678287313,19.929894456156333,1201.882752175745,1841.153047896255,49.57768065020212,11.01502115889942,8.27659574468085,False,False
Agent_5,198,6.045274678287313,19.929894456156333,1201.882752175745,1841.153047896255,49.57768065020212,11.01502115889942,8.27659574468085,False,False
Agent_5,199,6.045274678287313,19.929894456156333,1210.7399833039776,1837.5903400079815,49.57764649188788,11.015142282483032,8.97872340425532,True,False
Agent_5,200,6.045274678287313,19.929894456156333,1210.036475326818,1836.7098677219249,49.577638746589656,11.015132231127518,8.98936170212766,True,False
Agent_5,201,6.045274678287313,19.929894456156333,1217.1799754604053,1836.3524450829127,49.57763381358853,11.015230850803167,9.042553191489363,True,False
Agent_5,202,6.045274678287313,19.929894456156333,1215.0079002498169,1827.7537272545046,49.57755704150416,11.015197639822636,9.382978723404255,True,True
Agent_5,203,6.045274678287313,19.929894456156333,1196.073790862567,1825.815925286482,49.577544181186674,11.014935176858016,3.0744680851063833,True,False
Agent_5,204,6.045274678287313,19.929894456156333,1196.073790862567,1825.815925286482,49.577544181186674,11.014935176858016,3.0744680851063833,False,False
Agent_5,205,6.045274678287313,19.929894456156333,1197.9363964271777,1826.8519412707603,49.57755304564132,11.014961309139945,4.957446808510638,True,False
Agent_5,206,6.045274678287313,19.929894456156333,1196.7023639419451,1821.733873448401,49.57750733569684,11.014942354862987,2.9680851063829787,True,False
Agent_5,207,6.045274678287313,19.929894456156333,1206.0060890048996,1837.2040664297665,49.57764415944938,11.015076697893395,8.819148936170212,True,False
Agent_5,208,6.045274678287313,19.929894456156333,1206.0060890048996,1837.2040664297665,49.57764415944938,11.015076697893395,8.819148936170212,False,False
Agent_5,209,6.045274678287313,19.929894456156333,1206.0060890048996,1837.2040664297665,49.57764415944938,11.015076697893395,8.819148936170212,False,False
Agent_5,210,6.045274678287313,19.929894456156333,1205.69906496599,1829.3807139390851,49.57757390813264,11.01506955675409,8.946808510638297,True,False
Agent_5,211,5.1384834765442156,17.246532736712474,1196.733714419712,1816.7447772712014,49.57746248044117,11.014940941019328,2.6702127659574466,True,False
Agent_5,212,5.1384834765442156,17.246532736712474,1186.2845140715226,1808.3449808242526,49.57738948910545,11.014793381515412,0.3617021276595745,True,False
Agent_5,213,5.1384834765442156,17.246532736712474,1174.3442157801187,1806.4250173666258,49.577375104685885,11.014627608376966,0.02127659574468085,True,False
Agent_5,214,5.1384834765442156,17.246532736712474,1182.4952868163343,1818.1827075817914,49.57747883408119,11.014744641429404,0.6914893617021276,True,False
Agent_5,215,5.1384834765442156,17.246532736712474,1177.0977780540559,1817.3852822365366,49.57747296526136,11.01466973106144,0.3191489361702127,True,False
Agent_5,216,5.1384834765442156,17.246532736712474,1185.9283588024011,1816.5395802316016,49.57746323729478,11.014791491882832,1.053191489361702,True,False
Agent_5,217,5.1384834765442156,17.246532736712474,1184.5110330898312,1814.3558679142961,49.5774439487947,11.014771090321343,0.648936170212766,True,False
Agent_5,218,5.1384834765442156,17.246532736712474,1184.3954241607196,1814.3565651579277,49.577443982893946,11.014769492402932,0.648936170212766,True,False
Agent_5,219,5.1384834765442156,17.246532736712474,1182.8156097862318,1815.2403138377006,49.57745230736115,11.014747980245954,0.5638297872340425,True,False
Agent_5,220,5.1384834765442156,17.246532736712474,1177.8843392874758,1820.435252663734,49.57750019254397,11.014681733599991,0.4787234042553191,True,False
Agent_5,221,5.1384834765442156,17.246532736712474,1176.0221385844286,1815.5215060030532,49.577456470439046,11.014654171451818,0.20212765957446807,True,False
Agent_5,222,5.1384834765442156,17.246532736712474,1173.6169588798382,1814.4074679089192,49.57744703517087,11.014620509852136,0.1276595744680851,True,False
Agent_5,223,5.1384834765442156,17.246532736712474,1171.1207494567072,1814.7797493673345,49.5774509825498,11.014586140089195,0.13829787234042554,True,False
Agent_5,224,5.1384834765442156,17.246532736712474,1168.1194287078176,1827.866566867095,49.577569344337554,11.014549494355116,0.2553191489361702,True,False
Agent_5,225,5.1384834765442156,17.246532736712474,1160.5505300820337,1825.929313918636,49.57755375197406,11.014444144596723,0.11702127659574468,True,False
Agent_5,226,4.3677109550625834,14.965675275185195,1162.9051769715356,1822.5016811487224,49.57752237370829,11.014475426484234,0.10638297872340426,True,False
Agent_5,227,4.3677109550625834,14.965675275185195,1171.2193246246165,1831.918185706543,49.577605018738254,11.014593847270337,0.5319148936170213,True,False
Agent_5,228,4.3677109550625834,14.965675275185195,1170.2517450082655,1835.0966872971042,49.57763382366877,11.01458164806284,0.6170212765957447,True,False
Agent_5,229,4.3677109550625834,14.965675275185195,1172.152760864012,1837.8590067171071,49.577658196951404,11.014608950385943,0.7872340425531915,True,False
Agent_5,230,4.3677109550625834,14.965675275185195,1163.8090422372597,1833.1824792633247,49.577618167408794,11.01449187526326,0.2765957446808511,True,False
Agent_5,231,4.3677109550625834,14.965675275185195,1162.696252369168,1831.9785509551687,49.57760761297515,11.014476046352703,0.2127659574468085,True,False
Agent_5,232,4.3677109550625834,14.965675275185195,1162.8332702913042,1833.832055206343,49.57762424141665,11.01447862660632,0.26595744680851063,True,False
Agent_5,233,4.3677109550625834,14.965675275185195,1150.2072332906741,1834.7194311648134,49.57763525719205,11.014304412174907,0.11702127659574468,True,False
Agent_5,234,4.3677109550625834,14.965675275185195,1151.1192010292775,1846.2144255498345,49.57773836789932,11.014321274042757,0.2872340425531915,True,False
Agent_5,235,4.3677109550625834,14.965675275185195,1154.884571028673,1843.3822418823158,49.57771200269583,11.014372278461627,0.2872340425531915,True,False
Agent_5,236,4.3677109550625834,14.965675275185195,1155.043444483062,1841.4157037154519,49.57769428695437,11.014373746819896,0.2765957446808511,True,False
Agent_5,237,4.3677109550625834,14.965675275185195,1155.8276104835677,1853.7181421097696,49.577804686642835,11.014389140995412,0.5106382978723404,True,False
Agent_5,238,4.3677109550625834,14.965675275185195,1147.8221193251075,1850.0706509865747,49.57777382563571,11.014277122259521,0.2553191489361702,True,False
Agent_5,239,4.3677109550625834,14.965675275185195,1147.8221193251075,1850.0706509865747,49.57777382563571,11.014277122259521,0.2553191489361702,False,False
Agent_5,240,4.3677109550625834,14.965675275185195,1157.050239072275,1843.2887029523908,49.577710640595946,11.014402182179195,0.3191489361702127,True,False
Agent_5,241,3.7125543118031956,13.026946432887009,1147.606625268233,1836.3817571386678,49.57765082600697,11.014269076527938,0.11702127659574468,True,False
Agent_5,242,3.7125543118031956,13.026946432887009,1157.6742453542415,1844.1263595673604,49.577718020218285,11.014411118550537,0.3617021276595745,True,False
Agent_5,243,3.7125543118031956,13.026946432887009,1148.420519004763,1851.6171189267611,49.577787583040646,11.014285966993778,0.2872340425531915,True,False
Agent_5,244,3.7125543118031956,13.026946432887009,1150.3290879858746,1849.335982777306,49.57776661820797,11.0143115068783,0.2978723404255319,True,False
Agent_5,245,3.7125543118031956,13.026946432887009,1150.8003877073772,1850.478458440059,49.577776774655185,11.014318445044763,0.30851063829787234,True,False
Agent_5,246,3.7125543118031956,13.026946432887009,1152.8850759013053,1857.9601397237482,49.57784352683181,11.014350033293683,0.48936170212765956,True,False
Agent_5,247,3.7125543118031956,13.026946432887009,1154.682193916218,1861.1845288242043,49.577872078788246,11.01437607036525,0.5957446808510638,True,False
Agent_5,248,3.7125543118031956,13.026946432887009,1152.912471031333,1871.6784737820512,49.577966836364354,11.014355489866347,0.7127659574468085,True,False
Agent_5,249,3.7125543118031956,13.026946432887009,1154.2130638046392,1869.218338068053,49.57794440879905,11.014372558809686,0.7127659574468085,True,False
Agent_5,250,3.7125543118031956,13.026946432887009,1151.5356728472527,1868.548183126144,49.577939029102694,11.014335298141859,0.6170212765957447,True,False
Agent_5,251,3.7125543118031956,13.026946432887009,1149.21892910973,1870.555753971957,49.577957633064074,11.014304014257196,0.5851063829787234,True,False
Agent_5,252,3.7125543118031956,13.026946432887009,1142.4273709434456,1869.3880584826338,49.57794877106827,11.014209694622142,0.41489361702127653,True,False
Agent_5,253,3.7125543118031956,13.026946432887009,1137.1405221523635,1864.2530241091513,49.57790388386694,11.0141347079655,0.22340425531914895,True,False
Agent_5,254,3.7125543118031956,13.026946432887009,1143.6311648108879,1857.6241582524124,49.577842733903715,11.014221981888921,0.2553191489361702,True,False
Agent_5,255,3.7125543118031956,13.026946432887009,1144.6949885448794,1869.8974270450126,49.5779528040962,11.014241231009532,0.4574468085106383,True,False
Agent_5,256,3.1556711650327163,11.379026916933547,1142.6025301994987,1865.8545752319803,49.577916965907704,11.014210808214603,0.37234042553191493,True,False
Agent_5,257,3.1556711650327163,11.379026916933547,1142.6946196444285,1865.8285772150932,49.57791671004411,11.014212071648272,0.37234042553191493,True,False
Agent_5,258,3.1556711650327163,11.379026916933547,1147.135140976681,1867.0938026407002,49.577927014606246,11.014273926284563,0.46808510638297873,True,False
Agent_5,259,3.1556711650327163,11.379026916933547,1150.0824599033829,1866.3781336042969,49.57791987197835,11.014314405501354,0.5531914893617021,True,False
Agent_5,260,3.1556711650327163,11.379026916933547,1156.01947600381,1863.320294567922,49.577890955623765,11.014395347676274,0.6595744680851063,True,False
Agent_5,261,3.1556711650327163,11.379026916933547,1155.9526204991348,1861.87542148803,49.57787798353888,11.014393888625643,0.6382978723404255,True,False
Agent_5,262,3.1556711650327163,11.379026916933547,1153.0925395381246,1865.935951583425,49.57791517264554,11.014355853549546,0.6276595744680851,True,False
Agent_5,263,3.1556711650327163,11.379026916933547,1153.6802656089528,1866.3072330624714,49.577918368688444,11.014364115779602,0.6382978723404255,True,False
Agent_5,264,3.1556711650327163,11.379026916933547,1156.797990236828,1863.7830097693402,49.57789492765282,11.014406281228164,0.7021276595744681,True,False
Agent_5,265,3.1556711650327163,11.379026916933547,1155.3887683714754,1863.4912294516757,49.5778926439912,11.014386691972119,0.6382978723404255,True,False
Agent_5,266,3.1556711650327163,11.379026916933547,1155.1181207057296,1863.123141845168,49.57788940034105,11.014382814256546,0.6382978723404255,True,False
Agent_5,267,3.1556711650327163,11.379026916933547,1152.7448972971995,1855.3492197082955,49.57782009062636,11.014347129019464,0.4787234042553191,True,False
Agent_5,268,3.1556711650327163,11.379026916933547,1161.420628161881,1854.4715591384056,49.57781011298098,11.014466738287588,0.6702127659574468,True,False
Agent_5,269,3.1556711650327163,11.379026916933547,1158.6132759058496,1853.4498259952722,49.577801604207174,11.014427550974398,0.574468085106383,True,False
Agent_5,270,3.1556711650327163,11.379026916933547,1154.735655446674,1855.5010419494397,49.577820976219584,11.014374705653855,0.5,True,False
Agent_5,271,2.682320490277809,9.978295328373108,1148.6762657459235,1857.3294511916731,49.57783887048599,11.014291616814761,0.39361702127659576,True,False
Agent_5,272,2.682320490277809,9.978295328373108,1148.3375270274119,1856.3437165165574,49.57783009110005,11.014286569197223,0.3404255319148936,True,False
Agent_5,273,2.682320490277809,9.978295328373108,1147.3932231719057,1857.6331418093064,49.57784190921187,11.014273992306856,0.3404255319148936,True,False
Agent_5,274,2.682320490277809,9.978295328373108,1146.4852938940357,1848.5848585662661,49.57776079137554,11.014258091929802,0.22340425531914895,True,False
Agent_5,275,2.682320490277809,9.978295328373108,1142.7059540168896,1846.4128006905478,49.57774217602229,11.014205042094597,0.11702127659574468,True,False
Agent_5,276,2.682320490277809,9.978295328373108,1143.367767549609,1846.1085540111915,49.57773928182275,11.014214078447477,0.1276595744680851,True,False
Agent_5,277,2.682320490277809,9.978295328373108,1134.421293253115,1844.7399407114717,49.57772913227181,11.014089895165673,0.05319148936170213,True,False
Agent_5,278,2.682320490277809,9.978295328373108,1135.3333488553578,1844.4927403234285,49.57772669065546,11.014102412001204,0.05319148936170213,True,False
Agent_5,279,2.682320490277809,9.978295328373108,1126.8360961573517,1846.2128893034744,49.57774419822687,11.013985581936625,0.0425531914893617,True,False
Agent_5,280,2.682320490277809,9.978295328373108,1125.8817341742283,1842.442304116451,49.5777105335354,11.013970993345547,0.0425531914893617,True,False
Agent_5,281,2.682320490277809,9.978295328373108,1122.0439518063663,1850.4781554243673,49.57778369253873,11.013920913393049,0.0425531914893617,True,False
Agent_5,282,2.682320490277809,9.978295328373108,1125.7530832703496,1850.6290761778077,49.57778415661427,11.013972244619188,0.05319148936170213,True,False
Agent_5,283,2.682320490277809,9.978295328373108,1131.4857148080987,1853.455734627881,49.57780818631077,11.014052539171386,0.0851063829787234,True,False
Agent_5,284,2.682320490277809,9.978295328373108,1130.4997350866443,1854.817570667412,49.577820665338294,11.014039412896478,0.0851063829787234,True,False
Agent_5,285,2.682320490277809,9.978295328373108,1128.9911934029,1854.9927777153378,49.5778226033345,11.01401862350514,0.06382978723404255,True,False
Agent_5,286,2.2799724167361375,8.787673478096734,1129.2091345862345,1857.0873646297723,49.57784137944119,11.01402241153112,0.0851063829787234,True,False
Agent_5,287,2.2799724167361375,8.787673478096734,1128.3477607445893,1858.1053428953117,49.577850737490124,11.01401088054772,0.0851063829787234,True,False
Agent_5,288,2.2799724167361375,8.787673478096734,1127.2882256053012,1858.627583464745,49.577855686965,11.013996426690564,0.0851063829787234,True,False
Agent_5,289,2.2799724167361375,8.787673478096734,1119.5230941162897,1861.2428097726472,49.57788106424359,11.013890048445402,0.06382978723404255,True,False
Agent_5,290,2.2799724167361375,8.787673478096734,1122.8123782655641,1860.202664535808,49.57787092269378,11.013935134971566,0.06382978723404255,True,False
Agent_5,291,2.2799724167361375,8.787673478096734,1127.5053869485246,1859.7400996431568,49.57786563527954,11.013999840479718,0.0851063829787234,True,False
Agent_5,292,2.2799724167361375,8.787673478096734,1121.342876516039,1857.6922850917958,49.577848710137644,11.013913891391368,0.06382978723404255,True,False
Agent_5,293,2.2799724167361375,8.787673478096734,1124.5652645475475,1853.952801454763,49.57781431992021,11.013957054138727,0.06382978723404255,True,False
Agent_5,294,2.2799724167361375,8.787673478096734,1129.2684180739077,1846.6180810028416,49.57774725522032,11.01401935650618,0.0425531914893617,True,False
Agent_5,295,2.2799724167361375,8.787673478096734,1130.0327517818394,1851.0672758422884,49.57778706575922,11.014031569321148,0.06382978723404255,True,False
Agent_5,296,2.2799724167361375,8.787673478096734,1130.0139714673091,1851.1037170937338,49.57778739785459,11.01403132318692,0.06382978723404255,True,False
Agent_5,297,2.2799724167361375,8.787673478096734,1127.9632101297177,1843.2141954442084,49.57771697128186,11.01400005348101,0.031914893617021274,True,False
Agent_5,298,2.2799724167361375,8.787673478096734,1131.7541325858228,1850.5285720957988,49.577781809014,11.014055166475943,0.06382978723404255,True,False
Agent_5,299,2.2799724167361375,8.787673478096734,1130.1363328947755,1851.459709696199,49.57779056847867,11.014033146472244,0.06382978723404255,True,False
Agent_5,300,2.2799724167361375,8.787673478096734,1127.6975912901041,1849.99283943785,49.57777796944723,11.013998890214578,0.05319148936170213,True,False
Agent_5,301,1.9379765542257168,7.7756449053618155,1122.2697495681828,1846.0203597262537,49.57774356640893,11.013922385143227,0.031914893617021274,True,False
Agent_5,302,1.9379765542257168,7.7756449053618155,1115.656137557556,1844.7703381437543,49.57773392123509,11.013830495458631,0.0,True,False
Agent_5,303,1.9379765542257168,7.7756449053618155,1118.9302849792837,1848.3479054676582,49.577765292664154,11.013877081450229,0.031914893617021274,True,False
Agent_5,304,1.9379765542257168,7.7756449053618155,1116.7651186789278,1849.0454798840135,49.57777208427397,11.013847408144114,0.0425531914893617,True,False
Agent_5,305,1.9379765542257168,7.7756449053618155,1117.0991193146565,1849.055512825529,49.577772094090804,11.013852029111508,0.031914893617021274,True,False
Agent_5,306,1.9379765542257168,7.7756449053618155,1111.5611769122706,1847.48790912829,49.57775933523962,11.013774892016789,0.0,True,False
Agent_5,307,1.9379765542257168,7.7756449053618155,1111.4245953437007,1846.1101226120275,49.57774698297333,11.01377249406145,0.0,True,False
Agent_5,308,1.9379765542257168,7.7756449053618155,1109.125006502516,1845.9303827057006,49.57774592058991,11.01374063784377,0.0,True,False
Agent_5,309,1.9379765542257168,7.7756449053618155,1110.7391901186484,1844.5019498410184,49.5777326917884,11.013762423873287,0.0,True,False
Agent_5,310,1.9379765542257168,7.7756449053618155,1109.4363500229504,1840.9060508947198,49.57770068119781,11.013743082693239,0.0,True,False
Agent_5,311,1.9379765542257168,7.7756449053618155,1115.8006716977557,1841.8863799399073,49.577707962121686,11.013831426291942,0.0,True,False
Agent_5,312,1.9379765542257168,7.7756449053618155,1117.5781157250544,1841.857726456388,49.577707276845416,11.013855987201348,0.0,True,False
Agent_5,313,1.9379765542257168,7.7756449053618155,1121.0754414317073,1839.937148773652,49.57768917090863,11.013903623738281,0.0,True,False
Agent_5,314,1.9379765542257168,7.7756449053618155,1119.5770681226004,1842.3011097558394,49.577710781470984,11.01388378494039,0.0,True,False
Agent_5,315,1.9379765542257168,7.7756449053618155,1118.3128708847069,1842.9055878093136,49.577716519423234,11.013866532279746,0.0,True,False
Agent_5,316,1.6472800710918591,6.9154206185371345,1120.27687175014,1845.1373061190968,49.57773610806874,11.013894508651898,0.02127659574468085,True,False
Agent_5,317,1.6472800710918591,6.9154206185371345,1121.1214518752452,1844.1668735686462,49.577727181468035,11.013905825069017,0.02127659574468085,True,False
Agent_5,318,1.6472800710918591,6.9154206185371345,1125.316878337575,1839.6200344122415,49.577685299659564,11.013962140281459,0.010638297872340425,True,False
Agent_5,319,1.6472800710918591,6.9154206185371345,1125.4283828490722,1840.0734966434484,49.57768934906664,11.013963849542888,0.010638297872340425,True,False
Agent_5,320,1.6472800710918591,6.9154206185371345,1118.948427540725,1839.7987788658568,49.57768843891476,11.013874168553325,0.0,True,False
Agent_5,321,1.6472800710918591,6.9154206185371345,1118.210578443436,1839.6250235131076,49.57768705455235,11.013863904179342,0.0,True,False
Agent_5,322,1.6472800710918591,6.9154206185371345,1117.6911775652748,1838.1644700365282,49.577674050401676,11.013856183459385,0.0,True,False
Agent_5,323,1.6472800710918591,6.9154206185371345,1118.6399090287177,1836.9187389712804,49.57766262404277,11.013868837787074,0.0,True,False
Agent_5,324,1.6472800710918591,6.9154206185371345,1116.160527329518,1839.0750546752965,49.57768260410415,11.01383536062083,0.0,True,False
Agent_5,325,1.6472800710918591,6.9154206185371345,1118.4471992086974,1838.5839559255007,49.57767763930067,11.01386678998364,0.0,True,False
Agent_5,326,1.6472800710918591,6.9154206185371345,1120.5937400217454,1838.664810350677,49.5776778495823,11.013896493818983,0.0,True,False
Agent_5,327,1.6472800710918591,6.9154206185371345,1117.474356506997,1836.8318362356254,49.57766212332974,11.01385269296207,0.0,True,False
Agent_5,328,1.6472800710918591,6.9154206185371345,1120.0740980087303,1832.3102600345303,49.57762085261858,11.013886958673941,0.010638297872340425,True,False
Agent_5,329,1.6472800710918591,6.9154206185371345,1119.639255570112,1834.27944821539,49.57763865858524,11.013881676111849,0.0,True,False
Agent_5,330,1.6472800710918591,6.9154206185371345,1114.5339518894077,1838.5103771249364,49.57767791953095,11.013812665778822,0.0,True,False
Agent_5,331,1.4001880604280803,6.184229974736156,1111.1112500929169,1841.9519396318672,49.57770967983669,11.013766623650625,0.0,True,False
Agent_5,332,1.4001880604280803,6.184229974736156,1111.0978386017214,1841.8116361529294,49.57770842185462,11.013766386331156,0.0,True,False
Agent_5,333,1.4001880604280803,6.184229974736156,1116.398907206319,1839.3557964839297,49.57768507037347,11.013838759889168,0.0,True,False
Agent_5,334,1.4001880604280803,6.184229974736156,1117.4441618127491,1838.4866712401276,49.577677006156385,11.013852887931039,0.0,True,False
Agent_5,335,1.4001880604280803,6.184229974736156,1114.959480411373,1836.4556432377392,49.577659346825115,11.013817787957649,0.0,True,False
Agent_5,336,1.4001880604280803,6.184229974736156,1117.031911613686,1838.8572562121847,49.577680436600374,11.013847326095517,0.0,True,False
Agent_5,337,1.4001880604280803,6.184229974736156,1116.3774715762331,1833.7830816456108,49.577634981558646,11.013836401359386,0.010638297872340425,True,False
Agent_5,338,1.4001880604280803,6.184229974736156,1119.7986431327913,1833.6382868455614,49.5776328567352,11.013883642224485,0.010638297872340425,True,False
Agent_5,339,1.4001880604280803,6.184229974736156,1120.4393643419444,1837.45890160355,49.577667046635696,11.013893913456537,0.0,True,False
Agent_5,340,1.4001880604280803,6.184229974736156,1115.758850375629,1837.2911833379605,49.57766666527087,11.013829147687376,0.0,True,False
Agent_5,341,1.4001880604280803,6.184229974736156,1115.821324007371,1837.223563353689,49.577666042391755,11.013829986303673,0.0,True,False
Agent_5,342,1.4001880604280803,6.184229974736156,1114.5652731484124,1832.7600545892608,49.577626221478184,11.013810970866729,0.010638297872340425,True,False
Agent_5,343,1.4001880604280803,6.184229974736156,1113.7669067591867,1832.7719511529522,49.57762652052497,11.01379993861328,0.010638297872340425,True,False
Agent_5,344,1.4001880604280803,6.184229974736156,1113.1067906165258,1832.2125140413768,49.577621650499886,11.013790606119006,0.0,True,False
Agent_5,345,1.4001880604280803,6.184229974736156,1116.0704208389818,1833.4175861338515,49.577631769949534,11.013832021422028,0.010638297872340425,True,False
Agent_5,346,1.1901598513638683,5.562717927505324,1118.4158439563025,1833.0785124243253,49.57762815758587,11.013864319190715,0.010638297872340425,True,False
Agent_5,347,1.1901598513638683,5.562717927505324,1113.693861652048,1833.4115857734537,49.57763228787347,11.013799165528383,0.010638297872340425,True,False
Agent_5,348,1.1901598513638683,5.562717927505324,1112.689678103652,1832.496983146014,49.577624308002356,11.013784945201744,0.0,True,False
Agent_5,349,1.1901598513638683,5.562717927505324,1112.576997176173,1832.5364660423456,49.577624690033595,11.013783402105544,0.0,True,False
Agent_5,350,1.1901598513638683,5.562717927505324,1107.786367463988,1832.180763197457,49.57762264527979,11.013717044585958,0.0,True,False
Agent_5,351,1.1901598513638683,5.562717927505324,1103.4189042075925,1834.528690332144,49.57764480201098,11.013657537341267,0.0,True,False
Agent_5,352,1.1901598513638683,5.562717927505324,1103.2038210339936,1830.7019305217257,49.57761045443726,11.013653148044694,0.010638297872340425,True,False
Agent_5,353,1.1901598513638683,5.562717927505324,1105.3946548240565,1829.2311817243774,49.577596706520474,11.013682890017078,0.010638297872340425,True,False
Agent_5,354,1.1901598513638683,5.562717927505324,1105.9230656818343,1828.361594838801,49.57758876253101,11.013689873021235,0.0,True,False
Agent_5,355,1.1901598513638683,5.562717927505324,1103.8465397477976,1826.2311951059542,49.577570111675854,11.01366037875513,0.0,True,False
Agent_5,356,1.1901598513638683,5.562717927505324,1102.8650082603017,1827.24191209799,49.57757943332714,11.013647184013289,0.0,True,False
Agent_5,357,1.1901598513638683,5.562717927505324,1107.0164871972484,1830.5350388095983,49.577608036857804,11.01370579275864,0.010638297872340425,True,False
Agent_5,358,1.1901598513638683,5.562717927505324,1109.6282680378372,1828.8456754010863,49.577592222481,11.013741273008227,0.010638297872340425,True,False
Agent_5,359,1.1901598513638683,5.562717927505324,1109.5472029592008,1828.5477306446235,49.57758956371616,11.013740042111497,0.010638297872340425,True,False
Agent_5,360,1.1901598513638683,5.562717927505324,1109.8906457775013,1827.9480917086164,49.577584090832865,11.013744567990651,0.010638297872340425,True,False
Agent_5,361,1.011635873659288,5.034432687359118,1111.2256357670547,1830.3767409606698,49.57760560110464,11.013763921636604,0.0,True,False
Agent_5,362,1.011635873659288,5.034432687359118,1114.7954732120231,1832.739026539059,49.57762597706182,11.01381414538216,0.010638297872340425,True,False
Agent_5,363,1.011635873659288,5.034432687359118,1114.1886579069037,1836.2894044490984,49.57765803795935,11.01380707054645,0.0,True,False
Agent_5,364,1.011635873659288,5.034432687359118,1110.3746419882928,1834.5296556553526,49.577643137047694,11.013753694195836,0.010638297872340425,True,False
Agent_5,365,1.011635873659288,5.034432687359118,1111.3044305730964,1836.9055025172372,49.57766427016862,11.01376742680246,0.010638297872340425,True,False
Agent_5,366,1.011635873659288,5.034432687359118,1112.6811582477374,1834.7722948746698,49.57764476317291,11.013785669387186,0.010638297872340425,True,False
Agent_5,367,1.011635873659288,5.034432687359118,1112.7182491731285,1835.7958232918418,49.57765395489938,11.013786560884599,0.010638297872340425,True,False
Agent_5,368,1.011635873659288,5.034432687359118,1114.0422070346726,1837.5574143612494,49.57766947153136,11.013805515225162,0.0,True,False
Agent_5,369,1.011635873659288,5.034432687359118,1115.6024941066025,1837.6254064053328,49.577669707276,11.01382710988876,0.0,True,False
Agent_5,370,1.011635873659288,5.034432687359118,1116.361234339368,1836.2587577828763,49.57765723969146,11.013837093026634,0.0,True,False
Agent_5,371,1.011635873659288,5.034432687359118,1113.5415564187456,1836.7859448383856,49.57766265714432,11.013798308721132,0.0,True,False
Agent_5,372,1.011635873659288,5.034432687359118,1114.302263705167,1837.664268888813,49.57767036948661,11.013809149805706,0.0,True,False
Agent_5,373,1.011635873659288,5.034432687359118,1112.4476303720492,1834.4287621235878,49.5776417312972,11.01378231396331,0.010638297872340425,True,False
Agent_5,374,1.011635873659288,5.034432687359118,1109.7447743037333,1836.7846306896345,49.57766355891665,11.01374582129401,0.010638297872340425,True,False
Agent_5,375,1.011635873659288,5.034432687359118,1114.3527972402494,1837.16441505635,49.577665864065516,11.01380966341424,0.0,True,False
Agent_6,1,50.0,150.0,904.0733107685496,1878.3890550597184,49.57808700132781,11.010917976430731,0.0,True,False
Agent_6,2,50.0,150.0,956.8472018364444,1790.7658709543032,49.57728665937501,11.011615143389387,0.0,True,False
Agent_6,3,50.0,150.0,952.831332667113,1802.2041925864296,49.57739044556913,11.011563856089182,0.0,True,False
Agent_6,4,50.0,150.0,1068.2342539841852,1750.3932743308087,49.576896960379486,11.013140019046622,0.0,True,False
Agent_6,5,50.0,150.0,1093.7815123445996,1677.1166750753393,49.576232119977206,11.013466070017536,0.010638297872340425,True,False
Agent_6,6,50.0,150.0,1090.1868291355229,1664.691137109534,49.576121289683485,11.013411781440302,0.4574468085106383,True,True
Agent_6,7,50.0,150.0,1200.9353506250889,1647.8414426277247,49.57594317213438,11.014936488194154,1.5638297872340425,True,True
Agent_6,8,50.0,150.0,1279.490104019229,1691.8211035855447,49.57631959404206,11.016038685901302,17.48936170212766,True,True
Agent_6,9,50.0,150.0,1425.9668558247752,1682.723552522344,49.57620251293886,11.01806015532329,13.457446808510639,True,False
Agent_6,10,50.0,150.0,1493.5390381660384,1678.032819179398,49.57614405004344,11.01899250623603,6.585106382978724,True,False
Agent_6,11,50.0,150.0,1474.6936859445636,1664.889080298952,49.57603044526173,11.018727120434406,5.808510638297872,True,False
Agent_6,12,50.0,150.0,1407.4002446742952,1630.189537505798,49.57573475442237,11.01778402028855,13.51063829787234,True,False
Agent_6,13,50.0,150.0,1525.9719539954822,1689.6263952369427,49.57624044115599,11.019445147287666,1.5,True,False
Agent_6,14,50.0,150.0,1583.2676885193666,1655.1315464338204,49.57591653510261,11.020224376093736,0.574468085106383,True,False
Agent_6,15,50.0,150.0,1638.1878957043516,1681.8054567718211,49.57614305048547,11.02099347113747,3.7127659574468086,True,False
Agent_6,16,42.5,127.8061224489796,1751.3988439258615,1663.158053055037,49.57594807847928,11.022551519237826,4.01063829787234,True,False
Agent_6,17,42.5,127.8061224489796,1790.1071529889014,1582.9201536030703,49.575217456138496,11.023056777198514,0.7446808510638299,True,False
Agent_6,18,42.5,127.8061224489796,1781.1115269925176,1604.4024015271857,49.57541273666357,11.022940412871566,3.553191489361702,True,False
Agent_6,19,42.5,127.8061224489796,1728.4944913049208,1635.6666413183405,49.57570648995071,11.022224685859484,5.797872340425532,True,False
Agent_6,20,42.5,127.8061224489796,1731.0717138700672,1646.375497655849,49.575802130282156,11.022264291079482,5.340425531914893,True,False
Agent_6,21,42.5,127.8061224489796,1750.8085974703965,1674.2990300373742,49.57604836853164,11.022547500299522,4.117021276595745,True,False
Agent_6,22,42.5,127.8061224489796,1672.382960651398,1660.5575777157414,49.57594379262003,11.021458276691744,10.659574468085106,True,False
Agent_6,23,42.5,127.8061224489796,1672.382960651398,1660.5575777157414,49.57594379262003,11.021458276691744,10.659574468085106,False,False
Agent_6,24,42.5,127.8061224489796,1631.8732935609132,1577.8813757134524,49.575210389808646,11.020867591471866,13.882978723404255,True,False
Agent_6,25,42.5,127.8061224489796,1706.7182806425494,1576.424885499676,49.575179220584644,11.021901655025983,11.861702127659575,True,False
Agent_6,26,42.5,127.8061224489796,1737.7002124068695,1666.2508259695333,49.57597919004718,11.022363305452117,4.808510638297872,True,False
Agent_6,27,42.5,127.8061224489796,1734.546563765733,1669.7001375348989,49.57601095831824,11.022320992684971,4.872340425531915,True,False
Agent_6,28,42.5,127.8061224489796,1760.753010990516,1671.9090243752287,49.576024481239834,11.022684078910661,3.75531914893617,True,False
Agent_6,29,42.5,127.8061224489796,1720.450793808858,1785.923962622957,49.577059112525454,11.022169324231884,4.382978723404255,True,False
Agent_6,30,42.5,127.8061224489796,1649.6871944163124,1733.8657779734756,49.57660824960887,11.021171766732145,2.925531914893617,True,False
Agent_6,31,36.125,108.94132653061224,1647.224726048943,1690.2192254381282,49.57621650053548,11.021121517007726,5.75531914893617,True,False
Agent_6,32,36.125,108.94132653061224,1631.90773207337,1619.286920122651,49.57558258070069,11.020883442090113,13.553191489361701,True,False
Agent_6,33,36.125,108.94132653061224,1721.761983675918,1578.801024458838,49.57519694546421,11.022110491283248,9.361702127659575,True,False
Agent_6,34,36.125,108.94132653061224,1721.761983675918,1578.801024458838,49.57519694546421,11.022110491283248,9.361702127659575,False,False
Agent_6,35,36.125,108.94132653061224,1723.3278203235402,1578.1506536235988,49.57519072088927,11.022131894657937,8.712765957446807,True,False
Agent_6,36,36.125,108.94132653061224,1731.5335015101448,1529.5180049741286,49.57475157410807,11.022227254172147,11.287234042553191,True,False
Agent_6,37,36.125,108.94132653061224,1626.4987066120477,1513.6940477696623,49.574634700166655,11.020769464601932,15.712765957446809,True,False
Agent_6,38,36.125,108.94132653061224,1632.6050098030241,1443.1249070640079,49.57399887152725,11.020827670871164,3.7127659574468086,True,False
Agent_6,39,36.125,108.94132653061224,1652.4362979881403,1462.1791739550229,49.57416536393928,11.021108873661579,11.829787234042554,True,False
Agent_6,40,36.125,108.94132653061224,1739.1575957060309,1481.6123845757118,49.574319103103484,11.022314842929493,1.5,True,False
Agent_6,41,36.125,108.94132653061224,1776.6052698865508,1485.4725226407957,49.574344752676375,11.022833918239227,0.37234042553191493,True,False
Agent_6,42,36.125,108.94132653061224,1788.7926570336253,1509.2105378071715,49.574555190472644,11.023011208338033,0.5212765957446809,True,False
Agent_6,43,36.125,108.94132653061224,1800.2111905103648,1459.7220803147213,49.57410757345232,11.023150651935559,0.30851063829787234,True,False
Agent_6,44,36.125,108.94132653061224,1805.563663538511,1491.0386457736836,49.57438778744439,11.023236280465039,0.23404255319148937,True,False
Agent_6,45,36.125,108.94132653061224,1755.747861867027,1519.0673824266157,49.57465178117474,11.022558089587383,0.7553191489361702,True,False
Agent_6,46,30.70625,92.90625000000001,1834.3567367170601,1541.4244422825975,49.57483374934724,11.02365302275313,0.6382978723404255,True,False
Agent_6,47,30.70625,92.90625000000001,1782.0851122546733,1608.672788710764,49.57545088829218,11.022955458374938,3.5425531914893615,True,False
Agent_6,48,30.70625,92.90625000000001,1778.886591866703,1610.5282781375643,49.57546834058502,11.02291193375664,3.563829787234043,True,False
Agent_6,49,30.70625,92.90625000000001,1784.6716873127418,1606.2082447940686,49.575428109045646,11.022990297437978,3.4574468085106385,True,False
Agent_6,50,30.70625,92.90625000000001,1697.8968964007552,1637.0494886394965,49.575726312845134,11.021802235634821,9.808510638297872,True,False
Agent_6,51,30.70625,92.90625000000001,1635.1116913641856,1630.5280777719488,49.575682855108006,11.020931905909773,13.244680851063832,True,False
Agent_6,52,30.70625,92.90625000000001,1605.1149899719871,1544.3155871601348,49.574915123443155,11.020485242166119,15.414893617021278,True,False
Agent_6,53,30.70625,92.90625000000001,1607.9660737242425,1556.9742621644057,49.575028225468095,11.020529352834497,15.0,True,False
Agent_6,54,30.70625,92.90625000000001,1657.4706815509644,1601.969105469486,49.57542073586266,11.021230377635245,12.595744680851064,True,False
Agent_6,55,30.70625,92.90625000000001,1689.4028865809826,1593.4229670959112,49.57533620108695,11.021668613415297,12.26595744680851,True,False
Agent_6,56,30.70625,92.90625000000001,1702.3330704622495,1667.6927822548575,49.57600069707263,11.021874942977103,8.127659574468085,True,False
Agent_6,57,30.70625,92.90625000000001,1702.3330704622495,1667.6927822548575,49.57600069707263,11.021874942977103,8.127659574468085,False,False
Agent_6,58,30.70625,92.90625000000001,1716.6304232845578,1597.719507049323,49.5753682455691,11.022046584998444,9.76595744680851,True,False
Agent_6,59,30.70625,92.90625000000001,1654.6430658529182,1554.5351648818428,49.57499502964767,11.021173674915415,13.46808510638298,True,False
Agent_6,60,30.70625,92.90625000000001,1666.1213879234754,1640.679860712729,49.57576662194446,11.021364336943892,11.372340425531915,True,False
Agent_6,61,26.1003125,79.2764349489796,1625.997290000148,1633.5875390873725,49.575712557735685,11.020807049532888,13.180851063829788,True,False
Agent_6,62,26.1003125,79.2764349489796,1646.497448643451,1596.2183823435932,49.57537169193495,11.021076555096952,12.914893617021276,True,False
Agent_6,63,26.1003125,79.2764349489796,1616.5552690404181,1583.1296013679598,49.57526126521395,11.020657794239748,14.499999999999998,True,False
Agent_6,64,26.1003125,79.2764349489796,1600.4072223572052,1582.6564242533527,49.575260910255565,11.020434398903456,14.48936170212766,True,False
Agent_6,65,26.1003125,79.2764349489796,1592.3786698561776,1544.0991706061836,49.57491625262886,11.02030910478525,15.872340425531913,True,False
Agent_6,66,26.1003125,79.2764349489796,1588.333533464755,1534.4100189484986,49.574830132137315,11.020249591377103,16.26595744680851,True,False
Agent_6,67,26.1003125,79.2764349489796,1555.0307860030928,1524.2737190188004,49.57474705355413,11.019785478934345,17.329787234042556,True,False
Agent_6,68,26.1003125,79.2764349489796,1514.9585026137252,1508.6782665492547,49.57461653334989,11.019225766234161,18.925531914893618,True,True
Agent_6,69,26.1003125,79.2764349489796,1558.66268316181,1497.94473576967,49.57450950261474,11.019825912248221,17.93404255319149,True,False
Agent_6,70,26.1003125,79.2764349489796,1564.5204215732397,1489.3425011517345,49.57443076238526,11.019903691934056,18.074468085106382,True,False
Agent_6,71,26.1003125,79.2764349489796,1539.44188808542,1557.7059328040093,49.57505134169148,11.019582396438523,15.991489361702127,True,False
Agent_6,72,26.1003125,79.2764349489796,1561.489623081205,1508.527441797405,49.574603949611046,11.01986891682545,17.414893617021278,True,False
Agent_6,73,26.1003125,79.2764349489796,1595.7967570677552,1517.7964591941627,49.57467898931701,11.020346589889266,16.25531914893617,True,False
Agent_6,74,26.1003125,79.2764349489796,1653.7559339519316,1506.9397589516598,49.57456740332708,11.021143736877569,15.319148936170212,True,False
Agent_6,75,26.1003125,79.2764349489796,1596.0731555025086,1545.7155762020113,49.574929890860176,11.020360774535677,15.7031914893617,True,False
Agent_6,76,22.185265625,67.69109215561224,1582.4763298905116,1549.938453329429,49.57497113290541,11.020174389909865,15.776595744680852,True,False
Agent_6,77,22.185265625,67.69109215561224,1607.282624744573,1563.7239029716293,49.5750890637805,11.020522411127134,14.787234042553191,True,False
Agent_6,78,22.185265625,67.69109215561224,1588.5262758827348,1521.4340175949662,49.57471344278391,11.020247439088616,16.617021276595743,True,False
Agent_6,79,22.185265625,67.69109215561224,1593.3090354301344,1522.7981217351437,49.574724550378704,11.020314058351142,16.351063829787236,True,False
Agent_6,80,22.185265625,67.69109215561224,1609.5648855368077,1526.618381649646,49.57475496689731,11.020540184021058,15.893617021276595,True,False
Agent_6,81,22.185265625,67.69109215561224,1620.1369506856001,1539.7476908465537,49.57487043540551,11.020691198151017,15.553191489361703,True,False
Agent_6,82,22.185265625,67.69109215561224,1608.9842289786545,1540.9496173511463,49.57488393224687,11.0205374779201,15.617021276595743,True,False
Agent_6,83,22.185265625,67.69109215561224,1619.5594483131247,1539.2720461768772,49.574866299210335,11.02068303861889,15.574468085106382,True,False
Agent_6,84,22.185265625,67.69109215561224,1635.4963576781092,1503.7657083457889,49.5745432806549,11.020890153942426,15.436170212765957,True,False
Agent_6,85,22.185265625,67.69109215561224,1668.4634960130977,1491.5604855644028,49.574425605371374,11.021341329563795,14.88191489361702,True,False
Agent_6,86,22.185265625,67.69109215561224,1669.785018783515,1491.9874940498637,49.574429124632246,11.021359755666975,14.638297872340425,True,False
Agent_6,87,22.185265625,67.69109215561224,1680.1073367411725,1482.9084441719267,49.57434501893402,11.02149906977324,4.0212765957446805,True,False
Agent_6,88,22.185265625,67.69109215561224,1680.1073367411725,1482.9084441719267,49.57434501893402,11.02149906977324,4.0212765957446805,False,False
Agent_6,89,22.185265625,67.69109215561224,1681.1613405088947,1512.4102458576235,49.57460995938765,11.021524596964452,14.127659574468085,True,False
Agent_6,90,22.185265625,67.69109215561224,1722.4912163370263,1514.6410987702377,49.57462002870332,11.022096733918692,4.308510638297872,True,False
Agent_6,91,18.85747578125,57.84355078125,1699.5451417595878,1550.4254379140564,49.57494724154219,11.021792840338962,13.319148936170214,True,False
Agent_6,92,18.85747578125,57.84355078125,1714.2456784550511,1553.5852925859238,49.574972094445336,11.02199722306723,11.287234042553191,True,False
Agent_6,93,18.85747578125,57.84355078125,1761.656790416416,1559.7998101464034,49.57501650131598,11.02265490707194,1.0212765957446808,True,False
Agent_6,94,18.85747578125,57.84355078125,1761.0740203436665,1583.8426024012097,49.57523276535738,11.022655786545258,4.287234042553192,True,False
Agent_6,95,18.85747578125,57.84355078125,1723.191824658357,1607.329539193819,49.5754530459099,11.022140856075993,7.76595744680851,True,False
Agent_6,96,18.85747578125,57.84355078125,1713.7647445434325,1631.2873413646569,49.575670682824175,11.022019443103932,8.351063829787234,True,False
Agent_6,97,18.85747578125,57.84355078125,1731.0700180778879,1623.0986526997406,49.575592892641296,11.022255618550375,5.26595744680851,True,False
Agent_6,98,18.85747578125,57.84355078125,1731.997399754256,1622.0695836620648,49.57558341814838,11.022268055744124,5.180851063829787,True,False
Agent_6,99,18.85747578125,57.84355078125,1734.4196838542744,1613.3788704747678,49.57550471109992,11.022298310648672,4.98936170212766,True,False
Agent_6,100,18.85747578125,57.84355078125,1745.5456412687754,1600.2743680780886,49.57538422484809,11.022447239226144,4.73404255319149,True,False
Agent_6,101,18.85747578125,57.84355078125,1779.4660187117843,1603.0083516293214,49.57540060313461,11.022917148285009,3.648936170212766,True,False
Agent_6,102,18.85747578125,57.84355078125,1780.9494634679613,1604.101502797184,49.575410071025715,11.022938060768748,3.5851063829787235,True,False
Agent_6,103,18.85747578125,57.84355078125,1769.4289087615152,1559.1324045768758,49.57500862357972,11.02276209484639,0.851063829787234,True,False
Agent_6,104,18.85747578125,57.84355078125,1767.4571544677704,1523.638107563523,49.57469003813096,11.022721647385236,1.5531914893617023,True,False
Agent_6,105,18.85747578125,57.84355078125,1789.4090055537818,1480.2265750092386,49.574294501612584,11.02300895494682,0.2765957446808511,True,False
Agent_6,106,16.028854414062497,49.473140613042084,1774.9720638635595,1482.3414732018314,49.57431700207059,11.02281017867943,0.35106382978723405,True,False
Agent_6,107,16.028854414062497,49.473140613042084,1768.921509614073,1482.7259174094277,49.57432192020024,11.022726684515348,0.425531914893617,True,False
Agent_6,108,16.028854414062497,49.473140613042084,1761.5434395166246,1513.650341909888,49.57460168623495,11.022636189495529,1.4680851063829787,True,False
Agent_6,109,16.028854414062497,49.473140613042084,1740.6310371880004,1500.5950708059102,49.57448938450314,11.022342263811987,0.851063829787234,True,False
Agent_6,110,16.028854414062497,49.473140613042084,1748.3487255685668,1493.54078905653,49.57442410790337,11.02244632478539,1.4893617021276597,True,False
Agent_6,111,16.028854414062497,49.473140613042084,1755.131638240241,1478.709930552205,49.574289152622335,11.022534574194662,1.4680851063829787,True,False
Agent_6,112,16.028854414062497,49.473140613042084,1753.9392017837697,1479.285524245902,49.574294614853834,11.022518305000379,1.5,True,False
Agent_6,113,16.028854414062497,49.473140613042084,1771.9245296004867,1474.861330834956,49.57425049882136,11.022765272509758,0.3191489361702127,True,False
Agent_6,114,16.028854414062497,49.473140613042084,1788.116420712503,1486.0409233103853,49.574347079832854,11.022993248650565,0.3404255319148936,True,False
Agent_6,115,16.028854414062497,49.473140613042084,1819.2220108662787,1524.3125704164713,49.57468358823942,11.023437450914003,1.1702127659574468,True,False
Agent_6,116,16.028854414062497,49.473140613042084,1784.0016520562394,1540.1819799619134,49.57483475404215,11.022956493509467,2.0319148936170213,True,False
Agent_6,117,16.028854414062497,49.473140613042084,1782.6601193485674,1536.2245404301673,49.57479950446164,11.022936478327198,2.4893617021276593,True,False
Agent_6,118,16.028854414062497,49.473140613042084,1741.290386412072,1510.5206355508997,49.57457844715874,11.022355066163122,0.6276595744680851,True,False
Agent_6,119,16.028854414062497,49.473140613042084,1708.7160502018278,1527.4966925420576,49.57473891704203,11.021911093817598,12.797872340425531,True,False
Agent_6,120,16.028854414062497,49.473140613042084,1690.193262010197,1534.4785876909832,49.574806152580415,11.0216576436837,13.893617021276597,True,False
Agent_6,121,13.624526251953123,42.35829197006536,1657.6275891872028,1545.56879718235,49.574913709189865,11.021211600840227,13.936170212765958,True,False
Agent_6,122,13.624526251953123,42.35829197006536,1663.016299302763,1521.0495733244563,49.57469200169878,11.021276984129369,14.787234042553191,True,False
Agent_6,123,13.624526251953123,42.35829197006536,1635.6781020604105,1550.3974630901866,49.574962415025276,11.020909981184529,14.404255319148938,True,False
Agent_6,124,13.624526251953123,42.35829197006536,1641.6125381640823,1542.8286119180216,49.5748929447683,11.020989203737297,14.138297872340425,True,False
Agent_6,125,13.624526251953123,42.35829197006536,1650.813134346119,1524.494916075267,49.574725919305315,11.02110957728984,14.882978723404255,True,False
Agent_6,126,13.624526251953123,42.35829197006536,1641.8927853074395,1521.4938115966188,49.57470109611221,11.02098515541278,14.765957446808512,True,False
Agent_6,127,13.624526251953123,42.35829197006536,1639.7947663938862,1530.1598516510228,49.574779502758446,11.020959372058824,14.74468085106383,True,False
Agent_6,128,13.624526251953123,42.35829197006536,1614.6413337121232,1548.5448419921793,49.574950840852615,11.02061849712574,15.212765957446809,True,False
Agent_6,129,13.624526251953123,42.35829197006536,1615.6235749378902,1548.625133593648,49.57495132546085,11.020632104686376,15.202127659574469,True,False
Agent_6,130,13.624526251953123,42.35829197006536,1638.8455697475792,1562.4805789266895,49.57507026670951,11.020958252614731,13.829787234042554,True,False
Agent_6,131,13.624526251953123,42.35829197006536,1648.911943720813,1543.6244065163255,49.57489833560289,11.021090400505338,13.936170212765958,True,False
Agent_6,132,13.624526251953123,42.35829197006536,1666.1151148656706,1523.1597782676342,49.57471022217818,11.021320603247007,14.74468085106383,True,False
Agent_6,133,13.624526251953123,42.35829197006536,1666.1151148656706,1523.1597782676342,49.57471022217818,11.021320603247007,14.74468085106383,False,False
Agent_6,134,13.624526251953123,42.35829197006536,1640.0044402522506,1529.6909074501282,49.57477523673499,11.020962096288677,14.74468085106383,True,False
Agent_6,135,13.624526251953123,42.35829197006536,1638.1853402706852,1527.465850865367,49.57475567469804,11.020936124330785,14.797872340425533,True,False
Agent_6,136,11.580847314160154,36.31067062353515,1635.3658047009544,1536.8206890700549,49.57484044723996,11.020900622963339,14.659574468085108,True,False
Agent_6,137,11.580847314160154,36.31067062353515,1643.436765001747,1560.1199608749737,49.57504793818896,11.021020841335572,13.73404255319149,True,False
Agent_6,138,11.580847314160154,36.31067062353515,1629.7706906168778,1570.0165297176281,49.57514019948811,11.020835606278537,14.148936170212767,True,False
Agent_6,139,11.580847314160154,36.31067062353515,1621.6072243613025,1599.3060822400173,49.57540545773901,11.020733635194166,14.106382978723403,True,False
Agent_6,140,11.580847314160154,36.31067062353515,1613.9639334284534,1592.9183502970795,49.57534988305378,11.020625607631873,14.542553191489363,True,False
Agent_6,141,11.580847314160154,36.31067062353515,1586.2557676887207,1595.4904533869205,49.575379692980036,11.020243542720511,14.351063829787233,True,False
Agent_6,142,11.580847314160154,36.31067062353515,1587.830055760601,1580.8116163307684,49.57524736315849,11.020259855843676,14.872340425531917,True,False
Agent_6,143,11.580847314160154,36.31067062353515,1562.079134101392,1588.5248856228955,49.575322914065524,11.019906755186826,13.957446808510637,True,False
Agent_6,144,11.580847314160154,36.31067062353515,1541.9719422897226,1569.0921934563944,49.57515308366263,11.019621595301611,14.787234042553191,True,False
Agent_6,145,11.580847314160154,36.31067062353515,1542.1251559437178,1569.4589697061317,49.57515634368715,11.019623849324583,14.77659574468085,True,False
Agent_6,146,11.580847314160154,36.31067062353515,1542.1251559437178,1569.4589697061317,49.57515634368715,11.019623849324583,14.77659574468085,False,False
Agent_6,147,11.580847314160154,36.31067062353515,1530.0090814903174,1580.4281932657366,49.57525787101151,11.019460435333718,10.712765957446809,True,False
Agent_6,148,11.580847314160154,36.31067062353515,1514.9434569210025,1596.4874077369307,49.575405864311,11.019258136449361,4.957446808510638,True,False
Agent_6,149,11.580847314160154,36.31067062353515,1509.157086315058,1572.949496637724,49.57519567513144,11.019169416646461,5.5638297872340425,True,False
Agent_6,150,11.580847314160154,36.31067062353515,1518.8397396254074,1573.2765260056744,49.57519627875498,11.019303384354032,10.308510638297873,True,False
Agent_6,151,9.84372021703613,31.170192478984468,1505.027596550105,1567.1369125228962,49.57514442133823,11.01911017699354,5.74468085106383,True,False
Agent_6,152,9.84372021703613,31.170192478984468,1495.8361331726855,1566.6498552293472,49.57514226048616,11.018982939926266,3.5319148936170213,True,False
Agent_6,153,9.84372021703613,31.170192478984468,1505.575347553449,1570.1821994208453,49.57517166365871,11.019118878494256,4.946808510638298,True,False
Agent_6,154,9.84372021703613,31.170192478984468,1494.0352460354802,1575.3507292708978,49.57522090817359,11.018961273409719,4.74468085106383,True,False
Agent_6,155,9.84372021703613,31.170192478984468,1506.5216364986823,1602.0800356404698,49.57545816899982,11.019143793318849,5.6063829787234045,True,False
Agent_6,156,9.84372021703613,31.170192478984468,1520.7572057857938,1629.3442207722874,49.575699815557655,11.019350693182583,0.5638297872340425,True,False
Agent_6,157,9.84372021703613,31.170192478984468,1520.2369941460136,1630.822486014624,49.57571322938262,11.019344050553629,1.3936170212765957,True,False
Agent_6,158,9.84372021703613,31.170192478984468,1532.0451610646942,1635.1974549443614,49.57574970732861,11.019508903695016,0.5531914893617021,True,False
Agent_6,159,9.84372021703613,31.170192478984468,1513.7684839279846,1650.564659259142,49.57589225490091,11.019261958186727,9.73404255319149,True,False
Agent_6,160,9.84372021703613,31.170192478984468,1502.2160699806009,1633.915338067611,49.57574537922769,11.019096086409155,10.319148936170212,True,False
Agent_6,161,9.84372021703613,31.170192478984468,1492.0087905179423,1645.766327656113,49.575854371677394,11.018959382710332,10.315957446808511,True,False
Agent_6,162,9.84372021703613,31.170192478984468,1477.781609899718,1620.1363025450412,49.5756274120574,11.018753206200593,10.702127659574467,True,False
Agent_6,163,9.84372021703613,31.170192478984468,1452.727444050068,1615.4496223799792,49.57559132565187,11.018405133207773,11.042553191489361,True,False
Agent_6,164,9.84372021703613,31.170192478984468,1452.9065780428225,1615.166943333821,49.57558874141236,11.01840750461883,11.074468085106384,True,False
Agent_6,165,9.84372021703613,31.170192478984468,1473.7426107307324,1616.1744571333018,49.57559277275446,11.01869590380459,11.329787234042552,True,False
Agent_6,166,8.36716218448071,26.800786056116387,1470.5992321238207,1614.0004495712822,49.57557398850415,11.01865164515901,10.808510638297872,True,False
Agent_6,167,8.36716218448071,26.800786056116387,1485.0358235953802,1625.9133122351056,49.575677592502394,11.018855627371122,12.02127659574468,True,False
Agent_6,168,8.36716218448071,26.800786056116387,1485.0358235953802,1625.9133122351056,49.575677592502394,11.018855627371122,12.02127659574468,False,False
Agent_6,169,8.36716218448071,26.800786056116387,1506.9094100815423,1636.6723560887401,49.57576903011806,11.01916198753523,7.691489361702128,True,False
Agent_6,170,8.36716218448071,26.800786056116387,1506.9094100815423,1636.6723560887401,49.57576903011806,11.01916198753523,7.691489361702128,False,False
Agent_6,171,8.36716218448071,26.800786056116387,1511.2182281497533,1656.6398130283026,49.5759474805042,11.019228958702005,10.382978723404255,True,False
Agent_6,172,8.36716218448071,26.800786056116387,1503.6565160547102,1638.906845679879,49.57578990100083,11.019117850216558,10.51063829787234,True,False
Agent_6,173,8.36716218448071,26.800786056116387,1486.559597519776,1627.823653311994,49.5756943972303,11.018877399838678,11.872340425531915,True,False
Agent_6,174,8.36716218448071,26.800786056116387,1476.6151476051143,1615.2004871935364,49.57558332474756,11.018735250852888,11.372340425531915,True,False
Agent_6,175,8.36716218448071,26.800786056116387,1474.9604831373242,1619.8518262944908,49.57562553533806,11.018714102999386,11.23404255319149,True,False
Agent_6,176,8.36716218448071,26.800786056116387,1466.6465079428158,1628.6953437626426,49.57570703615004,11.018602455322547,10.72340425531915,True,False
Agent_6,177,8.36716218448071,26.800786056116387,1450.5720607306864,1635.186783490188,49.57576926533401,11.018382658164198,3.74468085106383,True,False
Agent_6,178,8.36716218448071,26.800786056116387,1465.838074719215,1642.8386956097338,49.575834367525516,11.018596525776191,7.202127659574469,True,False
Agent_6,179,8.36716218448071,26.800786056116387,1480.6770371573107,1623.7205630803273,49.57565893301897,11.018794560506548,11.0,True,False
Agent_6,180,8.36716218448071,26.800786056116387,1485.4942166585868,1615.491593696927,49.575583799787324,11.018858098016775,11.946808510638297,True,False
Agent_6,181,7.1120878568086034,23.086790596678522,1475.0186188718505,1607.860461595603,49.575517729416696,11.018710458779509,12.106382978723405,True,False
Agent_6,182,7.1120878568086034,23.086790596678522,1486.3159910407524,1611.975662972612,49.5755519964131,11.018868153521073,11.585106382978722,True,False
Agent_6,183,7.1120878568086034,23.086790596678522,1499.4449727240517,1624.6755616857797,49.575662990245974,11.01905435239119,9.872340425531915,True,False
Agent_6,184,7.1120878568086034,23.086790596678522,1499.4449727240517,1624.6755616857797,49.575662990245974,11.01905435239119,9.872340425531915,False,False
Agent_6,185,7.1120878568086034,23.086790596678522,1501.8620031728906,1632.8556735870582,49.57573593919026,11.019090798848056,10.27659574468085,True,False
Agent_6,186,7.1120878568086034,23.086790596678522,1498.4408005859245,1622.7395878330751,49.575645829785586,11.019039753055415,9.829787234042552,True,False
Agent_6,187,7.1120878568086034,23.086790596678522,1496.839456585921,1621.8827690984713,49.57563851404571,11.019017299103751,10.414893617021278,True,False
Agent_6,188,7.1120878568086034,23.086790596678522,1481.4781454669574,1632.605544074681,49.5757386079952,11.018808930387735,11.095744680851064,True,False
Agent_6,189,7.1120878568086034,23.086790596678522,1485.0085090699738,1635.7143823569986,49.575765702144025,11.018858885497483,10.98936170212766,True,False
Agent_6,190,7.1120878568086034,23.086790596678522,1488.0807467375291,1632.3589006738523,49.57573479819934,11.01890010976839,11.829787234042554,True,False
Agent_6,191,7.1120878568086034,23.086790596678522,1488.0807467375291,1632.3589006738523,49.57573479819934,11.01890010976839,11.829787234042554,False,False
Agent_6,192,7.1120878568086034,23.086790596678522,1487.6109430249742,1639.5792816386208,49.575799816439456,11.018896293905659,10.936170212765957,True,False
Agent_6,193,7.1120878568086034,23.086790596678522,1470.865753960443,1643.2270812051647,49.575836646122426,11.018666169964774,8.170212765957446,True,False
Agent_6,194,7.1120878568086034,23.086790596678522,1468.997167487266,1647.050099031719,49.57587146241298,11.018641757559768,7.212765957446808,True,False
Agent_6,195,7.1120878568086034,23.086790596678522,1461.5252174684142,1635.2446819543911,49.57576714417428,11.018534090425945,7.645744680851063,True,False
Agent_6,196,6.045274678287313,19.929894456156333,1462.83076636564,1630.8149316503172,49.57572700970635,11.01855049469022,9.063829787234043,True,False
Agent_6,197,6.045274678287313,19.929894456156333,1446.6135757012057,1623.00459235594,49.57566071268371,11.01832342030947,5.319148936170213,True,False
Agent_6,198,6.045274678287313,19.929894456156333,1463.4444573352364,1621.3115944387794,49.57564143498257,11.01855545329456,10.98936170212766,True,False
Agent_6,199,6.045274678287313,19.929894456156333,1465.1452880881536,1621.1835824216175,49.57563987404875,11.018578917159545,10.76595744680851,True,False
Agent_6,200,6.045274678287313,19.929894456156333,1459.2019285118874,1623.6640996636152,49.575663605173034,11.018497679422723,10.425531914893616,True,False
Agent_6,201,6.045274678287313,19.929894456156333,1463.7979946998182,1622.2480107174588,49.57564976727993,11.018560687711481,10.98936170212766,True,False
Agent_6,202,6.045274678287313,19.929894456156333,1461.757985271643,1606.477698419363,49.57550849794374,11.018526638722939,10.96808510638298,True,False
Agent_6,203,6.045274678287313,19.929894456156333,1454.012144396657,1616.8758563252547,49.575603836423305,11.018423421124469,11.148936170212766,True,False
Agent_6,204,6.045274678287313,19.929894456156333,1463.2952178922344,1601.2254412589957,49.57546091397859,11.01854594051026,10.97872340425532,True,False
Agent_6,205,6.045274678287313,19.929894456156333,1454.2326857522523,1596.257274583422,49.575418440153,11.018418823002207,10.904255319148938,True,False
Agent_6,206,6.045274678287313,19.929894456156333,1450.6891594398583,1602.5252725065716,49.57547563856958,11.018372164002194,10.893617021276595,True,False
Agent_6,207,6.045274678287313,19.929894456156333,1460.2015840887827,1595.460621092622,49.57540983939577,11.018501037919409,11.0,True,False
Agent_6,208,6.045274678287313,19.929894456156333,1459.8307494715116,1586.5246278181567,49.57532960204175,11.018492597560071,11.180851063829786,True,False
Agent_6,209,6.045274678287313,19.929894456156333,1459.8307494715116,1586.5246278181567,49.57532960204175,11.018492597560071,11.180851063829786,False,False
Agent_6,210,6.045274678287313,19.929894456156333,1447.2706491082974,1580.4779664131993,49.575278276890515,11.018316732379182,10.957446808510639,True,False
Agent_6,211,5.1384834765442156,17.246532736712474,1448.474315008945,1580.4828967885544,49.57527803093867,11.018333372898855,11.02127659574468,True,False
Agent_6,212,5.1384834765442156,17.246532736712474,1441.8530927097438,1584.8661185098722,49.575319029008185,11.018243470880394,10.946808510638299,True,False
Agent_6,213,5.1384834765442156,17.246532736712474,1440.3266771790993,1599.0005762180203,49.57544645357244,11.018227612164413,11.414893617021276,True,False
Agent_6,214,5.1384834765442156,17.246532736712474,1426.0653924214719,1596.1968349184574,49.57542468924869,11.018029433158143,14.138297872340425,True,False
Agent_6,215,5.1384834765442156,17.246532736712474,1418.7391250008357,1586.7393691112893,49.57534144132119,11.017924652706629,15.574468085106382,True,False
Agent_6,216,5.1384834765442156,17.246532736712474,1418.7391250008357,1586.7393691112893,49.57534144132119,11.017924652706629,15.574468085106382,False,False
Agent_6,217,5.1384834765442156,17.246532736712474,1424.364683451332,1591.2657204456766,49.575380772889574,11.01800409518828,14.393617021276594,True,False
Agent_6,218,5.1384834765442156,17.246532736712474,1410.4800190334981,1586.6158874978416,49.57534232261489,11.017810438256726,18.45744680851064,True,False
Agent_6,219,5.1384834765442156,17.246532736712474,1405.4295567958343,1598.5671634935725,49.575450971839224,11.017745054679262,17.829787234042556,True,False
Agent_6,220,5.1384834765442156,17.246532736712474,1395.4828445903768,1586.0121313770596,49.5753405109301,11.01760290293262,20.574468085106385,True,True
Agent_6,221,5.1384834765442156,17.246532736712474,1400.4127669099992,1571.7778036809864,49.575211368185606,11.017665774039882,21.361702127659573,True,True
Agent_6,222,5.1384834765442156,17.246532736712474,1400.4176089464845,1571.700172483983,49.575210669181125,11.017665812193174,21.361702127659573,True,True
Agent_6,223,5.1384834765442156,17.246532736712474,1400.4176089464845,1571.700172483983,49.575210669181125,11.017665812193174,21.361702127659573,False,True
Agent_6,224,5.1384834765442156,17.246532736712474,1407.265457722782,1579.4108643174134,49.575278330713,11.017763330968013,19.127659574468083,True,False
Agent_6,225,5.1384834765442156,17.246532736712474,1406.6138116713303,1583.1114652712552,49.57531175301022,11.017755695003835,19.425531914893618,True,False
Agent_6,226,4.3677109550625834,14.965675275185195,1406.6138116713303,1583.1114652712552,49.57531175301022,11.017755695003835,19.425531914893618,False,False
Agent_6,227,4.3677109550625834,14.965675275185195,1417.2927651775713,1583.9559042846251,49.57531676911743,11.01790362711715,15.861702127659575,True,False
Agent_6,228,4.3677109550625834,14.965675275185195,1408.8296087030492,1577.3401925480746,49.57525934006813,11.017784185081261,18.72340425531915,True,False
Agent_6,229,4.3677109550625834,14.965675275185195,1408.8296087030492,1577.3401925480746,49.57525934006813,11.017784185081261,18.72340425531915,False,False
Agent_6,230,4.3677109550625834,14.965675275185195,1406.9241286475528,1563.399555936287,49.57513448522711,11.017752676607426,19.21276595744681,True,False
Agent_6,231,4.3677109550625834,14.965675275185195,1405.417412768647,1554.1626027376215,49.575051816274076,11.017728424344325,18.946808510638295,True,False
Agent_6,232,4.3677109550625834,14.965675275185195,1396.6458494618128,1552.817815778447,49.57504184242655,11.01760667396301,20.98936170212766,True,False
Agent_6,233,4.3677109550625834,14.965675275185195,1394.7398644978337,1557.5342355333553,49.57508469842763,11.017582075397259,20.9468085106383,True,False
Agent_6,234,4.3677109550625834,14.965675275185195,1389.7548460581029,1555.0452758870754,49.575063526537555,11.017512243352671,20.861702127659573,True,False
Agent_6,235,4.3677109550625834,14.965675275185195,1395.0887900898815,1556.2318632987692,49.57507290711474,11.017586415899675,20.9468085106383,True,False
Agent_6,236,4.3677109550625834,14.965675275185195,1384.4685718999174,1561.6462219277348,49.575124137608654,11.017441616482177,20.819148936170212,True,False
Agent_6,237,4.3677109550625834,14.965675275185195,1384.707229706976,1560.5015045755722,49.575113790061714,11.017444491196246,20.77659574468085,True,False
Agent_6,238,4.3677109550625834,14.965675275185195,1386.2023489499816,1559.0381126828938,49.57510027503395,11.017464616230404,20.80851063829787,True,False
Agent_6,239,4.3677109550625834,14.965675275185195,1380.613378372085,1562.1628893450843,49.57512971128492,11.017388516456542,20.71276595744681,True,False
Agent_6,240,4.3677109550625834,14.965675275185195,1369.2874064897837,1563.2683436651068,49.57514237831496,11.017232363721199,20.585106382978722,True,False
Agent_6,241,3.7125543118031956,13.026946432887009,1368.8937837087553,1551.857508569343,49.575039899640856,11.017222693213505,20.76595744680851,True,False
Agent_6,242,3.7125543118031956,13.026946432887009,1378.4730603477929,1546.5850080914533,49.574990195511276,11.01735315598392,20.93617021276596,True,False
Agent_6,243,3.7125543118031956,13.026946432887009,1378.7569787497714,1546.298504423518,49.5749875516555,11.017356974468854,20.9468085106383,True,False
Agent_6,244,3.7125543118031956,13.026946432887009,1384.0274032863213,1537.6090758286068,49.57490817080476,11.017426608008092,21.074468085106382,True,False
Agent_6,245,3.7125543118031956,13.026946432887009,1386.7118790595664,1538.8680843144864,49.574918841109096,11.01746418288102,21.04255319148936,True,False
Agent_6,246,3.7125543118031956,13.026946432887009,1386.6148500183026,1540.3793866767717,49.57493244979883,11.017463401839082,21.0531914893617,True,False
Agent_6,247,3.7125543118031956,13.026946432887009,1391.3831522163825,1547.6805270783602,49.57499693130254,11.01753202180901,20.9968085106383,True,False
Agent_6,248,3.7125543118031956,13.026946432887009,1383.3083951700305,1557.8564151874282,49.57509035018503,11.017424174196773,20.80851063829787,True,False
Agent_6,249,3.7125543118031956,13.026946432887009,1386.6184839082855,1558.3408294706385,49.575093906750666,11.017470110116465,20.819148936170212,True,False
Agent_6,250,3.7125543118031956,13.026946432887009,1391.3740543266988,1547.7126158872618,49.574997221946305,11.017531907941615,20.9968085106383,True,False
Agent_6,251,3.7125543118031956,13.026946432887009,1392.9349545695572,1547.7379590771768,49.574997073486074,11.017553494088316,20.96808510638298,True,False
Agent_6,252,3.7125543118031956,13.026946432887009,1394.5631061000563,1545.6637207484137,49.57497803539004,11.01757523154218,20.96808510638298,True,False
Agent_6,253,3.7125543118031956,13.026946432887009,1389.501267396347,1540.6022452174461,49.57493375732014,11.017503384137958,21.00744680851064,True,False
Agent_6,254,3.7125543118031956,13.026946432887009,1388.0711521251649,1529.7562373865685,49.57483660583162,11.017479594818923,21.30851063829787,True,False
Agent_6,255,3.7125543118031956,13.026946432887009,1382.2203324669213,1519.1038720394108,49.57474226061129,11.017394769085124,21.585106382978722,True,True
Agent_6,256,3.1556711650327163,11.379026916933547,1371.2644213864896,1518.3501701059877,49.574738126232,11.017243043933604,21.829787234042552,True,True
Agent_6,257,3.1556711650327163,11.379026916933547,1373.5471975268263,1521.045010881332,49.57476180031173,11.017275598046442,21.75531914893617,True,False
Agent_6,258,3.1556711650327163,11.379026916933547,1369.6196518678212,1520.8782849096694,49.574761248229514,11.017221244961885,21.808510638297875,True,False
Agent_6,259,3.1556711650327163,11.379026916933547,1377.6770485364332,1519.4920846060893,49.57474684541799,11.01733211023895,21.691489361702125,True,False
Agent_6,260,3.1556711650327163,11.379026916933547,1377.6770485364332,1519.4920846060893,49.57474684541799,11.01733211023895,21.691489361702125,False,False
Agent_6,261,3.1556711650327163,11.379026916933547,1376.998051294594,1519.8067173841123,49.57474983735707,11.017322840941034,21.73404255319149,True,False
Agent_6,262,3.1556711650327163,11.379026916933547,1369.6264232006858,1517.5797142440344,49.57473159529573,11.017220115991927,21.872340425531913,True,True
Agent_6,263,3.1556711650327163,11.379026916933547,1362.2138158133237,1515.8582774779475,49.574717907623985,11.017117012023666,22.170212765957448,True,True
Agent_6,264,3.1556711650327163,11.379026916933547,1371.5735877639179,1515.5196121054894,49.57471260744332,11.01724626848177,21.840425531914896,True,False
Agent_6,265,3.1556711650327163,11.379026916933547,1371.8474815021148,1522.486323266246,49.57477516614381,11.017252636726816,21.76595744680851,True,False
Agent_6,266,3.1556711650327163,11.379026916933547,1370.823150275088,1518.1298837390405,49.574736252405096,11.017236862506337,21.872340425531913,True,False
Agent_6,267,3.1556711650327163,11.379026916933547,1367.7165972158753,1511.078628261898,49.57467361645332,11.017191306577395,22.04255319148936,True,False
Agent_6,268,3.1556711650327163,11.379026916933547,1367.7713074885394,1508.895070085221,49.57465397496412,11.017191253554767,22.095744680851066,True,False
Agent_6,269,3.1556711650327163,11.379026916933547,1365.4693855254761,1519.1641133007436,49.57474683960054,11.017163239638762,21.96808510638298,True,False
Agent_6,270,3.1556711650327163,11.379026916933547,1361.0696419359044,1519.9535293500367,49.57475499616086,11.017102713641428,22.04255319148936,True,False
Agent_6,271,2.682320490277809,9.978295328373108,1362.614611038253,1524.2144819852,49.57479292609486,11.017125649264951,21.861702127659573,True,False
Agent_6,272,2.682320490277809,9.978295328373108,1357.2403704142703,1525.162757387228,49.57480274550181,11.017051711388502,21.97872340425532,True,False
Agent_6,273,2.682320490277809,9.978295328373108,1354.7062410035826,1526.0184840677168,49.57481104847295,11.017016998683241,22.085106382978722,True,False
Agent_6,274,2.682320490277809,9.978295328373108,1357.4327205573595,1525.2281029425617,49.574803286545084,11.017054394505022,21.95744680851064,True,False
Agent_6,275,2.682320490277809,9.978295328373108,1352.4476577687265,1521.0584946672805,49.574767006756254,11.016983939633823,22.22340425531915,True,True
Agent_6,276,2.682320490277809,9.978295328373108,1348.7961309406198,1524.8868800217035,49.57480230062663,11.016934882536875,22.117021276595743,True,False
Agent_6,277,2.682320490277809,9.978295328373108,1343.1261942771714,1523.9391677900576,49.57479514787385,11.016856154533386,22.148936170212767,True,False
Agent_6,278,2.682320490277809,9.978295328373108,1334.794436648286,1522.2929341667805,49.57478235737378,11.016740372773164,22.22340425531915,True,True
Agent_6,279,2.682320490277809,9.978295328373108,1332.5223983009598,1530.2158501417678,49.57485412504601,11.016711901674789,22.0,True,False
Agent_6,280,2.682320490277809,9.978295328373108,1332.2773252694728,1530.2316598895175,49.5748543262153,11.016708519829455,22.01063829787234,True,False
Agent_6,281,2.682320490277809,9.978295328373108,1325.7666342981545,1525.889084904176,49.574816858994986,11.016616911933589,22.24468085106383,True,True
Agent_6,282,2.682320490277809,9.978295328373108,1330.3822413742419,1532.0988894542927,49.57487156764161,11.016683015510102,21.93617021276596,True,False
Agent_6,283,2.682320490277809,9.978295328373108,1327.0435518744534,1526.3164803550637,49.57482039323683,11.016634721423076,22.23404255319149,True,False
Agent_6,284,2.682320490277809,9.978295328373108,1322.2998396542075,1529.7433968067564,49.57485234126047,11.016570417722122,22.138297872340427,True,False
Agent_6,285,2.682320490277809,9.978295328373108,1322.07568345382,1527.8995509882614,49.57483582068179,11.016566635978824,22.170212765957448,True,False
Agent_6,286,2.2799724167361375,8.787673478096734,1318.7421324465993,1529.717044514852,49.57485296157823,11.016521228911115,22.20212765957447,True,False
Agent_6,287,2.2799724167361375,8.787673478096734,1316.4559666935409,1528.838838834542,49.57484561808719,11.016489301309338,22.319148936170212,True,True
Agent_6,288,2.2799724167361375,8.787673478096734,1318.9591935143578,1536.7103646781031,49.57491577321406,11.016526820499974,21.95744680851064,True,False
Agent_6,289,2.2799724167361375,8.787673478096734,1322.0060248018929,1537.6979753609894,49.57492391687251,11.016569303568497,21.925531914893618,True,False
Agent_6,290,2.2799724167361375,8.787673478096734,1321.6735015051465,1538.8387948047282,49.57493425197781,11.016565129706846,21.893617021276597,True,False
Agent_6,291,2.2799724167361375,8.787673478096734,1321.978019874969,1538.5318999451486,49.5749314198848,11.016569225434331,21.872340425531913,True,False
Agent_6,292,2.2799724167361375,8.787673478096734,1323.336982321268,1535.8174752378106,49.57490669210474,11.016587004974662,21.96808510638298,True,False
Agent_6,293,2.2799724167361375,8.787673478096734,1325.962808987194,1531.646565749791,49.574868566525566,11.016621757008407,22.074468085106382,True,False
Agent_6,294,2.2799724167361375,8.787673478096734,1324.957824580088,1527.6539413517535,49.574832918418856,11.016606385493102,22.23404255319149,True,False
Agent_6,295,2.2799724167361375,8.787673478096734,1321.3668468994438,1528.3926548670552,49.5748404240516,11.016557020266053,22.148936170212767,True,False
Agent_6,296,2.2799724167361375,8.787673478096734,1324.2029224902378,1521.5005611967815,49.57477778671719,11.016593670337281,22.329787234042552,True,True
Agent_6,297,2.2799724167361375,8.787673478096734,1323.2479968879823,1522.5877678430163,49.574787789856295,11.016580873021697,22.319148936170212,True,False
Agent_6,298,2.2799724167361375,8.787673478096734,1329.2641727315959,1522.3540161983367,49.574784239025156,11.016663949346771,22.319148936170212,True,False
Agent_6,299,2.2799724167361375,8.787673478096734,1325.5407377343074,1523.7405937811918,49.57479760033802,11.016612993241344,22.26595744680851,True,False
Agent_6,300,2.2799724167361375,8.787673478096734,1332.1757327931648,1519.5204266608416,49.57475806592885,11.01670314652141,22.329787234042552,True,True
Agent_6,301,1.9379765542257168,7.7756449053618155,1327.6028630725473,1519.7768881373634,49.57476147316182,11.016640029790462,22.372340425531913,True,True
Agent_6,302,1.9379765542257168,7.7756449053618155,1328.9609652436243,1522.2553998642873,49.574783425608814,11.01665972150177,22.329787234042552,True,False
Agent_6,303,1.9379765542257168,7.7756449053618155,1326.3630273698543,1523.5231540892541,49.5747954476109,11.016624279369049,22.30851063829787,True,False
Agent_6,304,1.9379765542257168,7.7756449053618155,1325.7806432543525,1518.5563756937124,49.57475094087191,11.016614388622257,22.43617021276596,True,True
Agent_6,305,1.9379765542257168,7.7756449053618155,1325.7806432543525,1518.5563756937124,49.57475094087191,11.016614388622257,22.43617021276596,False,True
Agent_6,306,1.9379765542257168,7.7756449053618155,1327.8179249722332,1517.574790319334,49.574741626377175,11.016642186692687,22.4468085106383,True,True
Agent_6,307,1.9379765542257168,7.7756449053618155,1328.300551428624,1516.3680177578221,49.57473066223945,11.016648410992055,22.51063829787234,True,True
Agent_6,308,1.9379765542257168,7.7756449053618155,1328.3734177735078,1516.4512786976952,49.574731393126214,11.0166494490894,22.51063829787234,True,True
Agent_6,309,1.9379765542257168,7.7756449053618155,1325.8255565015263,1521.7994692084478,49.57478008267088,11.016616211117647,22.340425531914892,True,False
Agent_6,310,1.9379765542257168,7.7756449053618155,1325.1365162450777,1521.7096582386762,49.57477944137169,11.016606653084883,22.340425531914892,True,False
Agent_6,311,1.9379765542257168,7.7756449053618155,1327.1662792258496,1522.6093488050294,49.574787039742375,11.016635044308046,22.319148936170212,True,False
Agent_6,312,1.9379765542257168,7.7756449053618155,1328.886083633435,1526.0068247320723,49.57481716573323,11.016660076428508,22.19148936170213,True,False
Agent_6,313,1.9379765542257168,7.7756449053618155,1325.36727662617,1521.5349633942114,49.57477781541372,11.016609778207737,22.340425531914892,True,False
Agent_6,314,1.9379765542257168,7.7756449053618155,1319.948400281435,1518.7172246164355,49.574753792017155,11.016533827881231,22.48936170212766,True,False
Agent_6,315,1.9379765542257168,7.7756449053618155,1324.9192600427823,1522.708074032497,49.57478846861852,11.016604019841415,22.30851063829787,True,False
Agent_6,316,1.6472800710918591,6.9154206185371345,1329.3317661806016,1520.4581809572535,49.57476718081072,11.01666418123271,22.351063829787236,True,False
Agent_6,317,1.6472800710918591,6.9154206185371345,1323.7769386340474,1523.276766244381,49.57479385591251,11.016588439989999,22.29787234042553,True,False
Agent_6,318,1.6472800710918591,6.9154206185371345,1318.5010468664686,1525.290468161621,49.57481322854982,11.016516256241921,22.372340425531913,True,False
Agent_6,319,1.6472800710918591,6.9154206185371345,1321.9028363046764,1524.3231326994676,49.574803713403874,11.016562921547882,22.25531914893617,True,False
Agent_6,320,1.6472800710918591,6.9154206185371345,1320.9031593547452,1523.7765541301414,49.57479904099807,11.016548900270449,22.319148936170212,True,False
Agent_6,321,1.6472800710918591,6.9154206185371345,1320.9537560161843,1523.8389277947513,49.574799589492805,11.016549622789897,22.30851063829787,True,False
Agent_6,322,1.6472800710918591,6.9154206185371345,1322.3545163813994,1530.3625909913305,49.57485789410948,11.016571402954874,22.117021276595743,True,False
Agent_6,323,1.6472800710918591,6.9154206185371345,1328.7969504670298,1531.4383602389248,49.57486601204013,11.016660856894104,22.0,True,False
Agent_6,324,1.6472800710918591,6.9154206185371345,1329.0289506964302,1531.657794108667,49.57486792865983,11.016664145198193,21.98936170212766,True,False
Agent_6,325,1.6472800710918591,6.9154206185371345,1326.332923842986,1531.2624616745823,49.574865024580625,11.016626730875183,22.074468085106382,True,False
Agent_6,326,1.6472800710918591,6.9154206185371345,1325.9224961180093,1537.7905089434275,49.5749238050015,11.016623476261671,21.808510638297875,True,False
Agent_6,327,1.6472800710918591,6.9154206185371345,1326.192249001208,1537.0644898727162,49.57491721371732,11.016626936114402,21.819148936170212,True,False
Agent_6,328,1.6472800710918591,6.9154206185371345,1326.0728153563723,1536.9359169101467,49.57491608673481,11.016625237512061,21.829787234042552,True,False
Agent_6,329,1.6472800710918591,6.9154206185371345,1322.2876614280249,1541.4701485323474,49.57495775760503,11.016574594372772,21.819148936170212,True,False
Agent_6,330,1.6472800710918591,6.9154206185371345,1321.5695437705645,1543.0937252951887,49.57497252519063,11.016565269203861,21.78723404255319,True,False
Agent_6,331,1.4001880604280803,6.184229974736156,1319.9434982929647,1547.688793154612,49.57501422268339,11.016544494473427,21.648936170212764,True,False
Agent_6,332,1.4001880604280803,6.184229974736156,1321.7761237409316,1544.0798186252955,49.57498133954684,11.01656849018295,21.75531914893617,True,False
Agent_6,333,1.4001880604280803,6.184229974736156,1325.1768943581592,1542.1594591213343,49.57496325775767,11.016614788431603,21.78723404255319,True,False
Agent_6,334,1.4001880604280803,6.184229974736156,1327.8115083724854,1543.25293834086,49.57497245237615,11.016651612590787,21.73404255319149,True,False
Agent_6,335,1.4001880604280803,6.184229974736156,1326.842422298278,1540.4300805384776,49.574947310819816,11.016637170687162,21.77659574468085,True,False
Agent_6,336,1.4001880604280803,6.184229974736156,1326.5322052417462,1540.4660729198104,49.57494770910817,11.016632895810014,21.77659574468085,True,False
Agent_6,337,1.4001880604280803,6.184229974736156,1323.8553258455147,1535.3506582961384,49.57490237092829,11.016593997203502,21.96808510638298,True,False
Agent_6,338,1.4001880604280803,6.184229974736156,1326.6346388152788,1532.3812151170077,49.57487500851247,11.01663131608685,22.04255319148936,True,False
Agent_6,339,1.4001880604280803,6.184229974736156,1330.4416975530642,1530.6952704605253,49.57485893598857,11.016683317290992,22.0,True,False
Agent_6,340,1.4001880604280803,6.184229974736156,1333.2854913881351,1530.7766740172256,49.57485898249274,11.016722657905696,21.946808510638295,True,False
Agent_6,341,1.4001880604280803,6.184229974736156,1332.8733954459879,1531.2441186952199,49.574863283717875,11.016717134613332,21.93617021276596,True,False
Agent_6,342,1.4001880604280803,6.184229974736156,1332.1117953087705,1533.177558060791,49.57488084719005,11.016707323253655,21.861702127659573,True,False
Agent_6,343,1.4001880604280803,6.184229974736156,1327.357964745783,1529.7108599976823,49.574850830030215,11.016640325348702,22.074468085106382,True,False
Agent_6,344,1.4001880604280803,6.184229974736156,1327.2362823939584,1529.7155885225275,49.57485090185536,11.016638645056348,22.074468085106382,True,False
Agent_6,345,1.4001880604280803,6.184229974736156,1326.877372919628,1529.17291986458,49.574846110211446,11.016633482689183,22.106382978723403,True,False
Agent_6,346,1.1901598513638683,5.562717927505324,1329.8420536648346,1527.6302754111528,49.574831528810286,11.016673892571847,22.159574468085104,True,False
Agent_6,347,1.1901598513638683,5.562717927505324,1330.1096588621867,1527.2260980247993,49.57482783112191,11.0166774419782,22.159574468085104,True,False
Agent_6,348,1.1901598513638683,5.562717927505324,1329.6250574027215,1525.161663021301,49.57480939039633,11.01666997827019,22.180851063829788,True,False
Agent_6,349,1.1901598513638683,5.562717927505324,1329.1472189085591,1525.0376713121775,49.57480839095591,11.016663327056156,22.21276595744681,True,False
Agent_6,350,1.1901598513638683,5.562717927505324,1331.3427004050297,1522.5328155380819,49.57478534543968,11.016692747547168,22.28723404255319,True,False
Agent_6,351,1.1901598513638683,5.562717927505324,1331.3873869654283,1522.573169576972,49.574785697420104,11.016693380212196,22.27659574468085,True,False
Agent_6,352,1.1901598513638683,5.562717927505324,1331.335248291027,1521.9795624863857,49.574780373966576,11.016692439532434,22.26595744680851,True,False
Agent_6,353,1.1901598513638683,5.562717927505324,1335.540328082379,1520.962501979256,49.574770218199525,11.01675019040208,22.25531914893617,True,False
Agent_6,354,1.1901598513638683,5.562717927505324,1335.7419865453664,1520.9477744834107,49.574770037219054,11.01675297251344,22.25531914893617,True,False
Agent_6,355,1.1901598513638683,5.562717927505324,1339.9192928548473,1520.5287079956522,49.57476526356591,11.016810561032333,22.23404255319149,True,False
Agent_6,356,1.1901598513638683,5.562717927505324,1339.086855862031,1521.3077672018137,49.57477246723198,11.016799342764715,22.20212765957447,True,False
Agent_6,357,1.1901598513638683,5.562717927505324,1338.4730682170484,1522.1125593472261,49.57477984952577,11.016791156467196,22.170212765957448,True,False
Agent_6,358,1.1901598513638683,5.562717927505324,1340.4579153809764,1520.72080642998,49.574766860571295,11.016818077711816,22.21276595744681,True,False
Agent_6,359,1.1901598513638683,5.562717927505324,1339.7093676796874,1518.2661154227078,49.574744975393834,11.016806820763124,22.319148936170212,True,False
Agent_6,360,1.1901598513638683,5.562717927505324,1341.5221646086256,1514.5856205266844,49.574711454077026,11.016830515571533,22.425531914893618,True,False
Agent_6,361,1.011635873659288,5.034432687359118,1337.073349743303,1514.8010973787673,49.57471446306888,11.016769098559793,22.404255319148938,True,False
Agent_6,362,1.011635873659288,5.034432687359118,1341.234856931141,1517.020065526996,49.574733406874806,11.016827446178153,22.329787234042552,True,False
Agent_6,363,1.011635873659288,5.034432687359118,1339.8408146457625,1512.941814343641,49.57469708283747,11.016806664806078,22.46808510638298,True,False
Agent_6,364,1.011635873659288,5.034432687359118,1342.5046950760282,1516.2130942806211,49.57472584689722,11.01684470037465,22.319148936170212,True,False
Agent_6,365,1.011635873659288,5.034432687359118,1344.1110809276745,1514.8938978437282,49.57471360135275,11.016866416916468,22.382978723404257,True,False
Agent_6,366,1.011635873659288,5.034432687359118,1343.238980804466,1511.131559766007,49.57467999133271,11.016852967497428,22.4468085106383,True,False
Agent_6,367,1.011635873659288,5.034432687359118,1341.2300385230383,1510.768317747865,49.574677210208165,11.016825062901152,22.46808510638298,True,False
Agent_6,368,1.011635873659288,5.034432687359118,1339.6698585350994,1510.472166298563,49.57467492402411,11.016803386495017,22.51063829787234,True,True
Agent_6,369,1.011635873659288,5.034432687359118,1339.7486586633433,1511.1163552473283,49.57468069573933,11.016804714474404,22.47872340425532,True,False
Agent_6,370,1.011635873659288,5.034432687359118,1339.7641297742928,1510.973832455043,49.57467941085406,11.016804875521352,22.47872340425532,True,False
Agent_6,371,1.011635873659288,5.034432687359118,1338.9867999713133,1511.6972363974023,49.57468610094728,11.016794398406015,22.51063829787234,True,True
Agent_6,372,1.011635873659288,5.034432687359118,1338.244290917062,1513.1477519359157,49.574699318755975,11.01678467205735,22.48936170212766,True,False
Agent_6,373,1.011635873659288,5.034432687359118,1337.7148170705668,1511.5866961697677,49.574685413796,11.016776774579968,22.52127659574468,True,True
Agent_6,374,1.011635873659288,5.034432687359118,1334.7236355097725,1512.8587101199619,49.574697568882016,11.0167358982411,22.5,True,False
Agent_6,375,1.011635873659288,5.034432687359118,1333.7347728109787,1507.949079584209,49.57465367380919,11.016720409763037,22.648936170212767,True,True
Agent_7,1,50.0,150.0,1076.681582161045,56.51283671239487,49.561668351539836,11.012630430718618,0.0,True,True
Agent_7,2,50.0,150.0,1015.2490092066193,129.52475704325832,49.562339436296924,11.011808435697246,0.0,True,True
Agent_7,3,50.0,150.0,969.3971394345483,247.8951739088306,49.56341450820651,11.011218497311221,1.5319148936170213,True,True
Agent_7,4,50.0,150.0,976.0955739257304,218.72350880398278,49.563150669212945,11.011300294019284,0.7340425531914894,True,False
Agent_7,5,50.0,150.0,976.0955739257304,218.72350880398278,49.563150669212945,11.011300294019284,0.7340425531914894,False,False
Agent_7,6,50.0,150.0,976.0536240547933,218.7196110793023,49.56315064425503,11.01129971283299,0.7340425531914894,True,False
Agent_7,7,50.0,150.0,924.3300167878268,196.73890227444443,49.56296548111159,11.010576776533936,0.41489361702127653,True,False
Agent_7,8,50.0,150.0,990.7039394893634,199.82734737231047,49.56297729790416,11.011495200481653,0.37234042553191493,True,False
Agent_7,9,50.0,150.0,944.8501613643195,192.21989712391667,49.56291992988731,11.010858694652605,0.3617021276595745,True,False
Agent_7,10,50.0,150.0,893.124707387735,162.98468097956376,49.56266955218339,11.010133059646133,0.24468085106382978,True,False
Agent_7,11,50.0,150.0,778.2329128066488,194.8738707707353,49.56298378905276,11.008557033887637,0.3617021276595745,True,False
Agent_7,12,50.0,150.0,787.8607861210029,185.72916779676873,49.56289927522155,11.008686717063334,0.32978723404255317,True,False
Agent_7,13,50.0,150.0,921.712515916766,144.51919791284823,49.562496696841144,11.010521320635267,0.11702127659574468,True,False
Agent_7,14,50.0,150.0,936.9583377820505,210.50847530436744,49.56308622513025,11.01075638416252,0.5531914893617021,True,False
Agent_7,15,50.0,150.0,893.8332410760294,316.98674849137296,49.56405373636808,11.010199708065494,3.0106382978723407,True,True
Agent_7,16,42.5,127.8061224489796,861.1527390557266,321.0842654115165,49.56409841696351,11.009749567864304,3.0638297872340425,True,True
Agent_7,17,42.5,127.8061224489796,861.1527390557266,321.0842654115165,49.56409841696351,11.009749567864304,3.0638297872340425,False,True
Agent_7,18,42.5,127.8061224489796,864.7160992653545,245.29872724508635,49.56341631046246,11.00977083988581,1.2446808510638296,True,False
Agent_7,19,42.5,127.8061224489796,803.7073047064027,352.5972646890523,49.56439548307221,11.008967284307314,3.265957446808511,True,True
Agent_7,20,42.5,127.8061224489796,801.8823335314327,358.24646743840947,49.564446702866526,11.008944147014027,3.3297872340425534,True,True
Agent_7,21,42.5,127.8061224489796,752.2044757012682,364.7596654561827,49.56451717185551,11.008259982936426,3.117021276595745,True,False
Agent_7,22,42.5,127.8061224489796,817.8864441129364,303.26772731491246,49.563948646955836,11.009145041549028,2.5319148936170213,True,False
Agent_7,23,42.5,127.8061224489796,785.3032736071918,321.07741316772535,49.5641165615227,11.008701305233961,2.617021276595745,True,False
Agent_7,24,42.5,127.8061224489796,850.7389793562015,259.58706824410314,49.56354810680776,11.009582948723688,1.5106382978723405,True,False
Agent_7,25,42.5,127.8061224489796,854.4500099102136,249.2427361065953,49.56345422865833,11.009630417512982,1.3085106382978724,True,False
Agent_7,26,42.5,127.8061224489796,842.5898160151755,276.0180872987496,49.5636977647895,11.009476390568954,1.819148936170213,True,False
Agent_7,27,42.5,127.8061224489796,866.9091517711665,187.3257197733853,49.56289465322134,11.009779748968272,0.37234042553191493,True,False
Agent_7,28,42.5,127.8061224489796,885.6826627437822,268.0169591834034,49.5636154947615,11.010068986256671,1.9893617021276597,True,False
Agent_7,29,42.5,127.8061224489796,774.2459767007219,226.41969743585693,49.563268317519515,11.008513571382313,0.5319148936170213,True,False
Agent_7,30,42.5,127.8061224489796,819.0844460225528,227.2079040391835,49.56326464256913,11.00913353145436,0.5638297872340425,True,False
Agent_7,31,36.125,108.94132653061224,850.6729074611419,233.07188203962275,49.563309772455895,11.009572249233402,0.7021276595744681,True,False
Agent_7,32,36.125,108.94132653061224,836.8969032807523,232.46314377171285,49.56330760741834,11.0093816396054,0.6276595744680851,True,False
Agent_7,33,36.125,108.94132653061224,795.3501796773095,210.01864694211542,49.563115821025946,11.008799181251046,0.4574468085106383,True,False
Agent_7,34,36.125,108.94132653061224,865.0889899963098,286.88085876842615,49.56379001081827,11.00979134229273,2.5,True,False
Agent_7,35,36.125,108.94132653061224,855.2861877157721,264.4288329218766,49.56359053870887,11.00964757873345,1.6595744680851061,True,False
Agent_7,36,36.125,108.94132653061224,856.2091547482918,252.6440968909904,49.56348438182514,11.009655984482558,1.4042553191489362,True,False
Agent_7,37,36.125,108.94132653061224,852.2926663830344,337.07003911051737,49.56424424337183,11.009633019748053,3.265957446808511,True,False
Agent_7,38,36.125,108.94132653061224,926.2727967462788,361.2759042790545,49.56444406885775,11.010664386358433,3.234042553191489,True,False
Agent_7,39,36.125,108.94132653061224,943.3067235345636,376.05522424532955,49.56457283109148,11.010905259847494,3.3404255319148937,True,True
Agent_7,40,36.125,108.94132653061224,944.5670025610666,341.4716768685452,49.56426165034285,11.010909904159396,3.042553191489362,True,False
Agent_7,41,36.125,108.94132653061224,961.2367897807851,354.8496153096457,49.56437790228136,11.01114522718611,3.1914893617021276,True,False
Agent_7,42,36.125,108.94132653061224,1061.3195265396248,389.3166847874507,49.564663678743464,11.012541143221634,3.7021276595744683,True,True
Agent_7,43,36.125,108.94132653061224,1066.4696496146566,419.33572460061436,49.564932286961806,11.012623416859707,3.925531914893617,True,True
Agent_7,44,36.125,108.94132653061224,1035.5402043544711,388.2399174703374,49.56466019701148,11.0121844646894,3.5851063829787235,True,False
Agent_7,45,36.125,108.94132653061224,1034.5291088781153,384.12176294257665,49.564623421230465,11.012168968968124,3.5744680851063833,True,False
Agent_7,46,30.70625,92.90625000000001,986.0883597770203,458.970175165507,49.56530788973979,11.011527152238884,4.0638297872340425,True,True
Agent_7,47,30.70625,92.90625000000001,982.1229546884567,456.8225941313829,49.565289537651395,11.01147155456132,4.0638297872340425,True,True
Agent_7,48,30.70625,92.90625000000001,982.3602605336049,473.2245960501879,49.565436921219735,11.01148089414433,4.202127659574468,True,True
Agent_7,49,30.70625,92.90625000000001,995.5096454910826,384.2141886835249,49.56463363043921,11.011629738743597,3.446808510638298,True,False
Agent_7,50,30.70625,92.90625000000001,968.8333488379797,413.2358075691502,49.56490092137336,11.011271782599424,3.691489361702128,True,False
Agent_7,51,30.70625,92.90625000000001,1010.7146930911384,375.0110771689926,49.56454724774096,11.011836477841603,3.393617021276596,True,False
Agent_7,52,30.70625,92.90625000000001,991.1594209480427,301.6559893014763,49.5638925450126,11.011539115009048,2.75531914893617,True,False
Agent_7,53,30.70625,92.90625000000001,977.8254937359939,361.1303054497488,49.56443037473191,11.011376808791486,3.25531914893617,True,False
Agent_7,54,30.70625,92.90625000000001,908.6696739215084,373.4805015586903,49.5645580063707,11.010425611565744,3.404255319148936,True,False
Agent_7,55,30.70625,92.90625000000001,844.3273546449009,410.56612629771087,49.5649068262657,11.009550063589232,3.925531914893617,True,False
Agent_7,56,30.70625,92.90625000000001,845.5310816681969,410.6910561835375,49.5649076603027,11.009566745801974,3.925531914893617,True,False
Agent_7,57,30.70625,92.90625000000001,891.0409463310085,433.732349152628,49.565103855443326,11.010204221693503,4.1063829787234045,True,False
Agent_7,58,30.70625,92.90625000000001,879.5624786584518,462.19777051361103,49.56536249300038,11.01005609234253,4.521276595744681,True,True
Agent_7,59,30.70625,92.90625000000001,851.0623985365844,476.39411381822015,49.565496949826475,11.009667443828867,4.542553191489362,True,True
Agent_7,60,30.70625,92.90625000000001,914.0184792538688,502.4230376873308,49.565715810450484,11.010547150205749,4.5638297872340425,True,True
Agent_7,61,26.1003125,79.2764349489796,912.8926637301058,507.38402918482467,49.565760676145544,11.01053342268173,4.638297872340426,True,True
Agent_7,62,26.1003125,79.2764349489796,953.5573053097231,468.60733507016494,49.565402336592186,11.01108111362845,4.074468085106383,True,False
Agent_7,63,26.1003125,79.2764349489796,1016.9305656159167,454.0698979364289,49.56525642781357,11.011951598739433,4.0638297872340425,True,False
Agent_7,64,26.1003125,79.2764349489796,1029.7088556290819,396.84622913136076,49.56473896244249,11.012107053710134,3.606382978723404,True,False
Agent_7,65,26.1003125,79.2764349489796,1005.8646730015608,341.93433921867455,49.56425108055056,11.01175722691978,3.148936170212766,True,False
Agent_7,66,26.1003125,79.2764349489796,1005.5197201289125,337.69042267556586,49.56421301411132,11.011750891464754,3.117021276595745,True,False
Agent_7,67,26.1003125,79.2764349489796,942.5718940866694,326.4810739136412,49.56412737628099,11.010876794615141,2.9361702127659575,True,False
Agent_7,68,26.1003125,79.2764349489796,937.4244903474743,319.2094276198877,49.564063246607205,11.010802970585361,2.882978723404255,True,False
Agent_7,69,26.1003125,79.2764349489796,956.1155876766131,317.64030977811615,49.5640446512809,11.011060706505067,2.851063829787234,True,False
Agent_7,70,26.1003125,79.2764349489796,980.4254063622296,263.12422233837947,49.5635487551461,11.011376534437979,2.0425531914893615,True,False
Agent_7,71,26.1003125,79.2764349489796,976.5451712895338,308.993345836272,49.56396201358427,11.011339853816583,2.797872340425532,True,False
Agent_7,72,26.1003125,79.2764349489796,972.0941746504645,307.3117844007672,49.563947967194,11.0112777189249,2.7659574468085104,True,False
Agent_7,73,26.1003125,79.2764349489796,1010.6790974990716,312.3753236351993,49.56398421207009,11.01181284142654,2.8297872340425534,True,False
Agent_7,74,26.1003125,79.2764349489796,1045.0785262091995,360.36610428265755,49.564407341352876,11.012305985903444,3.4148936170212765,True,False
Agent_7,75,26.1003125,79.2764349489796,1112.7821281325869,344.569298560217,49.56424906144553,11.013235830334342,2.893617021276596,True,False
Agent_7,76,22.185265625,67.69109215561224,1114.234747318588,342.5825253339553,49.56423085262336,11.01325517128053,2.851063829787234,True,False
Agent_7,77,22.185265625,67.69109215561224,1067.3375505872114,357.8747390920939,49.56437959457104,11.012612691943318,3.361702127659574,True,False
Agent_7,78,22.185265625,67.69109215561224,1066.813357328157,376.3698131463892,49.5645459761177,11.01261228423204,3.595744680851064,True,False
Agent_7,79,22.185265625,67.69109215561224,1064.5068121309573,368.04126404943304,49.56447166387923,11.012577328281234,3.4893617021276593,True,False
Agent_7,80,22.185265625,67.69109215561224,1021.0034196569067,381.68384716295947,49.564604757564524,11.011981137727139,3.446808510638298,True,False
Agent_7,81,22.185265625,67.69109215561224,990.0203020780913,434.6217031817945,49.5650880719865,11.01157249782989,3.882978723404255,True,False
Agent_7,82,22.185265625,67.69109215561224,990.6916835949987,468.9399498129104,49.56539640362189,11.011594456523273,4.202127659574468,True,False
Agent_7,83,22.185265625,67.69109215561224,974.2298649512747,510.07815716695893,49.56577015833768,11.01138214230452,4.531914893617022,True,False
Agent_7,84,22.185265625,67.69109215561224,1000.4367841830808,550.230560802279,49.5661247976174,11.011759177779997,4.861702127659575,True,True
Agent_7,85,22.185265625,67.69109215561224,1018.6489427314285,557.0145024255662,49.566181402300295,11.012013391807278,5.01063829787234,True,True
Agent_7,86,22.185265625,67.69109215561224,1012.4938858071596,577.9262599754362,49.56637086129137,11.011936051840273,5.127659574468085,True,True
Agent_7,87,22.185265625,67.69109215561224,1029.5198935811375,553.7938050465742,49.56614983772718,11.012162447024277,5.074468085106383,True,False
Agent_7,88,22.185265625,67.69109215561224,1053.9436942090272,582.1675474762465,49.566399022601814,11.012510492604207,4.968085106382978,True,False
Agent_7,89,22.185265625,67.69109215561224,1063.502709979796,566.521267634588,49.566256077101755,11.012636822489934,4.691489361702128,True,False
Agent_7,90,22.185265625,67.69109215561224,1067.4176713535746,533.7547821608596,49.56596059208457,11.012678817100305,4.542553191489362,True,False
Agent_7,91,18.85747578125,57.84355078125,1056.115711065007,519.094284489953,49.56583152372773,11.012517195994382,4.691489361702128,True,False
Agent_7,92,18.85747578125,57.84355078125,1055.8621585846029,518.8465714534819,49.56582935795295,11.012513600145708,4.680851063829787,True,False
Agent_7,93,18.85747578125,57.84355078125,1057.6127186090416,526.1553652488776,49.5658946371003,11.012540495935761,4.6489361702127665,True,False
Agent_7,94,18.85747578125,57.84355078125,1098.984674851757,552.7696505393536,49.56612392894249,11.013122128233192,3.872340425531915,True,False
Agent_7,95,18.85747578125,57.84355078125,1127.9145229529788,560.4641520328375,49.56618613773384,11.013524807758458,3.361702127659574,True,False
Agent_7,96,18.85747578125,57.84355078125,1121.7101599292898,546.1183914881569,49.5660586736751,11.013433752887531,3.5425531914893615,True,False
Agent_7,97,18.85747578125,57.84355078125,1066.411635100225,547.0335343296726,49.56608019901403,11.012669821887323,4.6489361702127665,True,False
Agent_7,98,18.85747578125,57.84355078125,1065.288635663309,545.3832831976181,49.566065634639855,11.01265369106629,4.585106382978724,True,False
Agent_7,99,18.85747578125,57.84355078125,1017.1129533525999,563.1084221821651,49.566236550837964,11.011994415257272,5.074468085106383,True,False
Agent_7,100,18.85747578125,57.84355078125,998.4558981327963,553.4109499675405,49.56615386279118,11.011732975520092,4.872340425531915,True,False
Agent_7,101,18.85747578125,57.84355078125,979.5160403524284,529.5842933092896,49.56594423229151,11.011462407845213,4.6489361702127665,True,False
Agent_7,102,18.85747578125,57.84355078125,980.2836505107832,508.47701909222104,49.56575431070004,11.011465218422844,4.5,True,False
Agent_7,103,18.85747578125,57.84355078125,971.8552526387821,505.3890859305308,49.56572857801796,11.011347591114609,4.4787234042553195,True,False
Agent_7,104,18.85747578125,57.84355078125,972.1272378887187,505.6218282240208,49.5657306048258,11.01135143612838,4.4787234042553195,True,False
Agent_7,105,18.85747578125,57.84355078125,950.0753086960494,497.4032049441422,49.565662024554186,11.011043626926613,4.414893617021277,True,False
Agent_7,106,16.028854414062497,49.473140613042084,989.4025361001013,502.71821416736884,49.56570035238899,11.01158912015116,4.457446808510639,True,False
Agent_7,107,16.028854414062497,49.473140613042084,1007.069919656187,466.82475647032925,49.565373453567396,11.011820032162799,4.148936170212766,True,False
Agent_7,108,16.028854414062497,49.473140613042084,1021.1433100857889,430.46844513764063,49.565043257512094,11.01200109926897,3.882978723404255,True,False
Agent_7,109,16.028854414062497,49.473140613042084,1014.4553304102906,404.3412169092948,49.56481000264353,11.011899013119105,3.638297872340426,True,False
Agent_7,110,16.028854414062497,49.473140613042084,1026.8456815314396,369.7720989475976,49.56449627642574,11.012057477988717,3.446808510638298,True,False
Agent_7,111,16.028854414062497,49.473140613042084,1057.3245694511227,348.29204019327153,49.564295861370205,11.01247076730618,3.2872340425531914,True,False
Agent_7,112,16.028854414062497,49.473140613042084,1071.594005304671,393.0748121961498,49.5646949908571,11.012684529882845,3.723404255319149,True,False
Agent_7,113,16.028854414062497,49.473140613042084,1077.277768970677,383.233178802774,49.56460515601357,11.012759443491385,3.648936170212766,True,False
Agent_7,114,16.028854414062497,49.473140613042084,1084.298295042279,392.29499709755817,49.5646849261425,11.012859820016802,3.765957446808511,True,False
Agent_7,115,16.028854414062497,49.473140613042084,1084.298295042279,392.29499709755817,49.5646849261425,11.012859820016802,3.765957446808511,False,False
Agent_7,116,16.028854414062497,49.473140613042084,1059.9663166502173,412.78689179355234,49.564874981958624,11.012531116952838,3.8085106382978724,True,False
Agent_7,117,16.028854414062497,49.473140613042084,1065.123769678696,424.73015442532693,49.564981102047696,11.012606810273262,3.925531914893617,True,False
Agent_7,118,16.028854414062497,49.473140613042084,1086.466605382043,439.84233541301455,49.56511181611099,11.012907365873172,4.042553191489362,True,False
Agent_7,119,16.028854414062497,49.473140613042084,1089.754010472349,460.7448837740974,49.56529892223164,11.012960527807572,4.01063829787234,True,False
Agent_7,120,16.028854414062497,49.473140613042084,1067.7720170687176,442.7733259156598,49.5651426585643,11.012650080368566,4.0638297872340425,True,False
Agent_7,121,13.624526251953123,42.35829197006536,1069.7968769683932,465.8881831317164,49.56534995522564,11.012686610094631,4.276595744680852,True,False
Agent_7,122,13.624526251953123,42.35829197006536,1065.6230106848466,451.091969830926,49.5652179530341,11.012623455084434,4.159574468085107,True,False
Agent_7,123,13.624526251953123,42.35829197006536,1050.5006867411835,459.8384810647831,49.56530021279861,11.012417689134729,4.25531914893617,True,False
Agent_7,124,13.624526251953123,42.35829197006536,1048.909973138918,456.46468734048545,49.565270267596915,11.01239445750503,4.223404255319149,True,False
Agent_7,125,13.624526251953123,42.35829197006536,1040.7506296751133,464.2882298472724,49.565342556371036,11.012284582343405,4.212765957446808,True,False
Agent_7,126,13.624526251953123,42.35829197006536,1081.5412698312243,455.7423104166119,49.56525592816944,11.012845173505276,4.117021276595745,True,False
Agent_7,127,13.624526251953123,42.35829197006536,1064.579201069286,460.3642059429595,49.56530155377552,11.012612456689347,4.24468085106383,True,False
Agent_7,128,13.624526251953123,42.35829197006536,1065.3567449002512,459.8891037659205,49.56529709604594,11.012623027164235,4.24468085106383,True,False
Agent_7,129,13.624526251953123,42.35829197006536,1036.5562663451092,459.8432609690888,49.56530360806081,11.012224970909456,4.159574468085107,True,False
Agent_7,130,13.624526251953123,42.35829197006536,1068.3882171030864,468.33480393091975,49.56537228703874,11.012668046043867,4.26595744680851,True,False
Agent_7,131,13.624526251953123,42.35829197006536,1097.4601658197034,485.0926397280141,49.565515935217086,11.013076033948815,4.0212765957446805,True,False
Agent_7,132,13.624526251953123,42.35829197006536,1103.1735186135963,488.47369294391785,49.56554495403115,11.013156246321097,3.9148936170212765,True,False
Agent_7,133,13.624526251953123,42.35829197006536,1075.5612262706477,519.2845788346659,49.565828558733664,11.012786017505666,4.4361702127659575,True,False
Agent_7,134,13.624526251953123,42.35829197006536,1076.8615110190772,520.7899657615116,49.56584177825015,11.012804544939977,4.446808510638298,True,False
Agent_7,135,13.624526251953123,42.35829197006536,1100.9344751363647,525.181751084618,49.565875467617154,11.013138874761674,3.9148936170212765,True,False
Agent_7,136,11.580847314160154,36.31067062353515,1073.3847940003348,522.9896572029544,49.56586238767546,11.012757307401781,4.531914893617022,True,False
Agent_7,137,11.580847314160154,36.31067062353515,1076.9511797168993,521.4919311328279,49.56584806677746,11.012806043750212,4.446808510638298,True,False
Agent_7,138,11.580847314160154,36.31067062353515,1087.8122811188207,515.0974508379692,49.56578797388238,11.01295378782677,4.26595744680851,True,False
Agent_7,139,11.580847314160154,36.31067062353515,1112.988432847961,517.7491349078368,49.565805755411034,11.013302720725573,3.851063829787234,True,False
Agent_7,140,11.580847314160154,36.31067062353515,1084.6280476701766,509.11145165680114,49.56573493043261,11.012907566260974,4.382978723404255,True,False
Agent_7,141,11.580847314160154,36.31067062353515,1086.4287456511756,526.6401168883468,49.56589206562879,11.012938934092901,4.287234042553192,True,False
Agent_7,142,11.580847314160154,36.31067062353515,1084.8078825294338,526.9998934312824,49.56589568950553,11.012916665581455,4.361702127659575,True,False
Agent_7,143,11.580847314160154,36.31067062353515,1084.656234023632,532.3007975424606,49.56594337672293,11.012916529594092,4.372340425531915,True,False
Agent_7,144,11.580847314160154,36.31067062353515,1062.0429329121619,551.4657820295677,49.56612109169772,11.012611081436845,4.680851063829787,True,False
Agent_7,145,11.580847314160154,36.31067062353515,1071.8567135760666,572.0377931396048,49.5663036573747,11.012754321386035,4.808510638297872,True,False
Agent_7,146,11.580847314160154,36.31067062353515,1069.1419994870791,552.4629217425463,49.56612834820897,11.012709564919387,4.680851063829787,True,False
Agent_7,147,11.580847314160154,36.31067062353515,1078.261395782735,567.4054081650347,49.56626047596179,11.012841126904314,4.627659574468085,True,False
Agent_7,148,11.580847314160154,36.31067062353515,1082.0264673360912,570.641967012741,49.56628866455453,11.012894360039335,4.5,True,False
Agent_7,149,11.580847314160154,36.31067062353515,1082.234352650665,573.6319447493544,49.566315491991716,11.012898338684229,4.5,True,False
Agent_7,150,11.580847314160154,36.31067062353515,1100.6461540218884,556.5591326520777,49.56615759365819,11.013146492474228,3.8085106382978724,True,False
Agent_7,151,9.84372021703613,31.170192478984468,1075.3220138032323,557.2261276015447,49.5661696794603,11.01279673873952,4.627659574468085,True,False
Agent_7,152,9.84372021703613,31.170192478984468,1076.0550393779274,551.6910598025338,49.56611974750475,11.012804823365363,4.585106382978724,True,False
Agent_7,153,9.84372021703613,31.170192478984468,1096.6386263800844,549.2357494265256,49.56609272632104,11.013088397237704,3.9680851063829783,True,False
Agent_7,154,9.84372021703613,31.170192478984468,1112.126489847098,553.2921907882827,49.56612546536383,11.013303951934263,3.957446808510638,True,False
Agent_7,155,9.84372021703613,31.170192478984468,1102.7595406973132,555.6437129575255,49.56614885650792,11.013175362695907,3.765957446808511,True,False
Agent_7,156,9.84372021703613,31.170192478984468,1097.6588599157917,540.5579330131942,49.56601447456465,11.0130992889121,4.01063829787234,True,False
Agent_7,157,9.84372021703613,31.170192478984468,1095.7463209480725,537.5317149013798,49.565987731328036,11.013071737163413,4.074468085106383,True,False
Agent_7,158,9.84372021703613,31.170192478984468,1095.4563786978758,536.513391153253,49.56597864716953,11.013067353403793,4.053191489361702,True,False
Agent_7,159,9.84372021703613,31.170192478984468,1079.0376946344938,521.9944491549672,49.5658520822647,11.012835066699918,4.4361702127659575,True,False
Agent_7,160,9.84372021703613,31.170192478984468,1091.7997945445911,501.6303341156059,49.56566595669418,11.013003918704248,4.23404255319149,True,False
Agent_7,161,9.84372021703613,31.170192478984468,1092.653024612359,503.29379920725063,49.565680704679856,11.0130163259819,4.170212765957447,True,False
Agent_7,162,9.84372021703613,31.170192478984468,1092.4233938359089,476.4946583819394,49.5654398577621,11.013003243528741,4.01063829787234,True,False
Agent_7,163,9.84372021703613,31.170192478984468,1088.659052829403,478.5733832238604,49.56545944904194,11.012951986592446,4.074468085106383,True,False
Agent_7,164,9.84372021703613,31.170192478984468,1065.5067611526963,481.82677957779214,49.56549426161367,11.012633210207314,4.382978723404255,True,False
Agent_7,165,9.84372021703613,31.170192478984468,1070.7518904826893,460.16447757497735,49.56529827419662,11.01269769298802,4.212765957446808,True,False
Agent_7,166,8.36716218448071,26.800786056116387,1070.7617759690668,467.46638531656157,49.56536390995432,11.012700529005514,4.297872340425532,True,False
Agent_7,167,8.36716218448071,26.800786056116387,1049.2861743367073,478.93964284238075,49.56547220852164,11.012407964232365,4.404255319148937,True,False
Agent_7,168,8.36716218448071,26.800786056116387,1034.321429530226,478.3308405270493,49.56547033345288,11.012200917025494,4.329787234042553,True,False
Agent_7,169,8.36716218448071,26.800786056116387,1042.788130007597,475.6388961965917,49.56544409971477,11.012316937167075,4.329787234042553,True,False
Agent_7,170,8.36716218448071,26.800786056116387,1051.4672282407257,469.8955466124113,49.56539038517421,11.012434764739266,4.340425531914894,True,False
Agent_7,171,8.36716218448071,26.800786056116387,1063.992730277087,478.3762341704086,49.565463608087086,11.012611009781798,4.3936170212765955,True,False
Agent_7,172,8.36716218448071,26.800786056116387,1075.576754976705,466.0179291208106,49.56534973174854,11.01276653939094,4.223404255319149,True,False
Agent_7,173,8.36716218448071,26.800786056116387,1068.9781782315467,458.6272861431006,49.565284882596465,11.012672610995313,4.202127659574468,True,False
Agent_7,174,8.36716218448071,26.800786056116387,1077.0802008468725,451.5477711387445,49.56521929543935,11.012781968304818,4.127659574468085,True,False
Agent_7,175,8.36716218448071,26.800786056116387,1085.0557109349631,464.5228838428062,49.56533401316608,11.012896991405613,4.053191489361702,True,False
Agent_7,176,8.36716218448071,26.800786056116387,1088.4117285546358,467.40734154997347,49.56535913501991,11.012944439998455,3.9893617021276597,True,False
Agent_7,177,8.36716218448071,26.800786056116387,1085.9363589371294,451.50597667338604,49.56521679013627,11.012904349854667,4.053191489361702,True,False
Agent_7,178,8.36716218448071,26.800786056116387,1085.3788737775117,451.3929074663239,49.565215907797416,11.012896603298225,4.053191489361702,True,False
Agent_7,179,8.36716218448071,26.800786056116387,1094.8597685181924,450.54396288108165,49.56520599651859,11.013027320596864,3.925531914893617,True,False
Agent_7,180,8.36716218448071,26.800786056116387,1090.6929493069285,428.7882135942127,49.565011432336924,11.012961689128634,4.0,True,False
Agent_7,181,7.1120878568086034,23.086790596678522,1084.4426546291886,413.6699972047543,49.56487703506796,11.012869717608247,3.9148936170212765,True,False
Agent_7,182,7.1120878568086034,23.086790596678522,1081.9114741772023,418.871933630039,49.564924404852825,11.012836658709407,3.9042553191489358,True,False
Agent_7,183,7.1120878568086034,23.086790596678522,1085.9784988281938,429.9011295195275,49.56502257024372,11.012896944556314,4.0212765957446805,True,False
Agent_7,184,7.1120878568086034,23.086790596678522,1086.0258961039754,432.72002223455064,49.56504789836727,11.012898641800266,4.0212765957446805,True,False
Agent_7,185,7.1120878568086034,23.086790596678522,1085.2076980078737,423.10356735160633,49.56496165111899,11.012883778557551,3.9893617021276597,True,False
Agent_7,186,7.1120878568086034,23.086790596678522,1080.10387272858,427.0056349696318,49.564997954786996,11.012814683833033,3.9787234042553195,True,False
Agent_7,187,7.1120878568086034,23.086790596678522,1077.379686838048,422.3001669735016,49.56495631156259,11.012775294667257,3.9680851063829783,True,False
Agent_7,188,7.1120878568086034,23.086790596678522,1078.0903281946842,431.915079127481,49.56504257082244,11.012788670658617,4.01063829787234,True,False
Agent_7,189,7.1120878568086034,23.086790596678522,1082.6226852126472,440.3269549250793,49.565117096789,11.012854420055257,4.053191489361702,True,False
Agent_7,190,7.1120878568086034,23.086790596678522,1080.0901637519514,439.1299240899712,49.56510694545103,11.01281897673475,4.042553191489362,True,False
Agent_7,191,7.1120878568086034,23.086790596678522,1101.478005076748,438.49668429443125,49.5650961097915,11.013114333674443,3.872340425531915,True,False
Agent_7,192,7.1120878568086034,23.086790596678522,1099.0980218192076,438.3376010655828,49.56509525214115,11.013081382255626,3.925531914893617,True,False
Agent_7,193,7.1120878568086034,23.086790596678522,1114.1583384851542,424.90388700426297,49.56497087205317,11.013284555966774,3.74468085106383,True,False
Agent_7,194,7.1120878568086034,23.086790596678522,1115.564332753338,430.4920654743268,49.56502076698944,11.013306053935581,3.7127659574468086,True,False
Agent_7,195,7.1120878568086034,23.086790596678522,1116.0953888933918,432.1083271062111,49.565035168114996,11.013313991074504,3.765957446808511,True,False
Agent_7,196,6.045274678287313,19.929894456156333,1106.2427167998044,417.8521069429508,49.56490938617136,11.013172550769475,3.8404255319148937,True,False
Agent_7,197,6.045274678287313,19.929894456156333,1102.9347128760323,422.8590243732641,49.56495518980528,11.013128683965018,3.9361702127659575,True,False
Agent_7,198,6.045274678287313,19.929894456156333,1102.817427890209,422.8169329512669,49.56495483964509,11.013127047467048,3.9361702127659575,True,False
Agent_7,199,6.045274678287313,19.929894456156333,1113.5959528780827,418.26803802351037,49.564911356518635,11.01327432969611,3.734042553191489,True,False
Agent_7,200,6.045274678287313,19.929894456156333,1113.5959528780827,418.26803802351037,49.564911356518635,11.01327432969611,3.734042553191489,False,False
Agent_7,201,6.045274678287313,19.929894456156333,1110.1556837097605,402.42509689990146,49.56476976899608,11.013220925285527,3.765957446808511,True,False
Agent_7,202,6.045274678287313,19.929894456156333,1110.5504301363344,390.30080402875683,49.56466068667528,11.013221897626778,3.6276595744680855,True,False
Agent_7,203,6.045274678287313,19.929894456156333,1107.7358811920112,402.5009884236414,49.564771033179035,11.013187510652257,3.776595744680851,True,False
Agent_7,204,6.045274678287313,19.929894456156333,1109.6558041491753,409.57218749467904,49.564834135663276,11.013216659527425,3.797872340425532,True,False
Agent_7,205,6.045274678287313,19.929894456156333,1107.7140534498126,404.2250933428746,49.564786536708326,11.0131878464988,3.7872340425531914,True,False
Agent_7,206,6.045274678287313,19.929894456156333,1102.2809256613714,407.2277909648378,49.56481483515543,11.013113868598714,3.882978723404255,True,False
Agent_7,207,6.045274678287313,19.929894456156333,1083.9309148814514,406.8150852194779,49.564815538114665,11.012860110823109,3.851063829787234,True,False
Agent_7,208,6.045274678287313,19.929894456156333,1092.727774845732,390.73385908066695,49.56466886573556,11.012975741619417,3.7127659574468086,True,False
Agent_7,209,6.045274678287313,19.929894456156333,1094.758970134305,389.4451922931479,49.56465679321858,11.013003337084317,3.691489361702128,True,False
Agent_7,210,6.045274678287313,19.929894456156333,1099.8012638373227,400.9128470113693,49.56475866536598,11.013077263663508,3.8404255319148937,True,False
Agent_7,211,5.1384834765442156,17.246532736712474,1110.15922781329,393.0298178360449,49.56468531234366,11.01321750016438,3.648936170212766,True,False
Agent_7,212,5.1384834765442156,17.246532736712474,1113.5272370884359,401.77087345354994,49.56476307716754,11.013267279659953,3.75531914893617,True,False
Agent_7,213,5.1384834765442156,17.246532736712474,1112.1174036133732,406.6233572643235,49.56480703607309,11.013249589505648,3.776595744680851,True,False
Agent_7,214,5.1384834765442156,17.246532736712474,1117.6830737622145,406.5056834354464,49.56480463964036,11.013326465961919,3.723404255319149,True,False
Agent_7,215,5.1384834765442156,17.246532736712474,1112.268729901929,393.1201948882482,49.56468561740112,11.013246687744534,3.638297872340426,True,False
Agent_7,216,5.1384834765442156,17.246532736712474,1111.4318446240309,384.92544073273604,49.564612154608916,11.013232091459809,3.595744680851064,True,False
Agent_7,217,5.1384834765442156,17.246532736712474,1114.5407584352754,385.0327862955154,49.56461237182295,11.013275097519038,3.6170212765957444,True,False
Agent_7,218,5.1384834765442156,17.246532736712474,1107.836716384122,390.6131240318491,49.564664146841594,11.013184508521855,3.638297872340426,True,False
Agent_7,219,5.1384834765442156,17.246532736712474,1100.1892586342412,397.61766104438385,49.56472895105301,11.013081407532999,3.797872340425532,True,False
Agent_7,220,5.1384834765442156,17.246532736712474,1106.3841701726506,402.43613195970573,49.56477077526552,11.013168805451432,3.8085106382978724,True,False
Agent_7,221,5.1384834765442156,17.246532736712474,1114.4944446321736,390.2903404336585,49.564659644031195,11.013276401584006,3.638297872340426,True,False
Agent_7,222,5.1384834765442156,17.246532736712474,1110.7566502910086,395.8690417212771,49.56471069093605,11.013226806646943,3.7021276595744683,True,False
Agent_7,223,5.1384834765442156,17.246532736712474,1109.4206260447065,400.3794000109111,49.564751556658365,11.01321001004044,3.765957446808511,True,False
Agent_7,224,5.1384834765442156,17.246532736712474,1114.361217239603,416.5078218829923,49.564895349571124,11.013284255101501,3.734042553191489,True,False
Agent_7,225,5.1384834765442156,17.246532736712474,1115.9384899130296,404.98800462664565,49.56479141657085,11.01330179384079,3.7127659574468086,True,False
Agent_7,226,4.3677109550625834,14.965675275185195,1118.0956584926523,401.9842466484826,49.564763896424765,11.013330496068367,3.691489361702128,True,False
Agent_7,227,4.3677109550625834,14.965675275185195,1117.5409879604456,402.00971888780776,49.564764258809696,11.013322839707683,3.691489361702128,True,False
Agent_7,228,4.3677109550625834,14.965675275185195,1106.296975981091,402.2797611652229,49.56476939059166,11.013167542570747,3.8085106382978724,True,False
Agent_7,229,4.3677109550625834,14.965675275185195,1103.3099593797751,407.13614563594234,49.56481376385923,11.013128056407739,3.882978723404255,True,False
Agent_7,230,4.3677109550625834,14.965675275185195,1101.5391795098342,411.6438494936736,49.564854710264036,11.013105250186527,3.9361702127659575,True,False
Agent_7,231,4.3677109550625834,14.965675275185195,1093.6284067191302,419.26953767313535,49.56492516136881,11.012998739219874,3.9893617021276597,True,False
Agent_7,232,4.3677109550625834,14.965675275185195,1092.4949684304381,418.07034830460384,49.56491465421773,11.012982631194625,3.9787234042553195,True,False
Agent_7,233,4.3677109550625834,14.965675275185195,1092.6139069947537,423.85367756113834,49.56496661297478,11.012986413256456,4.0,True,False
Agent_7,234,4.3677109550625834,14.965675275185195,1092.4314427752636,424.69985949360677,49.56497426333172,11.012984204372945,4.0,True,False
Agent_7,235,4.3677109550625834,14.965675275185195,1092.7964533376578,431.747887029197,49.56503753150615,11.012991854881362,4.0,True,False
Agent_7,236,4.3677109550625834,14.965675275185195,1093.259752603551,429.69343834698594,49.56501895229169,11.012997498308975,4.0,True,False
Agent_7,237,4.3677109550625834,14.965675275185195,1093.3037837029945,429.12374394199907,49.56501382062025,11.01299789620508,4.0,True,False
Agent_7,238,4.3677109550625834,14.965675275185195,1088.9456741816857,423.0890130079754,49.564960621404836,11.012935433800926,3.9787234042553195,True,False
Agent_7,239,4.3677109550625834,14.965675275185195,1091.850091307994,423.4959876019902,49.564963581320725,11.012975724707903,4.0,True,False
Agent_7,240,4.3677109550625834,14.965675275185195,1091.2065553551442,425.7179181788503,49.56498370940175,11.012967652242049,4.01063829787234,True,False
Agent_7,241,3.7125543118031956,13.026946432887009,1094.009126790475,429.49061040276905,49.56501694882302,11.013007780038642,3.9893617021276597,True,False
Agent_7,242,3.7125543118031956,13.026946432887009,1094.1421232434589,431.50164767924497,49.56503499440511,11.013010361669352,3.9787234042553195,True,False
Agent_7,243,3.7125543118031956,13.026946432887009,1094.4826111370617,431.3268505230445,49.565033341240465,11.013015002753145,3.9787234042553195,True,False
Agent_7,244,3.7125543118031956,13.026946432887009,1106.0665128930123,433.38511102377134,49.565049057426265,11.01317585912418,3.872340425531915,True,False
Agent_7,245,3.7125543118031956,13.026946432887009,1106.6853895953384,437.04949109598317,49.56508184833241,11.013185767285927,3.872340425531915,True,False
Agent_7,246,3.7125543118031956,13.026946432887009,1105.6821162030376,439.2204954927743,49.56510160516134,11.013172704300484,3.851063829787234,True,False
Agent_7,247,3.7125543118031956,13.026946432887009,1103.0677953244824,431.6581739741669,49.56503425488804,11.013133776788576,3.9148936170212765,True,False
Agent_7,248,3.7125543118031956,13.026946432887009,1103.1522452998042,430.4657211307223,49.5650235154115,11.013134503008619,3.9148936170212765,True,False
Agent_7,249,3.7125543118031956,13.026946432887009,1109.6403974690884,429.2508092830757,49.56501103392159,11.013223723238003,3.8404255319148937,True,False
Agent_7,250,3.7125543118031956,13.026946432887009,1104.9241148212443,423.3653286545174,49.56495926260979,11.013156365659425,3.882978723404255,True,False
Agent_7,251,3.7125543118031956,13.026946432887009,1112.2949412977482,421.85569606890243,49.56494391951316,11.013257675760263,3.765957446808511,True,False
Agent_7,252,3.7125543118031956,13.026946432887009,1104.2129859128431,422.9035704285935,49.564955282812534,11.01314636677846,3.9042553191489358,True,False
Agent_7,253,3.7125543118031956,13.026946432887009,1105.5709407418856,422.4147797668321,49.5649505623967,11.013164953623455,3.8617021276595747,True,False
Agent_7,254,3.7125543118031956,13.026946432887009,1095.3872939171642,429.86703583614536,49.56502000114696,11.013026966169386,3.9680851063829783,True,False
Agent_7,255,3.7125543118031956,13.026946432887009,1088.9229726813337,433.9442397533941,49.56505820640015,11.012939133481535,4.053191489361702,True,False
Agent_7,256,3.1556711650327163,11.379026916933547,1089.2610072531097,433.7962913341691,49.565056795176275,11.01294375059049,4.031914893617021,True,False
Agent_7,257,3.1556711650327163,11.379026916933547,1088.2616665221371,435.30122773233006,49.56507056363143,11.012930495603927,4.053191489361702,True,False
Agent_7,258,3.1556711650327163,11.379026916933547,1087.8630365962272,434.88103041573083,49.56506688226489,11.012924830978847,4.053191489361702,True,False
Agent_7,259,3.1556711650327163,11.379026916933547,1087.536251470811,433.9701284619577,49.56505877259117,11.012919977862753,4.0638297872340425,True,False
Agent_7,260,3.1556711650327163,11.379026916933547,1087.536251470811,433.9701284619577,49.56505877259117,11.012919977862753,4.0638297872340425,False,False
Agent_7,261,3.1556711650327163,11.379026916933547,1080.942222324182,425.84459511254744,49.56498731640376,11.012825840996921,3.9893617021276597,True,False
Agent_7,262,3.1556711650327163,11.379026916933547,1079.7993978733994,431.86897237549994,49.56504174539729,11.012812273816747,4.0,True,False
Agent_7,263,3.1556711650327163,11.379026916933547,1076.3269530962793,430.63894870818365,49.565031523477934,11.012763828151385,4.01063829787234,True,False
Agent_7,264,3.1556711650327163,11.379026916933547,1082.6609689389618,432.56370872302693,49.56504730239931,11.012852079018106,4.01063829787234,True,False
Agent_7,265,3.1556711650327163,11.379026916933547,1084.1685758013716,426.19735427675,49.564989711590115,11.012870561194033,3.9893617021276597,True,False
Agent_7,266,3.1556711650327163,11.379026916933547,1093.2511893364733,423.4735073511817,49.56496304230277,11.012995080243277,4.0,True,False
Agent_7,267,3.1556711650327163,11.379026916933547,1092.2319978234298,425.5738965067272,49.564982168166374,11.012981771105698,4.01063829787234,True,False
Agent_7,268,3.1556711650327163,11.379026916933547,1094.7301338683194,428.8910352954312,49.56501138574575,11.013017523027575,3.9787234042553195,True,False
Agent_7,269,3.1556711650327163,11.379026916933547,1090.258305412802,433.74167377808385,49.56505606438092,11.012957513562553,4.01063829787234,True,False
Agent_7,270,3.1556711650327163,11.379026916933547,1087.9128672912263,435.4185749075247,49.565071702363475,11.012925718406253,4.042553191489362,True,False
Agent_7,271,2.682320490277809,9.978295328373108,1093.0951605929338,433.81687477161273,49.565056058164714,11.012996748140907,3.9787234042553195,True,False
Agent_7,272,2.682320490277809,9.978295328373108,1088.8185350951217,436.08609878156244,49.56507748506104,11.012938481997546,4.031914893617021,True,False
Agent_7,273,2.682320490277809,9.978295328373108,1088.3634387454088,437.6752553714217,49.565091879708056,11.0129327798806,4.0,True,False
Agent_7,274,2.682320490277809,9.978295328373108,1088.436793086281,438.76138025169394,49.56510162543489,11.012934195241368,3.9893617021276597,True,False
Agent_7,275,2.682320490277809,9.978295328373108,1085.8810208158063,445.38924878981373,49.56516181910495,11.012901323581309,4.0212765957446805,True,False
Agent_7,276,2.682320490277809,9.978295328373108,1084.0503072594936,445.22762291664014,49.56516080645565,11.012875962382061,4.042553191489362,True,False
Agent_7,277,2.682320490277809,9.978295328373108,1076.5672470794266,446.3425501217651,49.56517262813597,11.012772954653393,4.117021276595745,True,False
Agent_7,278,2.682320490277809,9.978295328373108,1078.757695405116,437.2895379552318,49.565090722303864,11.012799880937942,4.031914893617021,True,False
Agent_7,279,2.682320490277809,9.978295328373108,1081.3655994827673,436.9161227869148,49.56508673850597,11.012835785467285,4.0212765957446805,True,False
Agent_7,280,2.682320490277809,9.978295328373108,1081.124315287474,435.5653250055607,49.56507465396756,11.012831951399068,4.031914893617021,True,False
Agent_7,281,2.682320490277809,9.978295328373108,1080.9319363295176,435.27801691204934,49.56507211756482,11.012829186404323,4.0212765957446805,True,False
Agent_7,282,2.682320490277809,9.978295328373108,1083.4743139222248,441.2343122963799,49.56512504839445,11.012866525470855,4.053191489361702,True,False
Agent_7,283,2.682320490277809,9.978295328373108,1079.4007816075643,440.1022544247028,49.565115851669724,11.012809808585123,4.042553191489362,True,False
Agent_7,284,2.682320490277809,9.978295328373108,1079.510266730198,430.5850872077306,49.5650302738525,11.01280780322698,4.0,True,False
Agent_7,285,2.682320490277809,9.978295328373108,1077.0071254772547,430.6727713750155,49.565031663964,11.01277324097839,4.01063829787234,True,False
Agent_7,286,2.2799724167361375,8.787673478096734,1074.6371514355376,427.8366390347192,49.56500673934247,11.012739438268603,3.9893617021276597,True,False
Agent_7,287,2.2799724167361375,8.787673478096734,1075.5345224425823,426.8234858295168,49.564997416153524,11.012751465827924,3.9787234042553195,True,False
Agent_7,288,2.2799724167361375,8.787673478096734,1070.2585063876927,431.5295314015875,49.56504098824662,11.012680288401615,3.9787234042553195,True,False
Agent_7,289,2.2799724167361375,8.787673478096734,1070.0098376918363,430.77565558611633,49.56503427131505,11.012676572985413,3.9680851063829783,True,False
Agent_7,290,2.2799724167361375,8.787673478096734,1070.0098376918363,430.77565558611633,49.56503427131505,11.012676572985413,3.9680851063829783,False,False
Agent_7,291,2.2799724167361375,8.787673478096734,1078.6137818669777,430.7889966146819,49.565032322399176,11.012795488742391,4.0,True,False
Agent_7,292,2.2799724167361375,8.787673478096734,1073.132210168095,431.30210629430866,49.5650382529049,11.012719920361095,4.0,True,False
Agent_7,293,2.2799724167361375,8.787673478096734,1079.914537195196,431.1934376910886,49.56503564521054,11.01281361535452,4.0,True,False
Agent_7,294,2.2799724167361375,8.787673478096734,1082.943753387115,424.1386970872407,49.56497150048869,11.012852872449825,3.9787234042553195,True,False
Agent_7,295,2.2799724167361375,8.787673478096734,1090.2097960083847,424.96444952415834,49.56497717603992,11.012953597966982,3.9893617021276597,True,False
Agent_7,296,2.2799724167361375,8.787673478096734,1090.2332175400384,424.75291772317473,49.564975268911105,11.01295384345517,3.9893617021276597,True,False
Agent_7,297,2.2799724167361375,8.787673478096734,1089.758654968865,424.88395235240074,49.564976560926226,11.01294733321768,3.9893617021276597,True,False
Agent_7,298,2.2799724167361375,8.787673478096734,1094.033865935859,425.99487220974214,49.56498551907152,11.01300682944653,4.0,True,False
Agent_7,299,2.2799724167361375,8.787673478096734,1088.8958836174356,421.29091419299937,49.56494446995262,11.012934080875326,3.9468085106382977,True,False
Agent_7,300,2.2799724167361375,8.787673478096734,1093.5557285292577,427.9897413986911,49.56500356628429,11.013000958926959,4.0,True,False
Agent_7,301,1.9379765542257168,7.7756449053618155,1094.689290469214,428.3817542037423,49.56500681755123,11.013016770251307,3.9787234042553195,True,False
Agent_7,302,1.9379765542257168,7.7756449053618155,1092.8418935314724,421.69200188891443,49.5649471264669,11.012988764899761,3.9893617021276597,True,False
Agent_7,303,1.9379765542257168,7.7756449053618155,1093.438542868347,420.64467930861537,49.564937568416866,11.012996623647371,3.9893617021276597,True,False
Agent_7,304,1.9379765542257168,7.7756449053618155,1093.6909559421665,420.4992066315874,49.56493620003629,11.013000058329167,3.9893617021276597,True,False
Agent_7,305,1.9379765542257168,7.7756449053618155,1090.426270267622,425.9055146566118,49.56498558338189,11.012956937682418,4.0,True,False
Agent_7,306,1.9379765542257168,7.7756449053618155,1094.5112932133954,420.15394727127466,49.56493289916112,11.013011268122757,4.0,True,False
Agent_7,307,1.9379765542257168,7.7756449053618155,1098.5223881686597,420.06650702436326,49.56493114852358,11.013066671012162,3.9787234042553195,True,False
Agent_7,308,1.9379765542257168,7.7756449053618155,1105.2851766540853,419.0644793376729,49.564920514689796,11.013159765411118,3.882978723404255,True,False
Agent_7,309,1.9379765542257168,7.7756449053618155,1101.4405988626738,422.96131148459904,49.56495646861338,11.01310807241852,3.9787234042553195,True,False
Agent_7,310,1.9379765542257168,7.7756449053618155,1100.885596785552,422.6567393154763,49.56495386423695,11.013100289408913,3.9787234042553195,True,False
Agent_7,311,1.9379765542257168,7.7756449053618155,1103.078269716919,421.7650023472379,49.56494532092526,11.013130263465918,3.9361702127659575,True,False
Agent_7,312,1.9379765542257168,7.7756449053618155,1100.26973813774,422.2261210160296,49.564950141445,11.013091618727751,3.9787234042553195,True,False
Agent_7,313,1.9379765542257168,7.7756449053618155,1097.1621696915115,422.96371401288144,49.56495751914335,11.013048943373862,4.01063829787234,True,False
Agent_7,314,1.9379765542257168,7.7756449053618155,1097.296415041713,420.86514304336,49.56493862243749,11.013050022776948,4.01063829787234,True,False
Agent_7,315,1.9379765542257168,7.7756449053618155,1095.9750725013416,421.7792952065346,49.564947157679065,11.013032099196948,4.0212765957446805,True,False
Agent_7,316,1.6472800710918591,6.9154206185371345,1100.4509565746348,423.07684617173294,49.5649577451798,11.013094437809187,3.9787234042553195,True,False
Agent_7,317,1.6472800710918591,6.9154206185371345,1093.7180683927438,422.9274450623428,49.56495802137651,11.013001330837907,3.9893617021276597,True,False
Agent_7,318,1.6472800710918591,6.9154206185371345,1097.7333718378975,419.6152721445057,49.564927282045765,11.013055599594308,4.01063829787234,True,False
Agent_7,319,1.6472800710918591,6.9154206185371345,1099.3337415714823,417.8827813428825,49.56491132350768,11.013077076870292,3.9680851063829783,True,False
Agent_7,320,1.6472800710918591,6.9154206185371345,1097.9428950032336,414.784740171638,49.564883809161145,11.013056709244,3.9680851063829783,True,False
Agent_7,321,1.6472800710918591,6.9154206185371345,1094.6548016349252,410.53603693227956,49.56484640756954,11.013009695398505,3.9361702127659575,True,False
Agent_7,322,1.6472800710918591,6.9154206185371345,1092.3569369818517,406.00186120222133,49.56480620166551,11.012976261471074,3.8617021276595747,True,False
Agent_7,323,1.6472800710918591,6.9154206185371345,1091.3594038587485,410.69534616631745,49.564848632111705,11.012964210429208,3.9468085106382977,True,False
Agent_7,324,1.6472800710918591,6.9154206185371345,1091.794392079272,409.2689965213135,49.56483570579881,11.012969694801455,3.9148936170212765,True,False
Agent_7,325,1.6472800710918591,6.9154206185371345,1091.845655523655,409.4094642929993,49.56483695616043,11.012970455219714,3.9148936170212765,True,False
Agent_7,326,1.6472800710918591,6.9154206185371345,1093.3991176088625,406.7773679651181,49.56481292220677,11.012990951589403,3.882978723404255,True,False
Agent_7,327,1.6472800710918591,6.9154206185371345,1099.6454813106718,409.1171026232852,49.56483245231878,11.013078144172008,3.8936170212765955,True,False
Agent_7,328,1.6472800710918591,6.9154206185371345,1098.920592661885,408.44226371370326,49.564826560403866,11.013067876372316,3.8936170212765955,True,False
Agent_7,329,1.6472800710918591,6.9154206185371345,1095.3370330270561,414.0804180954758,49.56487810456582,11.01302043462695,3.957446808510638,True,False
Agent_7,330,1.6472800710918591,6.9154206185371345,1095.777379715472,415.7521650603814,49.56489302629446,11.013027138526743,3.957446808510638,True,False
Agent_7,331,1.4001880604280803,6.184229974736156,1095.3018354935507,413.7504312789771,49.564875146721064,11.013019826172872,3.957446808510638,True,False
Agent_7,332,1.4001880604280803,6.184229974736156,1090.3472493495558,412.3528365206461,49.56486377498459,11.012950834813685,3.9468085106382977,True,False
Agent_7,333,1.4001880604280803,6.184229974736156,1095.9277214723572,412.8434610135072,49.56486684328952,11.013028140860365,3.957446808510638,True,False
Agent_7,334,1.4001880604280803,6.184229974736156,1092.2547638602216,413.8211033111942,49.56487651477455,11.012977740386207,3.9468085106382977,True,False
Agent_7,335,1.4001880604280803,6.184229974736156,1094.7060071267435,413.73718292396205,49.564875170917325,11.013011586655546,3.957446808510638,True,False
Agent_7,336,1.4001880604280803,6.184229974736156,1091.6427976188652,410.28504601871117,49.564844875701354,11.012967975358988,3.9361702127659575,True,False
Agent_7,337,1.4001880604280803,6.184229974736156,1089.7321324312775,412.3607934570895,49.56486399443246,11.012942336561654,3.9468085106382977,True,False
Agent_7,338,1.4001880604280803,6.184229974736156,1090.7660734303488,414.7891704021017,49.564885574899215,11.012957523924914,3.957446808510638,True,False
Agent_7,339,1.4001880604280803,6.184229974736156,1090.80784028844,416.1677955221713,49.56489795755815,11.012958610874602,3.957446808510638,True,False
Agent_7,340,1.4001880604280803,6.184229974736156,1088.3388970702601,413.51824339023165,49.56487473399208,11.012923509349568,3.9361702127659575,True,False
Agent_7,341,1.4001880604280803,6.184229974736156,1086.1385312421482,417.2803512739197,49.56490908136866,11.012894490193325,3.9148936170212765,True,False
Agent_7,342,1.4001880604280803,6.184229974736156,1080.9043472259557,420.370550086666,49.56493811835716,11.012823293781345,3.9361702127659575,True,False
Agent_7,343,1.4001880604280803,6.184229974736156,1084.0615179073613,417.99728270349834,49.564916025449435,11.01286604995796,3.925531914893617,True,False
Agent_7,344,1.4001880604280803,6.184229974736156,1080.135808006833,418.51786861912814,49.56492164908168,11.012811987270485,3.9148936170212765,True,False
Agent_7,345,1.4001880604280803,6.184229974736156,1082.4730622671075,415.8015398760715,49.564896669500975,11.012843284982353,3.9042553191489358,True,False
Agent_7,346,1.1901598513638683,5.562717927505324,1083.3050115225903,412.48219624977565,49.56486663128186,11.012853555724181,3.9042553191489358,True,False
Agent_7,347,1.1901598513638683,5.562717927505324,1084.7493569273981,410.00357043313403,49.56484400316066,11.01287260086205,3.872340425531915,True,False
Agent_7,348,1.1901598513638683,5.562717927505324,1080.6760338664913,407.9398714378156,49.56482643169782,11.012815542768415,3.8191489361702127,True,False
Agent_7,349,1.1901598513638683,5.562717927505324,1079.0208931273821,406.80921317381416,49.56481666600637,11.012792249993065,3.829787234042553,True,False
Agent_7,350,1.1901598513638683,5.562717927505324,1079.833345609038,411.37355503803707,49.564857500318425,11.01280516586411,3.872340425531915,True,False
Agent_7,351,1.1901598513638683,5.562717927505324,1083.3658389671957,410.70839371703835,49.564850671631774,11.01285374060213,3.8617021276595747,True,False
Agent_7,352,1.1901598513638683,5.562717927505324,1080.9364105079383,414.626710053139,49.56488647825768,11.012821613409717,3.8936170212765955,True,False
Agent_7,353,1.1901598513638683,5.562717927505324,1080.440660495856,415.9076339556739,49.56489811191727,11.01281523547298,3.9042553191489358,True,False
Agent_7,354,1.1901598513638683,5.562717927505324,1084.380511578191,416.74844911074774,49.56490472275694,11.012869996894146,3.8936170212765955,True,False
Agent_7,355,1.1901598513638683,5.562717927505324,1079.6624931505862,418.4462872163284,49.56492111943755,11.012805419373443,3.9148936170212765,True,False
Agent_7,356,1.1901598513638683,5.562717927505324,1078.5676682837752,418.59366735554704,49.56492270752472,11.012790342865404,3.925531914893617,True,False
Agent_7,357,1.1901598513638683,5.562717927505324,1080.0725762872826,414.60869681903347,49.56488652405249,11.012809668164316,3.9042553191489358,True,False
Agent_7,358,1.1901598513638683,5.562717927505324,1080.1245843274426,414.7346911901443,49.56488764413219,11.012810433519212,3.9042553191489358,True,False
Agent_7,359,1.1901598513638683,5.562717927505324,1084.0202882585977,411.3209874494398,49.56485602097145,11.012863011865587,3.882978723404255,True,False
Agent_7,360,1.1901598513638683,5.562717927505324,1084.0015690418031,411.6582907271241,49.564859057551324,11.012862877861062,3.8936170212765955,True,False
Agent_7,361,1.011635873659288,5.034432687359118,1081.2142653140552,410.3921095876091,49.564848345874516,11.0128238879572,3.851063829787234,True,False
Agent_7,362,1.011635873659288,5.034432687359118,1085.2508622773291,412.1255900267648,49.56486295777166,11.012880316422876,3.9148936170212765,True,False
Agent_7,363,1.011635873659288,5.034432687359118,1083.3947690318166,411.69757881317435,49.564859556634,11.012854506135998,3.882978723404255,True,False
Agent_7,364,1.011635873659288,5.034432687359118,1083.024256156746,409.9649037480721,49.5648440704085,11.012848744902591,3.8617021276595747,True,False
Agent_7,365,1.011635873659288,5.034432687359118,1084.4663402644433,410.0668195225653,49.56484463977431,11.012868712828933,3.872340425531915,True,False
Agent_7,366,1.011635873659288,5.034432687359118,1084.015012230481,408.4492491137886,49.56483020767893,11.012861877246621,3.8617021276595747,True,False
Agent_7,367,1.011635873659288,5.034432687359118,1081.247492556564,405.0493158783736,49.56480031057047,11.012822371943765,3.7872340425531914,True,False
Agent_7,368,1.011635873659288,5.034432687359118,1081.8416439137625,406.8993668732646,49.56481679813368,11.012831267339406,3.797872340425532,True,False
Agent_7,369,1.011635873659288,5.034432687359118,1082.3174899487765,410.0395659664427,49.564844911512736,11.012839004680231,3.851063829787234,True,False
Agent_7,370,1.011635873659288,5.034432687359118,1086.2369676004942,411.2076411942484,49.56485446903947,11.01289360546683,3.9042553191489358,True,False
Agent_7,371,1.011635873659288,5.034432687359118,1086.7555780087496,414.4741234377596,49.56488370731146,11.01290198056191,3.925531914893617,True,False
Agent_7,372,1.011635873659288,5.034432687359118,1086.526301855941,418.59601866776796,49.564920814886214,11.012900335785451,3.925531914893617,True,False
Agent_7,373,1.011635873659288,5.034432687359118,1086.5391343900033,418.57668103533683,49.56492063797099,11.01290050598767,3.925531914893617,True,False
Agent_7,374,1.011635873659288,5.034432687359118,1087.3251474394417,422.5845101231271,49.56495647603573,11.012912850820387,3.9787234042553195,True,False
Agent_7,375,1.011635873659288,5.034432687359118,1085.8022107728941,419.8185516274717,49.564931978572865,11.01289078049406,3.9468085106382977,True,False
Agent_8,1,50.0,150.0,489.1239380590563,908.6370851742151,49.56946926443891,11.004824377977396,0.20212765957446807,True,False
Agent_8,2,50.0,150.0,522.8865079776144,890.8946950991879,49.56930168649066,11.00528450221167,0.5425531914893618,True,True
Agent_8,3,50.0,150.0,603.0049298765736,978.8955226367065,49.57007354399221,11.006424315785178,0.02127659574468085,True,False
Agent_8,4,50.0,150.0,610.7000515966055,1108.5442936446227,49.57123713824366,11.006578469302825,0.32978723404255317,True,False
Agent_8,5,50.0,150.0,647.97702195033,1021.0434564391416,49.57044163795308,11.007061459276098,0.2978723404255319,True,False
Agent_8,6,50.0,150.0,645.5675749628646,1022.4323263450906,49.57045470054777,11.007028667803269,0.2978723404255319,True,False
Agent_8,7,50.0,150.0,700.797286153723,1004.5095960223238,49.57028034356702,11.007785446290503,0.2872340425531915,True,False
Agent_8,8,50.0,150.0,696.7093414160946,1004.2591430936471,49.57027907279864,11.007728850238781,0.2765957446808511,True,False
Agent_8,9,50.0,150.0,747.9931061254496,1126.9559798159544,49.57136971432171,11.008482967745826,1.6170212765957446,True,True
Agent_8,10,50.0,150.0,865.1374846040632,1062.6861206460458,49.5707638587754,11.010078440834402,0.7659574468085106,True,False
Agent_8,11,50.0,150.0,827.6073769382588,1064.4867991487947,49.57078905730589,11.009560358994662,0.35106382978723405,True,False
Agent_8,12,50.0,150.0,791.699940761728,1075.8526676087467,49.57089984731378,11.009068235786547,0.24468085106382978,True,False
Agent_8,13,50.0,150.0,752.1912670760602,1029.5839232084923,49.57049341093031,11.008505066817593,1.574468085106383,True,False
Agent_8,14,50.0,150.0,850.7959076181544,964.739535019523,49.56988684293694,11.009844044911855,1.1702127659574468,True,False
Agent_8,15,50.0,150.0,915.924885357585,1087.2338954546833,49.57097232409412,11.010789499313693,0.5319148936170213,True,False
Agent_8,16,42.5,127.8061224489796,894.3134611349323,1114.2486457079865,49.5712203560944,11.010500759960694,0.9574468085106382,True,False
Agent_8,17,42.5,127.8061224489796,795.152766955117,1152.8312864463894,49.57159099367008,11.009144374610981,0.09574468085106383,True,False
Agent_8,18,42.5,127.8061224489796,717.1249172333006,1176.5174925421973,49.57182263883169,11.008074581417903,2.3085106382978724,True,True
Agent_8,19,42.5,127.8061224489796,758.7301031984124,1103.9956138642533,49.571160742624926,11.0086229053409,1.5851063829787233,True,False
Agent_8,20,42.5,127.8061224489796,843.5369322746596,1171.3828433480405,49.57174614059719,11.009820008801531,0.05319148936170213,True,False
Agent_8,21,42.5,127.8061224489796,905.9215757050096,1167.560917948625,49.57169680111784,11.010680903482331,1.1382978723404256,True,False
Agent_8,22,42.5,127.8061224489796,865.6839545063424,1047.0396800931464,49.57062307883292,11.010080216410733,1.0212765957446808,True,False
Agent_8,23,42.5,127.8061224489796,814.1050232858063,1048.9298305544278,49.570652454500106,11.009367984631995,0.3617021276595745,True,False
Agent_8,24,42.5,127.8061224489796,872.9975219255466,979.7602231613131,49.57001653509527,11.01015646006369,0.851063829787234,True,False
Agent_8,25,42.5,127.8061224489796,904.9581889754052,1052.7309385201202,49.57066480539202,11.010625170944857,1.1063829787234043,True,False
Agent_8,26,42.5,127.8061224489796,914.6865472291144,1069.6404870345773,49.57081447131129,11.010765883729283,0.40425531914893614,True,False
Agent_8,27,42.5,127.8061224489796,996.4584996485861,1088.7096324752617,49.57096623691174,11.011903195475844,2.393617021276596,True,True
Agent_8,28,42.5,127.8061224489796,1007.5155454065168,1214.183025389148,49.57209148062553,11.012102409279503,0.7021276595744681,True,False
Agent_8,29,42.5,127.8061224489796,1002.6605659666631,1209.3330564937276,49.5720490505609,11.012033508537282,0.9468085106382979,True,False
Agent_8,30,42.5,127.8061224489796,1008.5874795917915,1305.2982538409342,49.57291027302918,11.012150908949929,3.7127659574468086,True,True
Agent_8,31,36.125,108.94132653061224,1057.6527205841064,1356.117955331314,49.57335530183053,11.012847918008756,22.393617021276597,True,True
Agent_8,32,36.125,108.94132653061224,1136.9000102956836,1380.198776736192,49.57355270431659,11.013952251208107,22.96808510638298,True,True
Agent_8,33,36.125,108.94132653061224,1052.1532764612925,1312.88023987224,49.57296795350143,11.012755910812354,7.840425531914893,True,False
Agent_8,34,36.125,108.94132653061224,1044.649205751338,1353.1395017834886,49.5733316551694,11.012667070973986,22.19148936170213,True,False
Agent_8,35,36.125,108.94132653061224,939.3399701767444,1334.0651833646916,49.57318550779216,11.011204348469859,22.52127659574468,True,False
Agent_8,36,36.125,108.94132653061224,935.0206193406267,1332.8973728009153,49.57317604805965,11.011144211368252,22.51063829787234,True,False
Agent_8,37,36.125,108.94132653061224,911.7342966827316,1329.267099322568,49.573149009951294,11.010820987634895,22.319148936170212,True,False
Agent_8,38,36.125,108.94132653061224,952.8583327692951,1347.3443951346392,49.57330162830437,11.011396117588557,24.812765957446807,True,True
Agent_8,39,36.125,108.94132653061224,970.1343522832757,1329.523046363396,49.57313727712591,11.011628334747051,21.95744680851064,True,False
Agent_8,40,36.125,108.94132653061224,970.1343522832757,1329.523046363396,49.57313727712591,11.011628334747051,21.95744680851064,False,False
Agent_8,41,36.125,108.94132653061224,970.1343522832757,1329.523046363396,49.57313727712591,11.011628334747051,21.95744680851064,False,False
Agent_8,42,36.125,108.94132653061224,925.4874593439672,1287.0973219845148,49.57276663411485,11.01099551443128,2.585106382978723,True,False
Agent_8,43,36.125,108.94132653061224,931.1453452354365,1311.8799971759677,49.572988050418154,11.01108287849473,16.602127659574467,True,False
Agent_8,44,36.125,108.94132653061224,930.1704623958967,1223.9410733253346,49.57219778638987,11.011036911606361,0.7765957446808511,True,False
Agent_8,45,36.125,108.94132653061224,934.5863134693261,1194.1391951207806,49.571928831072476,11.011086938792225,1.4148936170212767,True,False
Agent_8,46,30.70625,92.90625000000001,938.2091266753475,1240.6587240196138,49.572346132714536,11.01115420334977,1.3617021276595744,True,False
Agent_8,47,30.70625,92.90625000000001,989.2057812420211,1252.0612796709459,49.57243637611523,11.011863323065322,1.3404255319148937,True,False
Agent_8,48,30.70625,92.90625000000001,981.6422355290715,1297.7384568441016,49.572848794055304,11.011775657836083,3.851063829787234,True,False
Agent_8,49,30.70625,92.90625000000001,920.1405061859666,1347.144587934989,49.57330769412635,11.010943790138999,24.98936170212766,True,True
Agent_8,50,30.70625,92.90625000000001,920.1405061859666,1347.144587934989,49.57330769412635,11.010943790138999,24.98936170212766,False,True
Agent_8,51,30.70625,92.90625000000001,930.6739397342395,1426.2343441131216,49.57401611460483,11.011118615833732,0.0,True,False
Agent_8,52,30.70625,92.90625000000001,931.2031005416641,1425.5836225414018,49.5740101380043,11.011125690004201,0.0,True,False
Agent_8,53,30.70625,92.90625000000001,955.663558510924,1342.8741820060384,49.5732607706322,11.011433241806628,25.159574468085104,True,True
Agent_8,54,30.70625,92.90625000000001,971.417660947192,1311.0717187431228,49.57297110656402,11.011639254234955,6.553191489361702,True,False
Agent_8,55,30.70625,92.90625000000001,940.5721380004927,1364.9657568779096,49.573462982265625,11.011232798798922,24.71276595744681,True,False
Agent_8,56,30.70625,92.90625000000001,885.1391235650702,1311.6893962232925,49.572997389851864,11.010446874860472,19.0,True,False
Agent_8,57,30.70625,92.90625000000001,802.7285561898773,1337.7733736115968,49.57325165350858,11.009317361188597,22.93617021276596,True,False
Agent_8,58,30.70625,92.90625000000001,790.6706469152765,1321.6498992862596,49.57310961130277,11.009144734774038,22.893617021276597,True,False
Agent_8,59,30.70625,92.90625000000001,781.0875187789525,1347.9968449040746,49.57334874922261,11.009021993912537,22.627659574468083,True,False
Agent_8,60,30.70625,92.90625000000001,863.0084975549628,1321.6968104164,49.57309266381597,11.010144664153994,21.21276595744681,True,False
Agent_8,61,26.1003125,79.2764349489796,863.0084975549628,1321.6968104164,49.57309266381597,11.010144664153994,21.21276595744681,False,False
Agent_8,62,26.1003125,79.2764349489796,850.7609793362977,1386.9893943634283,49.57368253188958,11.00999948109212,3.723404255319149,True,False
Agent_8,63,26.1003125,79.2764349489796,877.2824442735407,1434.5926951510908,49.574104076440285,11.010383669509334,4.042553191489362,True,False
Agent_8,64,26.1003125,79.2764349489796,876.7357527130731,1415.0852054226184,49.57392885151075,11.010368907075211,3.5425531914893615,True,False
Agent_8,65,26.1003125,79.2764349489796,933.1961620290722,1466.4744269265643,49.57437723350777,11.011168350021878,10.191489361702127,True,False
Agent_8,66,26.1003125,79.2764349489796,932.3835354481697,1470.1238371691006,49.574410233950864,11.011158465485126,10.53191489361702,True,False
Agent_8,67,26.1003125,79.2764349489796,943.6979881621836,1464.0678534470107,49.57435307674759,11.011312629022157,9.925531914893616,True,False
Agent_8,68,26.1003125,79.2764349489796,982.1780883724373,1420.428772294766,49.573951549167084,11.01182841414455,3.7021276595744683,True,False
Agent_8,69,26.1003125,79.2764349489796,978.7032552427155,1400.6981161877372,49.5737750222424,11.01177308847844,2.2872340425531914,True,False
Agent_8,70,26.1003125,79.2764349489796,1005.1924451539873,1366.4615897094234,49.57346089666675,11.01212659108603,23.9468085106383,True,False
Agent_8,71,26.1003125,79.2764349489796,1003.0534139120218,1326.8049794178214,49.5731049310115,11.012082363431135,22.29787234042553,True,False
Agent_8,72,26.1003125,79.2764349489796,992.4144095829306,1374.6860144432462,49.5735378992258,11.011953001918998,24.0531914893617,True,False
Agent_8,73,26.1003125,79.2764349489796,1003.8460465093185,1382.0051269675241,49.57360094379775,11.012113726142733,15.27659574468085,True,False
Agent_8,74,26.1003125,79.2764349489796,992.8088779994679,1401.6581148909975,49.57378026111971,11.01196842504607,13.691489361702128,True,False
Agent_8,75,26.1003125,79.2764349489796,950.7010144409388,1454.3431945618895,49.574263977166744,11.011405838988743,7.670212765957447,True,False
Agent_8,76,22.185265625,67.69109215561224,988.6164667833144,1495.012122676093,49.57462044364841,11.011944982447622,8.0,True,False
Agent_8,77,22.185265625,67.69109215561224,992.2903450651534,1503.8871744568225,49.57469933977494,11.01199904815326,10.148936170212766,True,False
Agent_8,78,22.185265625,67.69109215561224,992.2903450651534,1503.8871744568225,49.57469933977494,11.01199904815326,10.148936170212766,False,False
Agent_8,79,22.185265625,67.69109215561224,1042.970864658185,1523.912395562537,49.574867164066404,11.01270702223375,14.52127659574468,True,False
Agent_8,80,22.185265625,67.69109215561224,1052.220896909479,1523.2434408148802,49.57485892617053,11.012834640596877,15.819148936170214,True,False
Agent_8,81,22.185265625,67.69109215561224,1052.220896909479,1523.2434408148802,49.57485892617053,11.012834640596877,15.819148936170214,False,False
Agent_8,82,22.185265625,67.69109215561224,1017.3946180875018,1570.233003613034,49.575289697686465,11.01237060158055,0.0,True,False
Agent_8,83,22.185265625,67.69109215561224,952.0833433963684,1581.038503319214,49.575402530393546,11.011471770850303,0.8085106382978723,True,False
Agent_8,84,22.185265625,67.69109215561224,1011.9431487310071,1575.9573516465553,49.57534246553768,11.012297360251367,0.0,True,False
Agent_8,85,22.185265625,67.69109215561224,1013.2008469650156,1570.7384271505844,49.57529524937849,11.012312816276618,0.0,True,False
Agent_8,86,22.185265625,67.69109215561224,1074.5477001421043,1588.520414496569,49.57544034123118,11.013167415742448,0.0,True,False
Agent_8,87,22.185265625,67.69109215561224,1063.5235164357082,1599.317945323132,49.57554005361395,11.013019017357944,0.0,True,False
Agent_8,88,22.185265625,67.69109215561224,1094.8981647363323,1613.9322666690646,49.57566387687384,11.01345813030999,0.0,True,False
Agent_8,89,22.185265625,67.69109215561224,1084.7162220072512,1598.9894639539511,49.57553200312857,11.013311852445355,0.0,True,False
Agent_8,90,22.185265625,67.69109215561224,1127.1102987616416,1562.8630330203064,49.57519705734465,11.013884517172663,16.24468085106383,True,False
Agent_8,91,18.85747578125,57.84355078125,1156.143976522084,1573.8627992711597,49.57528894896997,11.01428993118792,20.317021276595746,True,False
Agent_8,92,18.85747578125,57.84355078125,1160.123691760129,1627.2527091526965,49.575767921105864,11.014364705025235,0.0,True,False
Agent_8,93,18.85747578125,57.84355078125,1172.9476178703642,1575.1555080619903,49.57529652488408,11.014522692846596,20.25531914893617,True,False
Agent_8,94,18.85747578125,57.84355078125,1172.9476178703642,1575.1555080619903,49.57529652488408,11.014522692846596,20.25531914893617,False,False
Agent_8,95,18.85747578125,57.84355078125,1161.8353280572207,1550.0874309721748,49.57507385879184,11.014359805237127,20.52127659574468,True,False
Agent_8,96,18.85747578125,57.84355078125,1201.6754635142008,1525.7614616559124,49.57484559891783,11.01490152232337,19.351063829787236,True,False
Agent_8,97,18.85747578125,57.84355078125,1187.0556553270185,1536.0260520485194,49.5749413883445,11.014703228688985,19.117021276595743,True,False
Agent_8,98,18.85747578125,57.84355078125,1186.0987271986178,1543.185260129972,49.575005973893674,11.014692650962068,19.451063829787234,True,False
Agent_8,99,18.85747578125,57.84355078125,1143.619652168483,1534.1701005450675,49.57493515938114,11.014102113543416,16.627659574468083,True,False
Agent_8,100,18.85747578125,57.84355078125,1144.3998029203462,1552.5973455510148,49.5751006169646,11.014119717163322,14.393617021276594,True,False
Agent_8,101,18.85747578125,57.84355078125,1133.9483919177903,1530.2920261472505,49.57490262609144,11.013966989890482,20.02127659574468,True,False
Agent_8,102,18.85747578125,57.84355078125,1124.146640016956,1492.421461955493,49.57456456027198,11.013817484946312,21.53191489361702,True,False
Agent_8,103,18.85747578125,57.84355078125,1120.9777363997257,1483.2257408348498,49.574482660980614,11.013770278187765,21.03191489361702,True,False
Agent_8,104,18.85747578125,57.84355078125,1136.105521503499,1453.918086545379,49.57421556985568,11.013968547109762,20.77659574468085,True,False
Agent_8,105,18.85747578125,57.84355078125,1105.5879991416589,1472.3677629274503,49.57438875963247,11.013553526338258,20.138297872340424,True,False
Agent_8,106,16.028854414062497,49.473140613042084,1108.1668501717907,1462.2793985259877,49.57429745330559,11.013585441813502,19.80851063829787,True,False
Agent_8,107,16.028854414062497,49.473140613042084,1103.0885128745524,1440.8806692037065,49.57410631851095,11.013507326970046,18.914893617021278,True,False
Agent_8,108,16.028854414062497,49.473140613042084,1122.3868057701409,1477.8985146079394,49.57443443467669,11.013787784892303,21.0,True,False
Agent_8,109,16.028854414062497,49.473140613042084,1113.2884636630833,1469.576041894116,49.5743618117626,11.013658938028147,20.351063829787233,True,False
Agent_8,110,16.028854414062497,49.473140613042084,1102.9377461867425,1467.6220388805482,49.57434673717237,11.013515135842662,20.01063829787234,True,False
Agent_8,111,16.028854414062497,49.473140613042084,1138.8238735479135,1461.2581295584448,49.57428089651055,11.014008839227415,21.159574468085108,True,False
Agent_8,112,16.028854414062497,49.473140613042084,1184.5899349214574,1450.6313576293305,49.574174356098325,11.014637534402482,22.361702127659573,True,False
Agent_8,113,16.028854414062497,49.473140613042084,1185.6058647589948,1448.2744578414765,49.574152925021586,11.014650705244645,22.414893617021274,True,False
Agent_8,114,16.028854414062497,49.473140613042084,1183.0355137919162,1447.7984687639043,49.574149264996265,11.01461499894,22.351063829787236,True,False
Agent_8,115,16.028854414062497,49.473140613042084,1184.8535454182966,1463.428876693805,49.574289331481516,11.014645915395333,22.45744680851064,True,False
Agent_8,116,16.028854414062497,49.473140613042084,1188.4117091544415,1464.6571328483308,49.5742995159535,11.014695554903273,22.180851063829788,True,False
Agent_8,117,16.028854414062497,49.473140613042084,1151.6710808638557,1481.8700489574517,49.57446308857014,11.014194055429627,20.51063829787234,True,False
Agent_8,118,16.028854414062497,49.473140613042084,1164.0693419788888,1459.7102248709105,49.574260906631466,11.014357236964756,22.21276595744681,True,False
Agent_8,119,16.028854414062497,49.473140613042084,1136.006620352397,1459.0878960666125,49.574262065874635,11.013969092989687,21.01063829787234,True,False
Agent_8,120,16.028854414062497,49.473140613042084,1102.622293439332,1431.3435066093593,49.57402069961029,11.01349735417312,18.70212765957447,True,False
Agent_8,121,13.624526251953123,42.35829197006536,1080.892774955064,1401.8689555600583,49.57376097534968,11.013186084070803,20.20212765957447,True,False
Agent_8,122,13.624526251953123,42.35829197006536,1094.0672625360728,1381.60098845539,49.57357561426463,11.01336069708388,26.106382978723403,True,True
Agent_8,123,13.624526251953123,42.35829197006536,1094.0672625360728,1381.60098845539,49.57357561426463,11.01336069708388,26.106382978723403,False,True
Agent_8,124,13.624526251953123,42.35829197006536,1085.9097965275523,1366.4025066225602,49.57344095495846,11.013242315400527,24.297872340425535,True,False
Agent_8,125,13.624526251953123,42.35829197006536,1090.568514939705,1383.727022346179,49.57359556716259,11.013313120643891,25.925531914893618,True,False
Agent_8,126,13.624526251953123,42.35829197006536,1090.568514939705,1383.727022346179,49.57359556716259,11.013313120643891,25.925531914893618,False,False
Agent_8,127,13.624526251953123,42.35829197006536,1090.3357747887164,1371.6183964963964,49.573486776774224,11.013305424487717,24.872340425531913,True,False
Agent_8,128,13.624526251953123,42.35829197006536,1061.9319659746645,1389.108107407366,49.57365082650394,11.012919270103419,23.74468085106383,True,False
Agent_8,129,13.624526251953123,42.35829197006536,1083.396879833878,1364.4345730311422,49.57342386934598,11.01320685177196,24.180851063829785,True,False
Agent_8,130,13.624526251953123,42.35829197006536,1071.318719147572,1360.2161120923463,49.57338885406083,11.013038336750206,22.914893617021274,True,False
Agent_8,131,13.624526251953123,42.35829197006536,1097.8983837737685,1360.7152940739925,49.5733869478106,11.013405928277402,24.03191489361702,True,False
Agent_8,132,13.624526251953123,42.35829197006536,1097.8983837737685,1360.7152940739925,49.5733869478106,11.013405928277402,24.03191489361702,False,False
Agent_8,133,13.624526251953123,42.35829197006536,1097.9423580880923,1359.0297659362468,49.57337178575052,11.013405912620208,23.93617021276596,True,False
Agent_8,134,13.624526251953123,42.35829197006536,1097.9423580880923,1359.0297659362468,49.57337178575052,11.013405912620208,23.93617021276596,False,False
Agent_8,135,13.624526251953123,42.35829197006536,1065.6484621157658,1380.5429716509752,49.57357293926661,11.012967475241183,23.627659574468083,True,False
Agent_8,136,11.580847314160154,36.31067062353515,1047.8191340109206,1364.476682898686,49.5734328046511,11.012715080788823,22.914893617021274,True,False
Agent_8,137,11.580847314160154,36.31067062353515,1049.4264414252452,1367.1169877941695,49.57345615225572,11.012738274770753,23.127659574468083,True,False
Agent_8,138,11.580847314160154,36.31067062353515,1025.6441353807318,1379.505655132814,49.5735732347945,11.012414115315776,23.93617021276596,True,False
Agent_8,139,11.580847314160154,36.31067062353515,1013.2290754432571,1384.5390771228804,49.573621466062534,11.01224436387032,15.670212765957448,True,False
Agent_8,140,11.580847314160154,36.31067062353515,994.495652184598,1377.6847780667474,49.57356435530184,11.011982879266956,15.03191489361702,True,False
Agent_8,141,11.580847314160154,36.31067062353515,995.7320298042744,1349.8995696232168,49.57331429219592,11.011989698534325,25.563829787234045,True,False
Agent_8,142,11.580847314160154,36.31067062353515,979.9015922039866,1346.9364087673957,49.57329146115815,11.011769781574422,25.265957446808514,True,False
Agent_8,143,11.580847314160154,36.31067062353515,996.4878268016543,1343.8454537012794,49.57325968904491,11.011997907843309,25.244680851063826,True,False
Agent_8,144,11.580847314160154,36.31067062353515,996.5887268512769,1340.5057543663256,49.573229643672036,11.011998068020787,24.872340425531913,True,False
Agent_8,145,11.580847314160154,36.31067062353515,1029.7229518626,1325.892700139287,49.57309031835702,11.01245067338022,23.829787234042556,True,False
Agent_8,146,11.580847314160154,36.31067062353515,1012.5473184577944,1346.7994286522319,49.57328238200676,11.012220987533873,25.06382978723404,True,False
Agent_8,147,11.580847314160154,36.31067062353515,1013.7369504670435,1324.8585028811076,49.57308486536066,11.012229320052395,22.117021276595743,True,False
Agent_8,148,11.580847314160154,36.31067062353515,1013.7369504670435,1324.8585028811076,49.57308486536066,11.012229320052395,22.117021276595743,False,False
Agent_8,149,11.580847314160154,36.31067062353515,1009.756740797849,1332.4964659116554,49.57315448119576,11.01217712616187,24.138297872340424,True,False
Agent_8,150,11.580847314160154,36.31067062353515,997.8865303484762,1330.1364491726124,49.57313612026454,11.012012174209193,23.148936170212767,True,False
Agent_8,151,9.84372021703613,31.170192478984468,1013.878800992477,1336.7266718620845,49.573191516203856,11.012235668480594,24.77659574468085,True,False
Agent_8,152,9.84372021703613,31.170192478984468,1013.878800992477,1336.7266718620845,49.573191516203856,11.012235668480594,24.77659574468085,False,False
Agent_8,153,9.84372021703613,31.170192478984468,1011.81894699965,1339.506848102032,49.57321700290111,11.012208223331085,24.96808510638298,True,False
Agent_8,154,9.84372021703613,31.170192478984468,1021.4005019584513,1338.4733801738787,49.57320540922792,11.012340285306793,24.159574468085108,True,False
Agent_8,155,9.84372021703613,31.170192478984468,1035.2801540717396,1341.6649779959873,49.57323076172429,11.012533321227417,23.51063829787234,True,False
Agent_8,156,9.84372021703613,31.170192478984468,1053.7194509305546,1337.9255127897209,49.57319271291569,11.01278682137467,21.54255319148936,True,False
Agent_8,157,9.84372021703613,31.170192478984468,1048.2563473211155,1364.928583514762,49.57343676171843,11.01272129144283,22.9468085106383,True,False
Agent_8,158,9.84372021703613,31.170192478984468,1046.9598844982481,1365.3373622245967,49.57344074806975,11.01270352176213,23.01063829787234,True,False
Agent_8,159,9.84372021703613,31.170192478984468,1069.613977443507,1358.4551097209853,49.57337343414464,11.013014121046645,22.680851063829788,True,False
Agent_8,160,9.84372021703613,31.170192478984468,1073.071728113568,1359.1998905307348,49.573379297447914,11.01306219248948,22.98936170212766,True,False
Agent_8,161,9.84372021703613,31.170192478984468,1088.1362295674733,1370.4980889842525,49.57347723524816,11.013274606032907,24.574468085106382,True,False
Agent_8,162,9.84372021703613,31.170192478984468,1090.1074325464701,1366.0272666961357,49.57343657214111,11.01330019997989,24.45744680851064,True,False
Agent_8,163,9.84372021703613,31.170192478984468,1087.4226325187592,1338.1581175622434,49.57318669770641,11.01325277981336,22.585106382978722,True,False
Agent_8,164,9.84372021703613,31.170192478984468,1075.9267999191045,1317.4187925926933,49.57300303369243,11.01308620463859,21.627659574468087,True,False
Agent_8,165,9.84372021703613,31.170192478984468,1094.687607473027,1318.067854430872,49.57300435552522,11.013345770626888,12.351063829787234,True,False
Agent_8,166,8.36716218448071,26.800786056116387,1107.6083071753524,1330.271392455771,49.5731109468164,11.013528884705696,19.861702127659576,True,False
Agent_8,167,8.36716218448071,26.800786056116387,1117.6612183464158,1344.6548426333482,49.57323782335909,11.013673165192651,20.93617021276596,True,False
Agent_8,168,8.36716218448071,26.800786056116387,1101.4528371547667,1349.4685254634683,49.5732849937369,11.01345090049246,23.23404255319149,True,False
Agent_8,169,8.36716218448071,26.800786056116387,1107.9694137258111,1328.836598931623,49.57309796235514,11.013533345415661,19.638297872340427,True,False
Agent_8,170,8.36716218448071,26.800786056116387,1120.8217638097128,1342.548790817857,49.573218131311215,11.013716073628789,20.75531914893617,True,False
Agent_8,171,8.36716218448071,26.800786056116387,1119.063624425288,1322.7615359652582,49.57304068354473,11.013684450583895,16.340425531914892,True,False
Agent_8,172,8.36716218448071,26.800786056116387,1107.3874938697911,1337.7888596960215,49.5731785756496,11.01352861344584,20.638297872340424,True,False
Agent_8,173,8.36716218448071,26.800786056116387,1120.1871661056632,1341.6278467262403,49.57321000548201,11.013706960985896,20.70212765957447,True,False
Agent_8,174,8.36716218448071,26.800786056116387,1102.278435830598,1339.6630142108272,49.57319665181918,11.013458685280453,22.414893617021274,True,False
Agent_8,175,8.36716218448071,26.800786056116387,1102.3719811248834,1336.5188113033582,49.57316836557327,11.013458815217485,22.19148936170213,True,False
Agent_8,176,8.36716218448071,26.800786056116387,1102.2364310112898,1336.4968334000741,49.573168200619335,11.01345693340623,22.20212765957447,True,False
Agent_8,177,8.36716218448071,26.800786056116387,1107.6459102272834,1329.4667583999792,49.57310370478624,11.013529106820041,19.73404255319149,True,False
Agent_8,178,8.36716218448071,26.800786056116387,1106.5253693578838,1327.7870417496208,49.57308887511938,11.013512996452445,19.48936170212766,True,False
Agent_8,179,8.36716218448071,26.800786056116387,1110.3742253900668,1325.650290361097,49.57306874157453,11.013565407823084,19.21276595744681,True,False
Agent_8,180,8.36716218448071,26.800786056116387,1116.3098184409182,1323.091852194246,49.57304431535319,11.013646507602486,17.574468085106382,True,False
Agent_8,181,7.1120878568086034,23.086790596678522,1122.7165095514365,1343.1381229235224,49.57322297303457,11.013742482367885,20.76595744680851,True,False
Agent_8,182,7.1120878568086034,23.086790596678522,1120.2578584358555,1335.5245919692052,49.573155125350496,11.01370568012497,20.27659574468085,True,False
Agent_8,183,7.1120878568086034,23.086790596678522,1118.522367120296,1333.2434418746905,49.573135037282455,11.013680846851175,20.0531914893617,True,False
Agent_8,184,7.1120878568086034,23.086790596678522,1120.8353635072726,1327.9563533697312,49.57308695430889,11.013710862824295,19.30851063829787,True,False
Agent_8,185,7.1120878568086034,23.086790596678522,1121.6411543893032,1326.1436685277079,49.57307046592598,11.01372133044083,19.0531914893617,True,False
Agent_8,186,7.1120878568086034,23.086790596678522,1137.205997443406,1334.497337815871,49.57314181329139,11.013939570508828,19.9468085106383,True,False
Agent_8,187,7.1120878568086034,23.086790596678522,1130.2496273846793,1335.8002311708467,49.57315519904166,11.01384389619062,20.159574468085108,True,False
Agent_8,188,7.1120878568086034,23.086790596678522,1134.2357337008796,1332.698818691248,49.573126360832454,11.013897847741402,19.74468085106383,True,False
Agent_8,189,7.1120878568086034,23.086790596678522,1122.0507502937696,1326.8780760580546,49.573076969083196,11.013727263898886,19.138297872340427,True,False
Agent_8,190,7.1120878568086034,23.086790596678522,1112.0865547100382,1337.6153893328785,49.57317588579726,11.01359350342165,20.54255319148936,True,False
Agent_8,191,7.1120878568086034,23.086790596678522,1121.0181398301775,1333.4853397880602,49.573136611267834,11.013715434865881,20.0531914893617,True,False
Agent_8,192,7.1120878568086034,23.086790596678522,1118.79363389337,1345.6865955130934,49.57324682549615,11.01368920007373,21.01063829787234,True,False
Agent_8,193,7.1120878568086034,23.086790596678522,1118.6645512569746,1337.787499524876,49.57317585032806,11.013684493379802,20.5,True,False
Agent_8,194,7.1120878568086034,23.086790596678522,1111.88374268244,1347.6612279055946,49.573266238229365,11.01359441645569,21.30851063829787,True,False
Agent_8,195,7.1120878568086034,23.086790596678522,1109.3314651003775,1350.9875660283362,49.573296753243795,11.013560367347303,22.30851063829787,True,False
Agent_8,196,6.045274678287313,19.929894456156333,1096.877489418643,1340.4137134580671,49.57320469924435,11.013384306766214,22.648936170212767,True,False
Agent_8,197,6.045274678287313,19.929894456156333,1095.6818464944959,1342.0021065313026,49.57321926518538,11.013368367190244,22.75531914893617,True,False
Agent_8,198,6.045274678287313,19.929894456156333,1090.565265691352,1325.3100828289744,49.57307044871108,11.013291467383947,21.20212765957447,True,False
Agent_8,199,6.045274678287313,19.929894456156333,1102.3743872722382,1328.750287989198,49.57309853249734,11.01345597470994,19.851063829787233,True,False
Agent_8,200,6.045274678287313,19.929894456156333,1108.2021001019666,1342.6947612363708,49.57322247960419,11.013541688473136,20.96808510638298,True,False
Agent_8,201,6.045274678287313,19.929894456156333,1118.2390272027792,1342.0044348758247,49.573213859406664,11.013680171572103,20.72340425531915,True,False
Agent_8,202,6.045274678287313,19.929894456156333,1102.8013824822635,1353.5224957507846,49.57332111110488,11.013471040880454,23.574468085106385,True,False
Agent_8,203,6.045274678287313,19.929894456156333,1102.8199501870154,1347.506672120415,49.57326702944035,11.01346907211141,22.98936170212766,True,False
Agent_8,204,6.045274678287313,19.929894456156333,1094.7733501443756,1351.5223173575623,49.57330506242918,11.013359330820794,23.54255319148936,True,False
Agent_8,205,6.045274678287313,19.929894456156333,1095.7456447446912,1346.9586546867154,49.57326380504297,11.013371082537427,23.148936170212767,True,False
Agent_8,206,6.045274678287313,19.929894456156333,1095.5622889154752,1351.0608832533749,49.57330072473952,11.013370065499295,23.47340425531915,True,False
Agent_8,207,6.045274678287313,19.929894456156333,1089.2394565962138,1352.5059386942444,49.573315235546715,11.013283200574401,23.95744680851064,True,False
Agent_8,208,6.045274678287313,19.929894456156333,1087.0448739625563,1351.7424071555054,49.573308899935846,11.013252582797396,23.829787234042556,True,False
Agent_8,209,6.045274678287313,19.929894456156333,1097.136643832728,1359.5810199546165,49.573376934884685,11.013394979270396,23.9468085106383,True,False
Agent_8,210,6.045274678287313,19.929894456156333,1097.3532404913494,1360.9937505208013,49.573389582040654,11.013398495846836,24.351063829787233,True,False
Agent_8,211,5.1384834765442156,17.246532736712474,1097.3532404913494,1360.9937505208013,49.573389582040654,11.013398495846836,24.351063829787233,False,False
Agent_8,212,5.1384834765442156,17.246532736712474,1097.3624040870561,1370.074110427273,49.57347120464065,11.013401981501605,25.031914893617017,True,False
Agent_8,213,5.1384834765442156,17.246532736712474,1096.7668642201477,1381.2100517530462,49.57357145065714,11.013397868814529,26.24468085106383,True,True
Agent_8,214,5.1384834765442156,17.246532736712474,1112.0481450308298,1380.1801453277264,49.57355851638002,11.013608719490488,25.053191489361705,True,False
Agent_8,215,5.1384834765442156,17.246532736712474,1107.1342782877355,1379.0246271741341,49.57354931143633,11.01354036811473,25.79787234042553,True,False
Agent_8,216,5.1384834765442156,17.246532736712474,1107.2893902635699,1379.5102688411819,49.57355363962964,11.013542691872955,25.765957446808514,True,False
Agent_8,217,5.1384834765442156,17.246532736712474,1116.3380384519883,1382.961433280936,49.57358248570903,11.013669047252451,24.45744680851064,True,False
Agent_8,218,5.1384834765442156,17.246532736712474,1121.203513343828,1396.6404623680676,49.573704278029766,11.013741363266114,23.861702127659573,True,False
Agent_8,219,5.1384834765442156,17.246532736712474,1119.2221145864585,1384.9824175730835,49.573599958756446,11.013709661286688,23.840425531914892,True,False
Agent_8,220,5.1384834765442156,17.246532736712474,1127.1556201075682,1385.9618592124866,49.57360685426448,11.013819687821343,23.29787234042553,True,False
Agent_8,221,5.1384834765442156,17.246532736712474,1116.0257982398289,1396.2413092788631,49.57370193573297,11.013669644336398,24.7,True,False
Agent_8,222,5.1384834765442156,17.246532736712474,1116.0257982398289,1396.2413092788631,49.57370193573297,11.013669644336398,24.7,False,False
Agent_8,223,5.1384834765442156,17.246532736712474,1116.0257982398289,1396.2413092788631,49.57370193573297,11.013669644336398,24.7,False,False
Agent_8,224,5.1384834765442156,17.246532736712474,1131.6746989889136,1390.5471770629808,49.57364698504193,11.01388385126381,23.414893617021278,True,False
Agent_8,225,5.1384834765442156,17.246532736712474,1122.7937429575743,1397.085446872036,49.57370789544881,11.013763509555567,23.75531914893617,True,False
Agent_8,226,4.3677109550625834,14.965675275185195,1117.901418174715,1394.6206922357153,49.573686916483844,11.013694971331683,24.372340425531917,True,False
Agent_8,227,4.3677109550625834,14.965675275185195,1114.2551160206126,1393.6957976473518,49.573679479741365,11.013644226546502,24.71276595744681,True,False
Agent_8,228,4.3677109550625834,14.965675275185195,1110.1168134633951,1398.072576430565,49.573719818924786,11.013588642271959,24.840425531914896,True,False
Agent_8,229,4.3677109550625834,14.965675275185195,1114.5480309375334,1388.8629209933788,49.573635965777164,11.013646487489149,24.574468085106382,True,False
Agent_8,230,4.3677109550625834,14.965675275185195,1122.3617128814212,1387.956758181907,49.57362594017939,11.013754160139113,23.48936170212766,True,False
Agent_8,231,4.3677109550625834,14.965675275185195,1121.8227119960006,1390.2015379486234,49.57364624854381,11.013747540106689,23.5531914893617,True,False
Agent_8,232,4.3677109550625834,14.965675275185195,1118.4737791027721,1387.9497397396083,49.57362681253164,11.013700414946923,24.0,True,False
Agent_8,233,4.3677109550625834,14.965675275185195,1118.735733712816,1383.562720476093,49.573587313898,11.013702412833332,23.97872340425532,True,False
Agent_8,234,4.3677109550625834,14.965675275185195,1121.8480970571181,1397.0313393254933,49.57370763659489,11.013750417927854,23.861702127659573,True,False
Agent_8,235,4.3677109550625834,14.965675275185195,1121.8480970571181,1397.0313393254933,49.57370763659489,11.013750417927854,23.861702127659573,False,False
Agent_8,236,4.3677109550625834,14.965675275185195,1117.412711997299,1405.818092122002,49.57378768925661,11.013692358736963,22.840425531914892,True,False
Agent_8,237,4.3677109550625834,14.965675275185195,1127.3544748425195,1398.9007524398742,49.57372311615874,11.013827223949772,23.680851063829785,True,False
Agent_8,238,4.3677109550625834,14.965675275185195,1119.9321483279525,1398.4236883228432,49.5737206136218,11.01372444902175,24.117021276595747,True,False
Agent_8,239,4.3677109550625834,14.965675275185195,1125.8011728952501,1400.0995448623678,49.57373426603553,11.013806196289476,23.70212765957447,True,False
Agent_8,240,4.3677109550625834,14.965675275185195,1125.4817402404624,1402.1450281777802,49.57375273006495,11.013802537608314,23.840425531914892,True,False
Agent_8,241,3.7125543118031956,13.026946432887009,1125.4817402404624,1402.1450281777802,49.57375273006495,11.013802537608314,23.840425531914892,False,False
Agent_8,242,3.7125543118031956,13.026946432887009,1121.5943283629792,1405.3368061023457,49.57378235679905,11.01374998300388,23.085106382978722,True,False
Agent_8,243,3.7125543118031956,13.026946432887009,1121.5943283629792,1405.3368061023457,49.57378235679905,11.01374998300388,23.085106382978722,False,False
Agent_8,244,3.7125543118031956,13.026946432887009,1119.7771974935374,1405.381657723597,49.57378319718467,11.013724881464512,22.98936170212766,True,False
Agent_8,245,3.7125543118031956,13.026946432887009,1125.9677419130433,1403.5878010146341,49.5737655824388,11.013809789409432,23.914893617021278,True,False
Agent_8,246,3.7125543118031956,13.026946432887009,1126.895147581944,1391.079216835334,49.573652917668355,11.013817980739429,23.4468085106383,True,False
Agent_8,247,3.7125543118031956,13.026946432887009,1127.1737853581665,1390.7952275099117,49.57365029780001,11.013821727253298,23.404255319148938,True,False
Agent_8,248,3.7125543118031956,13.026946432887009,1127.3829618165066,1381.147655604096,49.57356352393102,11.013821049103411,23.117021276595747,True,False
Agent_8,249,3.7125543118031956,13.026946432887009,1116.097262122849,1387.3552347348657,49.573622040213245,11.013667344594024,24.627659574468087,True,False
Agent_8,250,3.7125543118031956,13.026946432887009,1113.8437421521471,1388.6226197286403,49.57363397511678,11.013636663256737,24.96808510638298,True,False
Agent_8,251,3.7125543118031956,13.026946432887009,1123.1233235203194,1387.0830055520837,49.57361790263211,11.013764364543945,23.45744680851064,True,False
Agent_8,252,3.7125543118031956,13.026946432887009,1133.3970561156116,1389.8729858995778,49.57364051019584,11.013907409815056,23.393617021276597,True,False
Agent_8,253,3.7125543118031956,13.026946432887009,1134.0292106423242,1389.1168457179174,49.57363356102227,11.013915868254243,23.340425531914892,True,False
Agent_8,254,3.7125543118031956,13.026946432887009,1134.5678521125706,1388.061845286895,49.57362394784815,11.01392292348453,23.28723404255319,True,False
Agent_8,255,3.7125543118031956,13.026946432887009,1137.7099688337669,1383.0131650856918,49.57357780839408,11.013964488570222,23.074468085106385,True,False
Agent_8,256,3.1556711650327163,11.379026916933547,1146.5746578914411,1383.9436920553785,49.57358403987515,11.0140873686442,23.19148936170213,True,False
Agent_8,257,3.1556711650327163,11.379026916933547,1141.0010724923397,1382.5672217297208,49.57357300779408,11.01400981616507,23.085106382978722,True,False
Agent_8,258,3.1556711650327163,11.379026916933547,1139.3740219751328,1381.606719521674,49.57356476521273,11.013986970192764,23.0531914893617,True,False
Agent_8,259,3.1556711650327163,11.379026916933547,1138.9682123617806,1382.6713532067713,49.57357443302188,11.01398175466975,23.074468085106385,True,False
Agent_8,260,3.1556711650327163,11.379026916933547,1132.8722142788606,1381.8496353045998,49.573568513329825,11.013897186233658,23.02127659574468,True,False
Agent_8,261,3.1556711650327163,11.379026916933547,1131.7749079321131,1381.1289076856035,49.57356229863073,11.013881751600735,23.02127659574468,True,False
Agent_8,262,3.1556711650327163,11.379026916933547,1139.9549052584578,1381.9018746525535,49.57356727862879,11.013995108900119,23.04255319148936,True,False
Agent_8,263,3.1556711650327163,11.379026916933547,1143.4120742139428,1373.2248751069103,49.57348844780781,11.014039686191552,22.73404255319149,True,False
Agent_8,264,3.1556711650327163,11.379026916933547,1141.7385123303848,1378.9849905408587,49.57354062910494,11.014018684178998,22.93617021276596,True,False
Agent_8,265,3.1556711650327163,11.379026916933547,1141.5899797416305,1378.906281560639,49.57353995731989,11.014016601904068,22.93617021276596,True,False
Agent_8,266,3.1556711650327163,11.379026916933547,1143.9487722112444,1377.974463146784,49.5735310134449,11.014048862429917,22.914893617021274,True,False
Agent_8,267,3.1556711650327163,11.379026916933547,1146.2959415209743,1379.6439237454974,49.57354545566009,11.014081924866725,22.98936170212766,True,False
Agent_8,268,3.1556711650327163,11.379026916933547,1145.9363538609382,1387.9841154929613,49.57362051347386,11.01408004056642,23.28723404255319,True,False
Agent_8,269,3.1556711650327163,11.379026916933547,1145.608361181345,1386.4674995161972,49.5736069593061,11.014074945536517,23.21276595744681,True,False
Agent_8,270,3.1556711650327163,11.379026916933547,1150.0064849431785,1386.5117597056765,49.573606298775026,11.01413575678689,23.24468085106383,True,False
Agent_8,271,2.682320490277809,9.978295328373108,1147.6160499783653,1387.3310018563002,49.57361423832367,11.014103017178178,23.25531914893617,True,False
Agent_8,272,2.682320490277809,9.978295328373108,1142.0604996236627,1386.8841631964083,49.57361155851783,11.01402605794091,23.20212765957447,True,False
Agent_8,273,2.682320490277809,9.978295328373108,1137.9810615885565,1382.3225611776838,49.57357153521466,11.013967980319203,23.0531914893617,True,False
Agent_8,274,2.682320490277809,9.978295328373108,1135.9484805968664,1379.4255587326677,49.573545982702896,11.013938812206368,22.97872340425532,True,False
Agent_8,275,2.682320490277809,9.978295328373108,1130.871457376149,1371.0072672950644,49.57347153100456,11.013865518238207,23.170212765957444,True,False
Agent_8,276,2.682320490277809,9.978295328373108,1132.048043183173,1366.6829371922656,49.57343237581468,11.013880182006016,23.26595744680851,True,False
Agent_8,277,2.682320490277809,9.978295328373108,1127.913662580482,1366.9599879275731,49.573435861063416,11.013823135533762,23.617021276595747,True,False
Agent_8,278,2.682320490277809,9.978295328373108,1127.913662580482,1366.9599879275731,49.573435861063416,11.013823135533762,23.617021276595747,False,False
Agent_8,279,2.682320490277809,9.978295328373108,1128.6571565047425,1366.0182607114639,49.57342721683532,11.013833064313092,23.606382978723403,True,False
Agent_8,280,2.682320490277809,9.978295328373108,1133.041592941063,1366.9187580697148,49.57343425657784,11.013894002964241,23.21276595744681,True,False
Agent_8,281,2.682320490277809,9.978295328373108,1134.6188176756184,1366.6378874074605,49.573431352272635,11.013915700801002,23.127659574468083,True,False
Agent_8,282,2.682320490277809,9.978295328373108,1132.9110650211114,1370.701656173585,49.57346829304991,11.013893598399578,23.02127659574468,True,False
Agent_8,283,2.682320490277809,9.978295328373108,1131.7706973921008,1371.7401072090806,49.573477902244136,11.013878219475405,23.0531914893617,True,False
Agent_8,284,2.682320490277809,9.978295328373108,1131.7706973921008,1371.7401072090806,49.573477902244136,11.013878219475405,23.0531914893617,False,False
Agent_8,285,2.682320490277809,9.978295328373108,1132.001729469283,1366.618167679977,49.573431804735314,11.013879517852772,23.26595744680851,True,False
Agent_8,286,2.2799724167361375,8.787673478096734,1129.6334822358838,1359.255325992869,49.573366188834314,11.013844057648802,23.70212765957447,True,False
Agent_8,287,2.2799724167361375,8.787673478096734,1126.5361373052601,1356.6038790247094,49.57334309981771,11.013800262518952,23.70212765957447,True,False
Agent_8,288,2.2799724167361375,8.787673478096734,1130.4231378406112,1352.5592963638749,49.573305807168076,11.013852495405175,23.28723404255319,True,False
Agent_8,289,2.2799724167361375,8.787673478096734,1127.3112965119574,1351.924268562175,49.57330084755138,11.013809246002426,22.670212765957448,True,False
Agent_8,290,2.2799724167361375,8.787673478096734,1122.4787232845254,1355.1382041800937,49.57333090087219,11.013743635267213,22.861702127659576,True,False
Agent_8,291,2.2799724167361375,8.787673478096734,1120.5466961780453,1360.20021555926,49.57337686893912,11.01371880199208,23.54255319148936,True,False
Agent_8,292,2.2799724167361375,8.787673478096734,1121.0067940276738,1358.0846522395034,49.573357741106896,11.013724379146122,23.27659574468085,True,False
Agent_8,293,2.2799724167361375,8.787673478096734,1126.6442860427173,1353.566404780566,49.57331576946162,11.013800633605783,22.957446808510635,True,False
Agent_8,294,2.2799724167361375,8.787673478096734,1118.5659428082251,1353.503799473806,49.57331715036097,11.013688944863398,22.329787234042552,True,False
Agent_8,295,2.2799724167361375,8.787673478096734,1118.5800603433563,1352.9790913912018,49.5733124302804,11.013688945881777,22.23404255319149,True,False
Agent_8,296,2.2799724167361375,8.787673478096734,1114.5523810612633,1349.2740786280656,49.573280094362126,11.01363190124757,21.425531914893618,True,False
Agent_8,297,2.2799724167361375,8.787673478096734,1115.3132085121279,1350.2039603131832,49.57328827016897,11.013642762049793,21.465957446808513,True,False
Agent_8,298,2.2799724167361375,8.787673478096734,1114.5830526578327,1358.8243953256942,49.57336593629317,11.013635858445404,22.872340425531913,True,False
Agent_8,299,2.2799724167361375,8.787673478096734,1112.2712856820067,1357.4745574428841,49.57335435856886,11.01360340386604,23.085106382978722,True,False
Agent_8,300,2.2799724167361375,8.787673478096734,1112.2712856820067,1357.4745574428841,49.57335435856886,11.01360340386604,23.085106382978722,False,False
Agent_8,301,1.9379765542257168,7.7756449053618155,1108.8445579681502,1357.1764061918107,49.57335250285155,11.013555926443663,23.425531914893615,True,False
Agent_8,302,1.9379765542257168,7.7756449053618155,1108.4338518740954,1357.9782274267761,49.57335980935753,11.01355054594691,23.74468085106383,True,False
Agent_8,303,1.9379765542257168,7.7756449053618155,1113.7686078706529,1360.6880479701524,49.573382884908405,11.01362528997392,23.20212765957447,True,False
Agent_8,304,1.9379765542257168,7.7756449053618155,1113.5394023515812,1361.7189097643397,49.57339220663254,11.013622503075737,23.680851063829785,True,False
Agent_8,305,1.9379765542257168,7.7756449053618155,1114.9890498722107,1366.4862050644235,49.573434711835034,11.013644305061575,24.585106382978726,True,False
Agent_8,306,1.9379765542257168,7.7756449053618155,1112.460370743968,1364.7559873174398,49.573419767005106,11.013608711363348,24.297872340425535,True,False
Agent_8,307,1.9379765542257168,7.7756449053618155,1109.9681678605896,1366.289190355029,49.5734341487956,11.013574829194189,24.851063829787236,True,False
Agent_8,308,1.9379765542257168,7.7756449053618155,1115.22233085155,1367.5925805001616,49.57344460109357,11.01364793899179,24.70212765957447,True,False
Agent_8,309,1.9379765542257168,7.7756449053618155,1116.242743555787,1364.2446644225051,49.57341426064322,11.013660805408025,23.925531914893618,True,False
Agent_8,310,1.9379765542257168,7.7756449053618155,1114.8971560099687,1369.1993087369792,49.57345912246203,11.013644038572433,24.79787234042553,True,False
Agent_8,311,1.9379765542257168,7.7756449053618155,1111.3999542111555,1364.3369056446381,49.573416254934436,11.013593898331065,24.25531914893617,True,False
Agent_8,312,1.9379765542257168,7.7756449053618155,1115.522189670309,1366.8583206005615,49.5734379285717,11.01365181225097,24.617021276595743,True,False
Agent_8,313,1.9379765542257168,7.7756449053618155,1115.522189670309,1366.8583206005615,49.5734379285717,11.01365181225097,24.617021276595743,False,False
Agent_8,314,1.9379765542257168,7.7756449053618155,1110.9976723540292,1364.7690138183045,49.57342023600605,11.013588497504161,24.372340425531917,True,False
Agent_8,315,1.9379765542257168,7.7756449053618155,1111.010550529581,1364.8142173526828,49.573420639249505,11.013588692240566,24.382978723404257,True,False
Agent_8,316,1.6472800710918591,6.9154206185371345,1114.8701121395047,1361.3444137610509,49.57338852007439,11.013640758733862,23.30851063829787,True,False
Agent_8,317,1.6472800710918591,6.9154206185371345,1115.023574443738,1361.15629271336,49.57338679210296,11.013642810423116,23.27659574468085,True,False
Agent_8,318,1.6472800710918591,6.9154206185371345,1108.563988175651,1360.2306846313497,49.573380025745024,11.013553178086461,24.19148936170213,True,False
Agent_8,319,1.6472800710918591,6.9154206185371345,1109.6505922762271,1361.599579737896,49.57339206954458,11.01356870447362,24.138297872340424,True,False
Agent_8,320,1.6472800710918591,6.9154206185371345,1109.9003656843477,1362.2051723583338,49.57339745322183,11.013572381093525,24.180851063829785,True,False
Agent_8,321,1.6472800710918591,6.9154206185371345,1111.0461230249537,1362.1520962731809,49.573396700462766,11.01358819909668,23.9468085106383,True,False
Agent_8,322,1.6472800710918591,6.9154206185371345,1108.7252627255841,1363.0608898376622,49.57340542810966,11.013556454383671,24.361702127659573,True,False
Agent_8,323,1.6472800710918591,6.9154206185371345,1109.7535011294326,1364.4908490207974,49.573418034865014,11.013571196589515,24.617021276595743,True,False
Agent_8,324,1.6472800710918591,6.9154206185371345,1109.8681443673295,1358.5108317212098,49.57336425195929,11.013570568986552,23.53191489361702,True,False
Agent_8,325,1.6472800710918591,6.9154206185371345,1109.8681443673295,1358.5108317212098,49.57336425195929,11.013570568986552,23.53191489361702,False,False
Agent_8,326,1.6472800710918591,6.9154206185371345,1107.4837566370193,1356.1456542574283,49.57334356463848,11.0135367349812,23.5,True,False
Agent_8,327,1.6472800710918591,6.9154206185371345,1106.9126632947075,1354.180219897945,49.57332603442843,11.01352811375541,23.45744680851064,True,False
Agent_8,328,1.6472800710918591,6.9154206185371345,1105.8187410399323,1354.8705936260926,49.573332503478746,11.013513248042,23.5,True,False
Agent_8,329,1.6472800710918591,6.9154206185371345,1105.6049680035123,1354.8145570341449,49.57333205118527,11.013510272361884,23.5,True,False
Agent_8,330,1.6472800710918591,6.9154206185371345,1107.7235080571775,1358.3190023107775,49.573363043530726,11.013540853041116,23.764893617021276,True,False
Agent_8,331,1.4001880604280803,6.184229974736156,1104.1373966678436,1354.7324522652345,49.573331666190725,11.013489955987314,23.606382978723403,True,False
Agent_8,332,1.4001880604280803,6.184229974736156,1099.9659888692106,1357.5279342864947,49.57335779873407,11.013433329402856,23.782978723404256,True,False
Agent_8,333,1.4001880604280803,6.184229974736156,1102.051395132407,1357.0219944817957,49.573352749080556,11.013461968490876,23.76595744680851,True,False
Agent_8,334,1.4001880604280803,6.184229974736156,1103.0752824873946,1353.436553278978,49.573320272662194,11.01347479516243,23.53191489361702,True,False
Agent_8,335,1.4001880604280803,6.184229974736156,1101.8916096679654,1352.6901925801415,49.573313848262025,11.013458157349,23.5531914893617,True,False
Agent_8,336,1.4001880604280803,6.184229974736156,1104.3545750006142,1353.995808724203,49.573324992137564,11.013492685499104,23.5531914893617,True,False
Agent_8,337,1.4001880604280803,6.184229974736156,1106.650929037671,1351.670977219405,49.57330354141385,11.013523567578577,23.27659574468085,True,False
Agent_8,338,1.4001880604280803,6.184229974736156,1104.1367708041466,1349.5542185205509,49.57328511837328,11.013488031738634,23.106382978723406,True,False
Agent_8,339,1.4001880604280803,6.184229974736156,1107.6062707739293,1348.8303484178375,49.57327777671677,11.01353572223974,22.329787234042552,True,False
Agent_8,340,1.4001880604280803,6.184229974736156,1109.0010652110868,1348.0890580077005,49.57327077758202,11.013554727999566,21.925531914893618,True,False
Agent_8,341,1.4001880604280803,6.184229974736156,1108.324885889433,1346.3841252892769,49.57325561434512,11.013544750567384,21.808510638297875,True,False
Agent_8,342,1.4001880604280803,6.184229974736156,1108.288374897574,1346.359407382292,49.573255400935665,11.013544236738458,21.808510638297875,True,False
Agent_8,343,1.4001880604280803,6.184229974736156,1105.0103606583828,1344.5676408602085,49.57324008307073,11.013498262514364,22.670212765957448,True,False
Agent_8,344,1.4001880604280803,6.184229974736156,1105.6246553561612,1344.0026499089051,49.57323485649425,11.013506544784764,22.148936170212767,True,False
Agent_8,345,1.4001880604280803,6.184229974736156,1102.5153383128672,1344.2115986034873,49.573237482779035,11.013463642578515,22.71276595744681,True,False
Agent_8,346,1.1901598513638683,5.562717927505324,1103.574802578551,1345.6379242176997,49.573250049372774,11.013478814994048,22.73404255319149,True,False
Agent_8,347,1.1901598513638683,5.562717927505324,1103.126816675322,1349.8985579159207,49.5732884566604,11.013474198700566,23.20212765957447,True,False
Agent_8,348,1.1901598513638683,5.562717927505324,1106.3203546303591,1352.8721841483036,49.57331441878222,11.013519442477007,23.404255319148938,True,False
Agent_8,349,1.1901598513638683,5.562717927505324,1106.3203546303591,1352.8721841483036,49.57331441878222,11.013519442477007,23.404255319148938,False,False
Agent_8,350,1.1901598513638683,5.562717927505324,1109.729520371088,1356.1350071624422,49.57334292864547,11.01356777387737,23.01063829787234,True,False
Agent_8,351,1.1901598513638683,5.562717927505324,1110.0721654011081,1351.0048638311632,49.573296730538175,11.013570612319231,22.24468085106383,True,False
Agent_8,352,1.1901598513638683,5.562717927505324,1111.09487811334,1351.4046062876014,49.57330007783999,11.013584896985494,21.79787234042553,True,False
Agent_8,353,1.1901598513638683,5.562717927505324,1106.542487420135,1350.6492353310211,49.57329438290186,11.013521690626854,23.21276595744681,True,False
Agent_8,354,1.1901598513638683,5.562717927505324,1106.1381398039885,1347.2370683191743,49.573263807665406,11.013514839112407,22.627659574468083,True,False
Agent_8,355,1.1901598513638683,5.562717927505324,1104.8076309903392,1345.887796802635,49.57325199893404,11.013495948589478,22.76595744680851,True,False
Agent_8,356,1.1901598513638683,5.562717927505324,1104.8076309903392,1345.887796802635,49.57325199893404,11.013495948589478,22.76595744680851,False,False
Agent_8,357,1.1901598513638683,5.562717927505324,1100.4694310558639,1345.955334714706,49.57325364967877,11.013436007433333,22.98936170212766,True,False
Agent_8,358,1.1901598513638683,5.562717927505324,1101.826950354872,1349.7830743533352,49.573287731267584,11.013456188153793,23.28723404255319,True,False
Agent_8,359,1.1901598513638683,5.562717927505324,1097.001389436951,1350.927652317949,49.573299180917154,11.013389908657702,23.47872340425532,True,False
Agent_8,360,1.1901598513638683,5.562717927505324,1099.6511436380904,1351.555933774848,49.57330419120907,11.013426768173261,23.47872340425532,True,False
Agent_8,361,1.011635873659288,5.034432687359118,1100.933702462476,1348.5433575460236,49.57327680214137,11.013443382342503,23.148936170212767,True,False
Agent_8,362,1.011635873659288,5.034432687359118,1101.0401018981522,1348.6706853533506,49.57327792111523,11.013444900184707,23.170212765957444,True,False
Agent_8,363,1.011635873659288,5.034432687359118,1103.3235473190907,1345.6334847186545,49.57325006990992,11.013475340296695,22.79787234042553,True,False
Agent_8,364,1.011635873659288,5.034432687359118,1103.3774567637906,1345.5552061057938,49.57324935328201,11.01347605651943,22.75531914893617,True,False
Agent_8,365,1.011635873659288,5.034432687359118,1099.8452050394358,1347.14757337519,49.57326451706926,11.013427819905246,23.06382978723404,True,False
Agent_8,366,1.011635873659288,5.034432687359118,1098.428844519009,1348.1058629416852,49.57327347201146,11.01340859629667,23.138297872340424,True,False
Agent_8,367,1.011635873659288,5.034432687359118,1100.696991810168,1347.6396320087467,49.573268735352784,11.013439776024036,23.085106382978722,True,False
Agent_8,368,1.011635873659288,5.034432687359118,1099.6059565500536,1348.0032945998892,49.573272266838636,11.013424829365103,23.127659574468083,True,False
Agent_8,369,1.011635873659288,5.034432687359118,1097.686431639274,1349.6198649328492,49.57328726021328,11.013398894108168,23.351063829787233,True,False
Agent_8,370,1.011635873659288,5.034432687359118,1099.1842882680983,1351.2500288309514,49.57330155368925,11.01342020175002,23.45212765957447,True,False
Agent_8,371,1.011635873659288,5.034432687359118,1101.8024616767202,1351.0988720082667,49.57329956507377,11.013456336399297,23.361702127659576,True,False
Agent_8,372,1.011635873659288,5.034432687359118,1099.848456640103,1353.827855915124,49.57332456641333,11.013430336031137,23.659574468085108,True,False
Agent_8,373,1.011635873659288,5.034432687359118,1099.9252748765691,1353.4446938113006,49.57332110362826,11.01343125613691,23.627659574468083,True,False
Agent_8,374,1.011635873659288,5.034432687359118,1100.3879043466293,1353.5232486204065,49.573321698477365,11.013437680047332,23.617021276595747,True,False
Agent_8,375,1.011635873659288,5.034432687359118,1100.198528948395,1354.5809453923705,49.573331251839626,11.013435453608608,23.71276595744681,True,False
Agent_9,1,50.0,150.0,369.86146522320774,617.0034446904049,49.56687625862675,11.003068641952716,0.15957446808510636,True,False
Agent_9,2,50.0,150.0,474.77599122392786,560.9835779175281,49.566347568150775,11.004498049195597,0.3404255319148936,True,True
Agent_9,3,50.0,150.0,473.1683490841206,544.7781505581681,49.56620227898525,11.004469863464935,0.35106382978723405,True,True
Agent_9,4,50.0,150.0,420.5912861368481,541.5454175300988,49.56618580755139,11.0037420109838,0.2553191489361702,True,False
Agent_9,5,50.0,150.0,455.97397716081304,646.276680601424,49.56711878894493,11.004269588360348,0.2127659574468085,True,False
Agent_9,6,50.0,150.0,563.789177842589,659.2337373853981,49.56720943684935,11.005764492468147,0.0425531914893617,True,False
Agent_9,7,50.0,150.0,603.7977663218071,664.5038413345313,49.56724722242358,11.006319400251712,0.0,True,False
Agent_9,8,50.0,150.0,624.4290676991815,777.9192809440598,49.56826179159915,11.006646354071691,0.0425531914893617,True,False
Agent_9,9,50.0,150.0,642.9297763076606,796.3912564064443,49.56842340436055,11.006908870788621,0.3191489361702127,True,False
Agent_9,10,50.0,150.0,741.1897162386779,853.0534447406369,49.56890918421735,11.008287873977563,2.4680851063829787,True,True
Agent_9,11,50.0,150.0,759.9404102224652,893.8425153164219,49.56927134580996,11.008562089167741,0.5212765957446809,True,False
Agent_9,12,50.0,150.0,659.3511380151755,969.049111303106,49.56997152289806,11.007199500831204,0.5851063829787234,True,False
Agent_9,13,50.0,150.0,693.0567769821412,1009.9923858478525,49.57033148618273,11.00768047897249,0.3191489361702127,True,False
Agent_9,14,50.0,150.0,656.3770297727116,1015.6547266297704,49.57039118326068,11.007175577804796,0.3191489361702127,True,False
Agent_9,15,50.0,150.0,670.0752983468967,1028.4064234054686,49.570502525679856,11.007369618554097,0.11702127659574468,True,False
Agent_9,16,42.5,127.8061224489796,654.5497095415392,1108.554837332266,49.57122671895747,11.007184576375552,0.1702127659574468,True,False
Agent_9,17,42.5,127.8061224489796,689.4973541062592,1120.0942794060281,49.57132206739329,11.00767188917287,0.031914893617021274,True,False
Agent_9,18,42.5,127.8061224489796,721.6483684985548,1063.1107014828594,49.570802118124654,11.008095268612397,0.06382978723404255,True,False
Agent_9,19,42.5,127.8061224489796,828.0743742317374,1065.1479634691664,49.5707948885109,11.009567057991278,0.32978723404255317,True,False
Agent_9,20,42.5,127.8061224489796,837.0158676771408,1078.692127432132,49.57091449262455,11.009695649246469,0.5531914893617021,True,False
Agent_9,21,42.5,127.8061224489796,844.1412843278996,1092.3632209917664,49.57103567366301,11.00979918578617,0.41489361702127653,True,False
Agent_9,22,42.5,127.8061224489796,940.3008909445723,1151.871791548308,49.57154750887544,11.011150311190887,0.6382978723404255,True,False
Agent_9,23,42.5,127.8061224489796,1013.4382506244417,1103.981159926787,49.57109943354247,11.012143537887765,2.8297872340425534,True,True
Agent_9,24,42.5,127.8061224489796,1036.4489431093061,1140.6056690785547,49.571423125130416,11.012475137432252,2.723404255319149,True,False
Agent_9,25,42.5,127.8061224489796,1027.246014397357,1111.1146056394161,49.571160237703104,11.012337028989633,2.893617021276596,True,True
Agent_9,26,42.5,127.8061224489796,1050.2781412635668,1174.1949891947636,49.571721739816475,11.01267870883558,2.9680851063829787,True,True
Agent_9,27,42.5,127.8061224489796,1047.5100276799117,1204.0666871536994,49.57199092711497,11.012651492212006,1.0851063829787235,True,False
Agent_9,28,42.5,127.8061224489796,1072.2222853074643,1298.9835843289122,49.57283820761901,11.01302817991946,9.446808510638299,True,True
Agent_9,29,42.5,127.8061224489796,1046.5653787549763,1423.7896187704334,49.573966279800985,11.012719683880533,16.861702127659576,True,True
Agent_9,30,42.5,127.8061224489796,1009.9929322956511,1385.8050488690249,49.57363362413118,11.012200098916773,15.170212765957448,True,False
Agent_9,31,36.125,108.94132653061224,984.582511675169,1420.1187535551262,49.57394818438702,11.011861535957275,12.542553191489361,True,False
Agent_9,32,36.125,108.94132653061224,903.555952458813,1486.0018258204507,49.57455989043519,11.010765843120646,9.872340425531915,True,False
Agent_9,33,36.125,108.94132653061224,900.3564303993275,1484.7651407948767,49.5745495423398,11.010721158578376,9.872340425531915,True,False
Agent_9,34,36.125,108.94132653061224,900.3564303993275,1484.7651407948767,49.5745495423398,11.010721158578376,9.872340425531915,False,False
Agent_9,35,36.125,108.94132653061224,900.3564303993275,1484.7651407948767,49.5745495423398,11.010721158578376,9.872340425531915,False,False
Agent_9,36,36.125,108.94132653061224,919.4641523552916,1507.248099744195,49.57474705465546,11.010993595766468,7.319148936170213,True,False
Agent_9,37,36.125,108.94132653061224,928.3782946726537,1477.6531447085904,49.57447887861688,11.011105882539697,11.053191489361701,True,False
Agent_9,38,36.125,108.94132653061224,867.1805802477166,1399.9685792395148,49.57379526058126,11.010231242393019,2.797872340425532,True,False
Agent_9,39,36.125,108.94132653061224,920.3330808208327,1359.8628481967985,49.57342197450152,11.010951151045115,24.648936170212764,True,True
Agent_9,40,36.125,108.94132653061224,920.3330808208327,1359.8628481967985,49.57342197450152,11.010951151045115,24.648936170212764,False,True
Agent_9,41,36.125,108.94132653061224,920.3330808208327,1359.8628481967985,49.57342197450152,11.010951151045115,24.648936170212764,False,True
Agent_9,42,36.125,108.94132653061224,920.3330808208327,1359.8628481967985,49.57342197450152,11.010951151045115,24.648936170212764,False,True
Agent_9,43,36.125,108.94132653061224,897.9781858654089,1415.3241068553796,49.57392589620444,11.010662630151453,2.8404255319148937,True,False
Agent_9,44,36.125,108.94132653061224,819.6133421689818,1485.0741630556872,49.57457171298769,11.009605143760245,3.6808510638297873,True,False
Agent_9,45,36.125,108.94132653061224,802.7480391422597,1447.308548473961,49.57423628040093,11.009358068246387,0.19148936170212766,True,False
Agent_9,46,30.70625,92.90625000000001,810.7386694755543,1447.2609879169981,49.57423393441388,11.009468506192936,1.0212765957446808,True,False
Agent_9,47,30.70625,92.90625000000001,789.7907723174211,1356.867164307343,49.57342639697063,11.009145572294305,21.606382978723403,True,False
Agent_9,48,30.70625,92.90625000000001,822.8800603351611,1358.3764263506669,49.573432019898746,11.009603519424276,22.574468085106382,True,False
Agent_9,49,30.70625,92.90625000000001,799.3666068904497,1384.8481406231451,49.573675624275054,11.009288267657595,2.2340425531914896,True,False
Agent_9,50,30.70625,92.90625000000001,732.7200939736541,1394.7137269464106,49.57378030412896,11.00837065480966,0.031914893617021274,True,False
Agent_9,51,30.70625,92.90625000000001,684.2247711301633,1375.1538340160323,49.57361611162414,11.007693088203238,0.8297872340425531,True,False
Agent_9,52,30.70625,92.90625000000001,718.1437769976916,1296.0896907249285,49.572897251647085,11.008132778636055,21.45744680851064,True,False
Agent_9,53,30.70625,92.90625000000001,689.6393841733034,1275.9870595272225,49.572723383645844,11.00773135390519,5.085106382978723,True,False
Agent_9,54,30.70625,92.90625000000001,689.6393841733034,1275.9870595272225,49.572723383645844,11.00773135390519,5.085106382978723,False,False
Agent_9,55,30.70625,92.90625000000001,767.4293913876583,1254.6831230077776,49.57251321317295,11.008798759977731,0.1276595744680851,True,False
Agent_9,56,30.70625,92.90625000000001,767.3425610185445,1255.746983974561,49.57252279725753,11.00879795238152,0.0851063829787234,True,False
Agent_9,57,30.70625,92.90625000000001,756.8029683951075,1267.3410991030953,49.572629548430484,11.0086565459118,0.3829787234042553,True,False
Agent_9,58,30.70625,92.90625000000001,763.6560570328996,1282.6348831867706,49.572765382379174,11.008756918213694,0.5531914893617021,True,False
Agent_9,59,30.70625,92.90625000000001,809.552638219808,1261.8514672334047,49.5725675393182,11.009383660907016,0.6382978723404255,True,False
Agent_9,60,30.70625,92.90625000000001,802.8456376471358,1286.1458787623508,49.57278753641133,11.009299920717357,1.5851063829787233,True,False
Agent_9,61,26.1003125,79.2764349489796,797.0401403271751,1276.7879077765251,49.5727048095865,11.009216218539766,1.074468085106383,True,False
Agent_9,62,26.1003125,79.2764349489796,762.5163047969345,1264.6634967252892,49.572604107779796,11.00873453136461,0.46808510638297873,True,False
Agent_9,63,26.1003125,79.2764349489796,735.4702680619289,1244.2868517652637,49.572427428755056,11.008353164201512,1.1382978723404256,True,False
Agent_9,64,26.1003125,79.2764349489796,744.871122731739,1235.5805937617724,49.5723469107043,11.008479896078372,0.07446808510638298,True,False
Agent_9,65,26.1003125,79.2764349489796,728.8255997950668,1238.3190395328386,49.572375377346525,11.008259115542916,1.1702127659574468,True,False
Agent_9,66,26.1003125,79.2764349489796,713.7721719102393,1207.3177823685064,49.572100312915744,11.008039600869727,2.2872340425531914,True,False
Agent_9,67,26.1003125,79.2764349489796,695.778061912174,1241.12570005858,49.57240853561016,11.00780334744082,1.9148936170212765,True,False
Agent_9,68,26.1003125,79.2764349489796,646.2809707318173,1228.509698418638,49.572306999713724,11.007114515294715,1.2553191489361701,True,False
Agent_9,69,26.1003125,79.2764349489796,697.2044490617625,1269.4442469833818,49.57266275428072,11.007833510085124,2.425531914893617,True,False
Agent_9,70,26.1003125,79.2764349489796,662.8728210359623,1209.7462297895663,49.572134352169385,11.007336938063268,1.4680851063829787,True,False
Agent_9,71,26.1003125,79.2764349489796,666.0353252668638,1202.5882736812423,49.572069249426285,11.007378012125242,1.6595744680851061,True,False
Agent_9,72,26.1003125,79.2764349489796,665.1735594523772,1221.7379868517978,49.57224159661232,11.007373162632955,1.1808510638297873,True,False
Agent_9,73,26.1003125,79.2764349489796,678.0843319506658,1202.8504314729241,49.57206871608941,11.007544656601493,1.8936170212765957,True,False
Agent_9,74,26.1003125,79.2764349489796,672.0202169175278,1235.996356830825,49.572368125742486,11.00747305980414,1.0638297872340425,True,False
Agent_9,75,26.1003125,79.2764349489796,716.8894387188352,1255.4483132318103,49.57253221953976,11.008100446124834,1.5851063829787233,True,False
Agent_9,76,22.185265625,67.69109215561224,684.1940718916131,1253.6521575889983,49.57252391711992,11.007647846634267,2.8191489361702127,True,False
Agent_9,77,22.185265625,67.69109215561224,684.1940718916131,1253.6521575889983,49.57252391711992,11.007647846634267,2.8191489361702127,False,False
Agent_9,78,22.185265625,67.69109215561224,682.8689852106039,1248.706601328207,49.572479778409765,11.00762770626406,1.2234042553191489,True,False
Agent_9,79,22.185265625,67.69109215561224,635.2178770382603,1273.6110059245725,49.57271507713414,11.006978224511403,15.095744680851064,True,False
Agent_9,80,22.185265625,67.69109215561224,643.8684001726707,1241.9144740375525,49.57242807641656,11.007086110219857,1.8085106382978722,True,False
Agent_9,81,22.185265625,67.69109215561224,651.857853008435,1234.7714045977955,49.5723619500143,11.007193911410482,0.0851063829787234,True,False
Agent_9,82,22.185265625,67.69109215561224,662.6063363221474,1227.7264644703678,49.57229604391556,11.007339885467491,0.9468085106382979,True,False
Agent_9,83,22.185265625,67.69109215561224,667.6600789288333,1250.5037548216799,49.572499581322944,11.007418141696778,1.351063829787234,True,False
Agent_9,84,22.185265625,67.69109215561224,607.97149238957,1223.8348894318742,49.57227416259325,11.006583255076734,3.5000000000000004,True,False
Agent_9,85,22.185265625,67.69109215561224,658.5144644126939,1190.3431857552937,49.57196097967406,11.007269539098628,1.0957446808510638,True,False
Agent_9,86,22.185265625,67.69109215561224,604.1127001409903,1173.5973027277764,49.57182349200247,11.006511397134307,1.2553191489361701,True,False
Agent_9,87,22.185265625,67.69109215561224,547.1679018004351,1141.3130712365758,49.571546931321826,11.005712382744246,1.148936170212766,True,False
Agent_9,88,22.185265625,67.69109215561224,527.7490993197127,1093.4379898931538,49.571121225465255,11.005426329737544,1.0851063829787235,True,False
Agent_9,89,22.185265625,67.69109215561224,523.8532572857184,1105.6696768713305,49.57123211207133,11.00537698664049,2.595744680851064,True,False
Agent_9,90,22.185265625,67.69109215561224,524.6697951146601,1102.3622236596325,49.57120218504961,11.005387054558895,2.117021276595745,True,False
Agent_9,91,18.85747578125,57.84355078125,536.4465625600408,1155.0913386834418,49.571673356133424,11.005569264771895,0.6914893617021276,True,False
Agent_9,92,18.85747578125,57.84355078125,529.4020178258938,1150.9688653185262,49.57163798634475,11.005470373112562,2.553191489361702,True,False
Agent_9,93,18.85747578125,57.84355078125,509.1847752805693,1162.4315086620484,49.57174587030485,11.005195144397506,1.9893617021276597,True,False
Agent_9,94,18.85747578125,57.84355078125,524.2390699358388,1158.5329014987865,49.57170721809014,11.005401795421413,2.8617021276595747,True,False
Agent_9,95,18.85747578125,57.84355078125,530.8759409872835,1151.2128565229116,49.57163982646605,11.005490836205642,2.6914893617021276,True,False
Agent_9,96,18.85747578125,57.84355078125,492.4109335916369,1179.3325910400752,49.57190181603268,11.004969514085715,7.255319148936171,True,False
Agent_9,97,18.85747578125,57.84355078125,492.4109335916369,1179.3325910400752,49.57190181603268,11.004969514085715,7.255319148936171,False,False
Agent_9,98,18.85747578125,57.84355078125,511.4113928776167,1194.5659491335878,49.57203419999509,11.005237759985526,6.23404255319149,True,False
Agent_9,99,18.85747578125,57.84355078125,490.4491059646541,1162.4461572872656,49.571750490306314,11.004936176707576,7.170212765957447,True,False
Agent_9,100,18.85747578125,57.84355078125,481.01100529387634,1149.1728230340586,49.571633434296096,11.004800830103246,7.26595744680851,True,False
Agent_9,101,18.85747578125,57.84355078125,481.6998584018797,1150.01165492829,49.571640809731754,11.004810660684742,7.234042553191489,True,False
Agent_9,102,18.85747578125,57.84355078125,462.3166964704834,1185.5360193757526,49.57196478826388,11.004555820770044,9.73404255319149,True,False
Agent_9,103,18.85747578125,57.84355078125,469.74802566140636,1154.6591188322664,49.57168544946138,11.004647168850369,3.74468085106383,True,False
Agent_9,104,18.85747578125,57.84355078125,468.28256527764245,1125.747114904636,49.57142590435138,11.00461626484946,0.8297872340425531,True,False
Agent_9,105,18.85747578125,57.84355078125,459.01612875262236,1130.0664063984286,49.57146695066875,11.004489771281522,0.7978723404255319,True,False
Agent_9,106,16.028854414062497,49.473140613042084,464.2090287315534,1120.1501668434246,49.57137656782216,11.004557897721453,0.35106382978723405,True,False
Agent_9,107,16.028854414062497,49.473140613042084,493.0353861610251,1150.1926178972549,49.571639721147115,11.004967411917637,7.042553191489362,True,False
Agent_9,108,16.028854414062497,49.473140613042084,461.138065824428,1185.5074326886806,49.57196481357318,11.004539518587206,9.73404255319149,True,False
Agent_9,109,16.028854414062497,49.473140613042084,478.4744209863304,1220.9533937407268,49.57227929245564,11.004792206228345,14.819148936170212,True,False
Agent_9,110,16.028854414062497,49.473140613042084,478.4744209863304,1220.9533937407268,49.57227929245564,11.004792206228345,14.819148936170212,False,False
Agent_9,111,16.028854414062497,49.473140613042084,475.57675281629764,1201.3119351033904,49.572103425344864,11.004744918674614,12.882978723404257,True,False
Agent_9,112,16.028854414062497,49.473140613042084,481.0375017154514,1204.475107118606,49.57213055175825,11.00482156530716,13.382978723404253,True,False
Agent_9,113,16.028854414062497,49.473140613042084,515.7825170023355,1223.6199196751388,49.572294324869475,11.005308883931775,12.191489361702128,True,False
Agent_9,114,16.028854414062497,49.473140613042084,515.7825170023355,1223.6199196751388,49.572294324869475,11.005308883931775,12.191489361702128,False,False
Agent_9,115,16.028854414062497,49.473140613042084,514.2043769355786,1228.8987062929893,49.5723421550765,11.005289014686356,12.691489361702127,True,False
Agent_9,116,16.028854414062497,49.473140613042084,489.78413405330065,1210.602381396867,49.5721835359369,11.004944723230473,12.340425531914894,True,False
Agent_9,117,16.028854414062497,49.473140613042084,489.78413405330065,1210.602381396867,49.5721835359369,11.004944723230473,12.340425531914894,False,False
Agent_9,118,16.028854414062497,49.473140613042084,464.75383188022386,1224.6371458785618,49.572315692806825,11.004603908473657,15.212765957446809,True,False
Agent_9,119,16.028854414062497,49.473140613042084,475.4341415672777,1236.304547204287,49.572418015410435,11.004755835687817,16.159574468085104,True,False
Agent_9,120,16.028854414062497,49.473140613042084,455.354210877796,1197.1726471257732,49.57207105984295,11.004463866894644,12.574468085106382,True,False
Agent_9,121,13.624526251953123,42.35829197006536,431.80731303810853,1216.68671680469,49.572252114741744,11.004145573567623,11.138297872340425,True,False
Agent_9,122,13.624526251953123,42.35829197006536,390.3207891056256,1213.303366214705,49.5722316336915,11.00357087585974,10.287234042553193,True,False
Agent_9,123,13.624526251953123,42.35829197006536,391.1258474514596,1250.3128194913795,49.57256412691544,11.003595627143655,5.074468085106383,True,False
Agent_9,124,13.624526251953123,42.35829197006536,391.1258474514596,1250.3128194913795,49.57256412691544,11.003595627143655,5.074468085106383,False,False
Agent_9,125,13.624526251953123,42.35829197006536,388.3178527638772,1247.932292782722,49.572543400041106,11.003555936791178,3.74468085106383,True,False
Agent_9,126,13.624526251953123,42.35829197006536,382.77778283524503,1230.8031822564542,49.57239074894257,11.003473053133838,2.4361702127659575,True,False
Agent_9,127,13.624526251953123,42.35829197006536,383.55612188050503,1214.1680086312874,49.572241025460656,11.003477688745315,10.5,True,False
Agent_9,128,13.624526251953123,42.35829197006536,383.41624114127063,1213.620998074655,49.5722361417481,11.003475553884204,10.446808510638297,True,False
Agent_9,129,13.624526251953123,42.35829197006536,401.69751715279006,1176.848243488716,49.571901207246526,11.003714711986389,9.074468085106382,True,False
Agent_9,130,13.624526251953123,42.35829197006536,374.81318313196306,1188.2806489998682,49.572010411122555,11.003347310474263,9.819148936170214,True,False
Agent_9,131,13.624526251953123,42.35829197006536,376.7738857953366,1190.973602079045,49.57203414935315,11.00337540355059,10.063829787234042,True,False
Agent_9,132,13.624526251953123,42.35829197006536,407.7802253833763,1184.3212964385302,49.571966927897265,11.003801541416529,8.904255319148936,True,False
Agent_9,133,13.624526251953123,42.35829197006536,378.34242187957983,1194.9766432284218,49.57206975811221,11.003398558101951,10.138297872340425,True,False
Agent_9,134,13.624526251953123,42.35829197006536,359.47040678030396,1200.8134313520552,49.572126743229276,11.003139846400801,11.106382978723405,True,False
Agent_9,135,13.624526251953123,42.35829197006536,393.75012367841435,1199.8193343182234,49.5721096018878,11.003613314684763,9.563829787234042,True,False
Agent_9,136,11.580847314160154,36.31067062353515,393.6663020968266,1199.9151524063968,49.57211048328314,11.00361219132545,9.563829787234042,True,False
Agent_9,137,11.580847314160154,36.31067062353515,386.49788511669146,1201.4456069667544,49.57212595686021,11.003513668662093,9.680851063829788,True,False
Agent_9,138,11.580847314160154,36.31067062353515,386.49788511669146,1201.4456069667544,49.57212595686021,11.003513668662093,9.680851063829788,False,False
Agent_9,139,11.580847314160154,36.31067062353515,363.5641271589892,1213.4933179835377,49.57223974572061,11.003201098755055,2.9148936170212765,True,False
Agent_9,140,11.580847314160154,36.31067062353515,353.6719159902889,1214.0555274880921,49.57224716705891,11.003064569394871,1.4680851063829787,True,False
Agent_9,141,11.580847314160154,36.31067062353515,368.62573969160815,1214.8944744998757,49.572251129556925,11.003271579169187,3.432978723404255,True,False
Agent_9,142,11.580847314160154,36.31067062353515,367.5845236862729,1214.9660788258673,49.57225202243562,11.003257213189501,3.2127659574468086,True,False
Agent_9,143,11.580847314160154,36.31067062353515,371.6009935643178,1218.7148022215822,49.57228475918405,11.00331411104384,3.042553191489362,True,False
Agent_9,144,11.580847314160154,36.31067062353515,368.43681450074683,1234.0459120476094,49.57242333120545,11.003276016294036,3.7021276595744683,True,False
Agent_9,145,11.580847314160154,36.31067062353515,366.71311480638326,1223.6978028974702,49.57233072236839,11.00324838164518,3.265957446808511,True,False
Agent_9,146,11.580847314160154,36.31067062353515,393.40631901095804,1233.447211532796,49.57241197241982,11.003620941026922,3.3404255319148937,True,False
Agent_9,147,11.580847314160154,36.31067062353515,370.08463269429166,1224.3192923700847,49.57233550210583,11.003295213667844,2.606382978723404,True,False
Agent_9,148,11.580847314160154,36.31067062353515,367.6651274457769,1248.3578222672502,49.572552168772354,11.003270616944349,9.276595744680852,True,False
Agent_9,149,11.580847314160154,36.31067062353515,388.26137052307706,1239.8084997861904,49.57247038703783,11.003552165705916,3.6702127659574466,True,False
Agent_9,150,11.580847314160154,36.31067062353515,411.035885123828,1249.5003202148803,49.57255205664338,11.003870538563769,5.25531914893617,True,False
Agent_9,151,9.84372021703613,31.170192478984468,398.2023362423591,1228.9808003667247,49.57237067475293,11.003685590573449,4.0,True,False
Agent_9,152,9.84372021703613,31.170192478984468,400.94230368389896,1226.2821079305788,49.5723457596796,11.003722470722769,5.414893617021277,True,False
Agent_9,153,9.84372021703613,31.170192478984468,400.94230368389896,1226.2821079305788,49.5723457596796,11.003722470722769,5.414893617021277,False,False
Agent_9,154,9.84372021703613,31.170192478984468,400.86905003672194,1226.8974732065087,49.572351308867184,11.003721684695941,4.968085106382978,True,False
Agent_9,155,9.84372021703613,31.170192478984468,385.5058886394504,1212.671585176313,49.57222710706363,11.003504088809407,10.297872340425531,True,False
Agent_9,156,9.84372021703613,31.170192478984468,385.5058886394504,1212.671585176313,49.57222710706363,11.003504088809407,10.297872340425531,False,False
Agent_9,157,9.84372021703613,31.170192478984468,374.9475865261817,1234.1276252586117,49.57242250736206,11.003366042607421,3.6702127659574466,True,False
Agent_9,158,9.84372021703613,31.170192478984468,378.8422853645757,1213.997669199306,49.57224062258643,11.003412468499103,10.670212765957448,True,False
Agent_9,159,9.84372021703613,31.170192478984468,375.28111556024265,1209.9725418233788,49.572205292251276,11.003361762333638,10.319148936170212,True,False
Agent_9,160,9.84372021703613,31.170192478984468,373.259587792176,1204.4473929248516,49.57215610935508,11.003331786005285,10.212765957446807,True,False
Agent_9,161,9.84372021703613,31.170192478984468,364.4670274819286,1199.9861794358758,49.57211811101182,11.00320860816324,11.03191489361702,True,False
Agent_9,162,9.84372021703613,31.170192478984468,361.52993637108347,1198.561786602689,49.57210600978972,11.00316748577063,10.914893617021276,True,False
Agent_9,163,9.84372021703613,31.170192478984468,369.43084924520747,1196.9639733741803,49.572089755684054,11.003276108700419,10.5,True,False
Agent_9,164,9.84372021703613,31.170192478984468,342.63510988452146,1198.668353851427,49.57211148964163,11.002906349709274,11.212765957446809,True,False
Agent_9,165,9.84372021703613,31.170192478984468,348.44544584177385,1186.4177989122945,49.571999976256485,11.002982155512484,9.893617021276595,True,False
Agent_9,166,8.36716218448071,26.800786056116387,343.8227197838909,1186.3407342012838,49.57200038976255,11.002918229285145,10.053191489361703,True,False
Agent_9,167,8.36716218448071,26.800786056116387,337.8570811468149,1189.3690592419475,49.572029039618485,11.00283688323327,10.808510638297872,True,False
Agent_9,168,8.36716218448071,26.800786056116387,331.51090373324047,1180.4188169566285,49.571950102492664,11.00274586963052,9.712765957446809,True,False
Agent_9,169,8.36716218448071,26.800786056116387,337.1169051250836,1189.8170677803816,49.572033243985835,11.002826816953558,11.01063829787234,True,False
Agent_9,170,8.36716218448071,26.800786056116387,353.79638513367206,1189.023954910383,49.57202212299364,11.00305707820698,9.904255319148936,True,False
Agent_9,171,8.36716218448071,26.800786056116387,353.98744705910565,1189.130234059274,49.57202303263491,11.00305975828208,9.904255319148936,True,False
Agent_9,172,8.36716218448071,26.800786056116387,359.93555864198163,1190.6503837871562,49.57203527405147,11.003142535829513,10.26595744680851,True,False
Agent_9,173,8.36716218448071,26.800786056116387,367.3568211006623,1165.2119597234703,49.57180482632597,11.003235754504768,8.617021276595745,True,False
Agent_9,174,8.36716218448071,26.800786056116387,355.90139001615455,1186.090243189938,49.57199524744131,11.003085095135223,9.680851063829788,True,False
Agent_9,175,8.36716218448071,26.800786056116387,346.1290453979391,1197.0138885462122,49.572095781168706,11.002954036109038,10.73404255319149,True,False
Agent_9,176,8.36716218448071,26.800786056116387,346.1290453979391,1197.0138885462122,49.572095781168706,11.002954036109038,10.73404255319149,False,False
Agent_9,177,8.36716218448071,26.800786056116387,352.93119096147234,1192.6227968793326,49.57205468083034,11.003046443378627,10.212765957446807,True,False
Agent_9,178,8.36716218448071,26.800786056116387,352.63451447816533,1191.8139306854443,49.57204748075576,11.003042044887433,10.159574468085106,True,False
Agent_9,179,8.36716218448071,26.800786056116387,355.83497307926973,1188.6613422448615,49.572018375508065,11.003085123260936,9.829787234042552,True,False
Agent_9,180,8.36716218448071,26.800786056116387,341.4293722282773,1169.6845991044615,49.571851236836416,11.002879018211544,9.446808510638299,True,False
Agent_9,181,7.1120878568086034,23.086790596678522,322.073598677988,1164.425296840033,49.57180859132083,11.002609537823373,8.957446808510639,True,False
Agent_9,182,7.1120878568086034,23.086790596678522,323.2185251939374,1162.534149338922,49.571791317432684,11.002624667783495,9.053191489361701,True,False
Agent_9,183,7.1120878568086034,23.086790596678522,326.44092687230483,1158.8561484331844,49.571757484039594,11.002667856184317,8.861702127659575,True,False
Agent_9,184,7.1120878568086034,23.086790596678522,326.1430053466589,1143.3084858514983,49.57161779394218,11.002658017826628,8.148936170212766,True,False
Agent_9,185,7.1120878568086034,23.086790596678522,334.381932835851,1141.4684195097782,49.57159928177635,11.002771222912568,7.595744680851064,True,False
Agent_9,186,7.1120878568086034,23.086790596678522,337.4669719339318,1149.1301808184835,49.57166741682607,11.00281668482851,8.26595744680851,True,False
Agent_9,187,7.1120878568086034,23.086790596678522,337.4669719339318,1149.1301808184835,49.57166741682607,11.00281668482851,8.26595744680851,False,False
Agent_9,188,7.1120878568086034,23.086790596678522,337.4669719339318,1149.1301808184835,49.57166741682607,11.00281668482851,8.26595744680851,False,False
Agent_9,189,7.1120878568086034,23.086790596678522,343.53582389094544,1147.448262079244,49.57165084543377,11.00289995239068,7.9787234042553195,True,False
Agent_9,190,7.1120878568086034,23.086790596678522,344.1700131679487,1137.967063538062,49.57156546508933,11.002905229673152,0.19148936170212766,True,False
Agent_9,191,7.1120878568086034,23.086790596678522,331.99327695792243,1144.082486449712,49.57162335176873,11.0027391676699,8.01063829787234,True,False
Agent_9,192,7.1120878568086034,23.086790596678522,331.99327695792243,1144.082486449712,49.57162335176873,11.0027391676699,8.01063829787234,False,False
Agent_9,193,7.1120878568086034,23.086790596678522,340.7011665059974,1148.1703339556345,49.57165801462752,11.002861036163674,8.106382978723405,True,False
Agent_9,194,7.1120878568086034,23.086790596678522,348.5241919337671,1152.2885981129607,49.57169316253488,11.002970685016884,8.563829787234042,True,False
Agent_9,195,7.1120878568086034,23.086790596678522,348.5241919337671,1152.2885981129607,49.57169316253488,11.002970685016884,8.563829787234042,False,False
Agent_9,196,6.045274678287313,19.929894456156333,342.9917046131065,1164.057596019413,49.57180028060075,11.002898543006143,9.085106382978724,True,False
Agent_9,197,6.045274678287313,19.929894456156333,331.524213401031,1166.3668132778926,49.57182378274552,11.002740883299898,8.936170212765958,True,False
Agent_9,198,6.045274678287313,19.929894456156333,328.9472642963702,1166.9202756644681,49.57182937455558,11.002705467048388,9.085106382978724,True,False
Agent_9,199,6.045274678287313,19.929894456156333,312.10922855579963,1166.4337619364028,49.57182902992454,11.0024725441996,9.138297872340425,True,False
Agent_9,200,6.045274678287313,19.929894456156333,312.0333705259495,1162.630635663102,49.571794860926076,11.002470096520646,9.02127659574468,True,False
Agent_9,201,6.045274678287313,19.929894456156333,311.7632240929941,1162.4814915066852,49.57179358486867,11.002466307553787,9.02127659574468,True,False
Agent_9,202,6.045274678287313,19.929894456156333,311.6482563339912,1167.589608134184,49.57183953037079,11.00246659763097,9.191489361702128,True,False
Agent_9,203,6.045274678287313,19.929894456156333,312.1842573794711,1161.4677729556456,49.57178437159488,11.002471754348747,8.97872340425532,True,False
Agent_9,204,6.045274678287313,19.929894456156333,309.48789004300005,1175.146094875667,49.571907974174835,11.002439515859386,9.425531914893618,True,False
Agent_9,205,6.045274678287313,19.929894456156333,316.13143809946183,1161.2724954317168,49.571781671823615,11.002526242389042,8.946808510638297,True,False
Agent_9,206,6.045274678287313,19.929894456156333,325.2250469308044,1178.1360506457484,49.57193108627352,11.002658143236838,9.414893617021276,True,False
Agent_9,207,6.045274678287313,19.929894456156333,325.2250469308044,1178.1360506457484,49.57193108627352,11.002658143236838,9.414893617021276,False,False
Agent_9,208,6.045274678287313,19.929894456156333,332.782848172021,1179.595397736187,49.571942396238526,11.00276314815903,9.851063829787234,True,False
Agent_9,209,6.045274678287313,19.929894456156333,348.0152019642441,1180.6669249046747,49.57194838335143,11.002974092212659,9.52127659574468,True,False
Agent_9,210,6.045274678287313,19.929894456156333,352.1480333691191,1182.1117920135966,49.57196038253148,11.003031750127864,9.53191489361702,True,False
Agent_9,211,5.1384834765442156,17.246532736712474,351.16013207075287,1182.9457103922323,49.571968115228344,11.003018401698403,9.563829787234042,True,False
Agent_9,212,5.1384834765442156,17.246532736712474,358.0069484975385,1197.455493289659,49.57209690824109,11.003118381859686,10.893617021276595,True,False
Agent_9,213,5.1384834765442156,17.246532736712474,365.9227310673715,1201.1707383008738,49.57212841085977,11.003229165702798,10.946808510638299,True,False
Agent_9,214,5.1384834765442156,17.246532736712474,365.64287735336967,1202.0630858206925,49.57213649934663,11.003225625813739,10.97872340425532,True,False
Agent_9,215,5.1384834765442156,17.246532736712474,354.94209343738936,1202.349469377717,49.57214163476223,11.00307781866997,11.393617021276595,True,False
Agent_9,216,5.1384834765442156,17.246532736712474,349.716480032785,1202.6768825930815,49.57214582854474,11.003005707639398,11.063829787234042,True,False
Agent_9,217,5.1384834765442156,17.246532736712474,349.716480032785,1202.6768825930815,49.57214582854474,11.003005707639398,11.063829787234042,False,False
Agent_9,218,5.1384834765442156,17.246532736712474,350.2072832541892,1190.71794189995,49.57203820955178,11.00300809101333,10.24468085106383,True,False
Agent_9,219,5.1384834765442156,17.246532736712474,347.1352478744851,1188.9599837029887,49.57202314205815,11.002964980714424,10.24468085106383,True,False
Agent_9,220,5.1384834765442156,17.246532736712474,346.00239812351884,1190.5917663388325,49.57203808161181,11.00294992229713,10.393617021276595,True,False
Agent_9,221,5.1384834765442156,17.246532736712474,341.1158109490916,1186.7460936643524,49.572004681397786,11.00288096205586,10.202127659574469,True,False
Agent_9,222,5.1384834765442156,17.246532736712474,339.57574533431955,1188.0138218362545,49.5720164458212,11.002860140894427,10.361702127659575,True,False
Agent_9,223,5.1384834765442156,17.246532736712474,345.5974273042632,1190.538529981374,49.57203769997138,11.00294430497288,10.404255319148936,True,False
Agent_9,224,5.1384834765442156,17.246532736712474,354.9776611586537,1197.9034129055492,49.572101659676925,11.003076674136613,10.946808510638299,True,False
Agent_9,225,5.1384834765442156,17.246532736712474,361.8846273862027,1198.1519282613929,49.57210224059373,11.003172237678395,10.872340425531915,True,False
Agent_9,226,4.3677109550625834,14.965675275185195,369.94805206934666,1189.9215765307385,49.57202632625573,11.003280665878254,10.042553191489361,True,False
Agent_9,227,4.3677109550625834,14.965675275185195,379.5476264794715,1191.4030455967525,49.57203734578676,11.003413901803446,10.01063829787234,True,False
Agent_9,228,4.3677109550625834,14.965675275185195,388.61456950563905,1194.1597187107132,49.57205995574931,11.003540244843613,9.404255319148938,True,False
Agent_9,229,4.3677109550625834,14.965675275185195,388.89175673795535,1179.2798412823556,49.571926130961884,11.00353859916847,9.276595744680852,True,False
Agent_9,230,4.3677109550625834,14.965675275185195,388.89914491106424,1180.975941279929,49.57194137580299,11.003539325604724,9.351063829787234,True,False
Agent_9,231,4.3677109550625834,14.965675275185195,382.866395030729,1174.121195575723,49.5718812010896,11.003453414698168,9.042553191489363,True,False
Agent_9,232,4.3677109550625834,14.965675275185195,379.3372774253735,1162.6769390820546,49.57177917093087,11.003400421236256,8.425531914893616,True,False
Agent_9,233,4.3677109550625834,14.965675275185195,376.8164462810819,1155.2766441880121,49.57171325145511,11.003362853384475,7.340425531914893,True,False
Agent_9,234,4.3677109550625834,14.965675275185195,379.8665115358261,1152.0331247736922,49.571683364692596,11.003403819001425,1.5851063829787233,True,False
Agent_9,235,4.3677109550625834,14.965675275185195,389.06733452928813,1159.4698030172383,49.57174801221113,11.003533734302302,7.3936170212765955,True,False
Agent_9,236,4.3677109550625834,14.965675275185195,379.8391521863759,1170.648047925783,49.571850704829544,11.003410292254596,8.851063829787234,True,False
Agent_9,237,4.3677109550625834,14.965675275185195,383.8035559017119,1173.6531099431595,49.57187676903918,11.00346619632719,9.03191489361702,True,False
Agent_9,238,4.3677109550625834,14.965675275185195,382.81656361264334,1175.4792067934006,49.5718934204749,11.003453225747256,9.074468085106382,True,False
Agent_9,239,4.3677109550625834,14.965675275185195,378.88451335337186,1178.507458747667,49.571921583284116,11.003399989496588,9.26595744680851,True,False
Agent_9,240,4.3677109550625834,14.965675275185195,369.300945738727,1182.7054095070603,49.57196161344315,11.003269065384808,9.52127659574468,True,False
Agent_9,241,3.7125543118031956,13.026946432887009,367.9623174940599,1176.032911021665,49.57190195329508,11.003248106437452,9.48936170212766,True,False
Agent_9,242,3.7125543118031956,13.026946432887009,363.24750213369055,1164.4354348992924,49.571798829493076,11.00317866769041,8.659574468085106,True,False
Agent_9,243,3.7125543118031956,13.026946432887009,363.07349546959864,1163.138010780893,49.57178720831009,11.003175785007945,8.627659574468085,True,False
Agent_9,244,3.7125543118031956,13.026946432887009,363.17319164011184,1163.1424314762294,49.57178722418792,11.00317716468411,8.627659574468085,True,False
Agent_9,245,3.7125543118031956,13.026946432887009,355.5653760845412,1168.7794865421595,49.571839717678195,11.003074080166302,8.936170212765958,True,False
Agent_9,246,3.7125543118031956,13.026946432887009,355.0040660496586,1166.8323283225493,49.57182234858049,11.003065604902766,8.914893617021278,True,False
Agent_9,247,3.7125543118031956,13.026946432887009,359.56543414981604,1158.2875683904883,49.57174444621288,11.00312550985753,8.48936170212766,True,False
Agent_9,248,3.7125543118031956,13.026946432887009,355.04764059638046,1161.350196409872,49.57177305806741,11.003064189794966,8.73404255319149,True,False
Agent_9,249,3.7125543118031956,13.026946432887009,353.8595092792707,1160.9570618153577,49.57176980843834,11.003047622194256,8.670212765957446,True,False
Agent_9,250,3.7125543118031956,13.026946432887009,352.9533327477315,1159.0805102116399,49.57175315656934,11.003034406025062,8.595744680851064,True,False
Agent_9,251,3.7125543118031956,13.026946432887009,350.91759329735953,1161.906715505237,49.57177904913397,11.003007307062903,8.75531914893617,True,False
Agent_9,252,3.7125543118031956,13.026946432887009,353.0013711129483,1164.1582175361077,49.57179878969742,11.003036938595095,8.829787234042554,True,False
Agent_9,253,3.7125543118031956,13.026946432887009,353.01462057610604,1164.140149857889,49.57179862411227,11.00303711508693,8.829787234042554,True,False
Agent_9,254,3.7125543118031956,13.026946432887009,345.3959421711249,1156.019390180868,49.5717274480584,11.002928817722465,8.73404255319149,True,False
Agent_9,255,3.7125543118031956,13.026946432887009,344.9714061022222,1156.8779187931364,49.57173526715437,11.00292326549759,8.76595744680851,True,False
Agent_9,256,3.1556711650327163,11.379026916933547,343.9435101644538,1156.9113384834393,49.57173581355043,11.002909069727021,8.680851063829788,True,False
Agent_9,257,3.1556711650327163,11.379026916933547,339.8702843485416,1152.7911018469952,49.57169975055544,11.00285125157866,8.425531914893616,True,False
Agent_9,258,3.1556711650327163,11.379026916933547,334.1570902943994,1157.8042722978098,49.57174618216695,11.002774125702638,8.627659574468085,True,False
Agent_9,259,3.1556711650327163,11.379026916933547,342.0647308304156,1161.337947103521,49.571776054903744,11.002884729178291,8.893617021276595,True,False
Agent_9,260,3.1556711650327163,11.379026916933547,339.61643404114926,1163.918329652188,49.571799836403066,11.002851837098428,8.936170212765958,True,False
Agent_9,261,3.1556711650327163,11.379026916933547,332.9253323969102,1166.6903803667335,49.57182635609608,11.002760369326134,8.925531914893616,True,False
Agent_9,262,3.1556711650327163,11.379026916933547,328.0856724658253,1164.120354252511,49.571804411602926,11.002692527514075,9.01063829787234,True,False
Agent_9,263,3.1556711650327163,11.379026916933547,325.91835550228404,1162.4553870984005,49.57178996343006,11.002661957195961,9.074468085106382,True,False
Agent_9,264,3.1556711650327163,11.379026916933547,325.91835550228404,1162.4553870984005,49.57178996343006,11.002661957195961,9.074468085106382,False,False
Agent_9,265,3.1556711650327163,11.379026916933547,325.67078736002713,1159.9244150867898,49.571767271198844,11.002657603982296,8.925531914893616,True,False
Agent_9,266,3.1556711650327163,11.379026916933547,333.9010729344825,1155.3616178739892,49.571724285868484,11.002769688148348,8.53191489361702,True,False
Agent_9,267,3.1556711650327163,11.379026916933547,340.72277552216167,1157.8865857375995,49.57174535098463,11.002864910047913,8.595744680851064,True,False
Agent_9,268,3.1556711650327163,11.379026916933547,344.3175732165722,1161.033827930855,49.57177278200049,11.002915757159414,8.925531914893616,True,False
Agent_9,269,3.1556711650327163,11.379026916933547,349.02783995714736,1157.020449935507,49.57173557766226,11.002979387908354,8.787234042553191,True,False
Agent_9,270,3.1556711650327163,11.379026916933547,347.555542643662,1157.336522799932,49.57173877124593,11.002959153421044,8.797872340425531,True,False
Agent_9,271,2.682320490277809,9.978295328373108,341.72426707225947,1153.797828322101,49.571708356588665,11.002877248632252,8.47872340425532,True,False
Agent_9,272,2.682320490277809,9.978295328373108,343.02516717162615,1155.5198232196242,49.571723524674674,11.002895863920594,8.595744680851064,True,False
Agent_9,273,2.682320490277809,9.978295328373108,337.98440453988843,1158.1563881513118,49.57174843157694,11.00282715824329,8.595744680851064,True,False
Agent_9,274,2.682320490277809,9.978295328373108,339.2289132338584,1160.9546643168526,49.57177328809457,11.002845390088702,8.74468085106383,True,False
Agent_9,275,2.682320490277809,9.978295328373108,341.34395765422715,1165.1676166024529,49.571810653126384,11.002876175478557,9.074468085106382,True,False
Agent_9,276,2.682320490277809,9.978295328373108,344.3171556946389,1162.4457818744181,49.5717854744649,11.002916270946303,9.02127659574468,True,False
Agent_9,277,2.682320490277809,9.978295328373108,337.8915440403453,1161.6797727039807,49.57178012627821,11.002827171125448,8.73404255319149,True,False
Agent_9,278,2.682320490277809,9.978295328373108,344.52439199891467,1168.6816801848915,49.5718414807333,11.002921430105587,9.351063829787234,True,False
Agent_9,279,2.682320490277809,9.978295328373108,345.4149319604029,1169.524500356517,49.57184884391812,11.002934049737167,9.319148936170214,True,False
Agent_9,280,2.682320490277809,9.978295328373108,345.00623521509175,1170.1105099744339,49.57185420949082,11.00292861615918,9.382978723404255,True,False
Agent_9,281,2.682320490277809,9.978295328373108,338.7341690300669,1163.8787426501278,49.57179969166867,11.002839627427653,8.872340425531915,True,False
Agent_9,282,2.682320490277809,9.978295328373108,342.17721438307376,1158.0887048466268,49.57174681983258,11.00288508837291,8.702127659574469,True,False
Agent_9,283,2.682320490277809,9.978295328373108,350.4667200939169,1163.505628587779,49.57179353001488,11.003001663252011,8.76595744680851,True,False
Agent_9,284,2.682320490277809,9.978295328373108,341.84689832678026,1166.2044227241329,49.571819852851355,11.002883508884112,9.25531914893617,True,False
Agent_9,285,2.682320490277809,9.978295328373108,343.05874529423386,1161.3945189331762,49.571776325571996,11.002898489748574,8.936170212765958,True,False
Agent_9,286,2.2799724167361375,8.787673478096734,344.3258109570157,1154.2191781291117,49.57171152164296,11.002913363437111,8.617021276595745,True,False
Agent_9,287,2.2799724167361375,8.787673478096734,344.2163099397842,1152.692903369008,49.571697827827194,11.002911288240448,8.51063829787234,True,False
Agent_9,288,2.2799724167361375,8.787673478096734,345.79008761332136,1155.8700905319179,49.57172601164992,11.002934210849507,8.76595744680851,True,False
Agent_9,289,2.2799724167361375,8.787673478096734,340.4805395489489,1150.9648574199632,49.57168318801012,11.002859014827434,8.308510638297872,True,False
Agent_9,290,2.2799724167361375,8.787673478096734,338.9975722391626,1146.7087075618363,49.57164528340752,11.002836950494684,7.989361702127659,True,False
Agent_9,291,2.2799724167361375,8.787673478096734,343.0602165869878,1152.9253020787153,49.571700193565626,11.002895393693592,8.5,True,False
Agent_9,292,2.2799724167361375,8.787673478096734,342.7380066323198,1151.8723908997795,49.57169080582025,11.002890552522297,8.393617021276595,True,False
Agent_9,293,2.2799724167361375,8.787673478096734,340.8293977392492,1150.726688679092,49.571680963578196,11.002863749270167,8.297872340425531,True,False
Agent_9,294,2.2799724167361375,8.787673478096734,336.975204095758,1146.1187540393878,49.57164046412174,11.002808779334087,7.9787234042553195,True,False
Agent_9,295,2.2799724167361375,8.787673478096734,338.94566926464597,1145.7599821028844,49.571636767525156,11.00283588398049,7.904255319148937,True,False
Agent_9,296,2.2799724167361375,8.787673478096734,338.94566926464597,1145.7599821028844,49.571636767525156,11.00283588398049,7.904255319148937,False,False
Agent_9,297,2.2799724167361375,8.787673478096734,339.0464584022328,1144.731585246009,49.57162749892076,11.002836898729957,7.8085106382978715,True,False
Agent_9,298,2.2799724167361375,8.787673478096734,343.7787682879092,1147.4020945181783,49.571650372286435,11.002903293490114,7.968085106382978,True,False
Agent_9,299,2.2799724167361375,8.787673478096734,344.8356195317588,1148.7426310742762,49.57166216975742,11.002918395043732,8.085106382978724,True,False
Agent_9,300,2.2799724167361375,8.787673478096734,344.8356195317588,1148.7426310742762,49.57166216975742,11.002918395043732,8.085106382978724,False,False
Agent_9,301,1.9379765542257168,7.7756449053618155,348.9898436288087,1155.1598477131843,49.571718861393116,11.002978178037264,8.72340425531915,True,False
Agent_9,302,1.9379765542257168,7.7756449053618155,353.07753896598285,1152.0104054411001,49.57168957212192,11.003033521120802,8.212765957446809,True,False
Agent_9,303,1.9379765542257168,7.7756449053618155,350.39286920189176,1150.7503859069263,49.57167888801173,11.00299594870377,8.27659574468085,True,False
Agent_9,304,1.9379765542257168,7.7756449053618155,350.9604621765377,1149.420755614409,49.57166679984049,11.003003304950253,8.095744680851064,True,False
Agent_9,305,1.9379765542257168,7.7756449053618155,353.0696861992341,1148.966409749578,49.571662210855976,11.003032292412904,7.989361702127659,True,False
Agent_9,306,1.9379765542257168,7.7756449053618155,355.91003109305103,1156.1817625436863,49.571726391493975,11.003074208193055,8.382978723404255,True,False
Agent_9,307,1.9379765542257168,7.7756449053618155,355.91003109305103,1156.1817625436863,49.571726391493975,11.003074208193055,8.382978723404255,False,False
Agent_9,308,1.9379765542257168,7.7756449053618155,355.5048466875939,1153.0215706117312,49.57169808080557,11.003067444598065,8.074468085106384,True,False
Agent_9,309,1.9379765542257168,7.7756449053618155,355.54313548989313,1152.6877841130906,49.57169507116223,11.003067851011004,8.031914893617023,True,False
Agent_9,310,1.9379765542257168,7.7756449053618155,352.1323309594174,1155.6794584721438,49.57172278024876,11.00302180619034,8.52127659574468,True,False
Agent_9,311,1.9379765542257168,7.7756449053618155,352.4174505051967,1151.0646355751787,49.571681228359296,11.003024049038862,8.22340425531915,True,False
Agent_9,312,1.9379765542257168,7.7756449053618155,345.3719815326062,1154.2468124818347,49.57171151970148,11.002927834267405,8.638297872340425,True,False
Agent_9,313,1.9379765542257168,7.7756449053618155,344.09244022484404,1151.4726855690362,49.571686888663194,11.002909127053591,8.414893617021276,True,False
Agent_9,314,1.9379765542257168,7.7756449053618155,349.4261785590371,1149.3617263564113,49.571666636386624,11.002982075659144,8.191489361702127,True,False
Agent_9,315,1.9379765542257168,7.7756449053618155,350.55865138592753,1154.507401831834,49.57171262097908,11.002999622747426,8.648936170212766,True,False
Agent_9,316,1.6472800710918591,6.9154206185371345,349.44780648724657,1156.179102143866,49.5717279140994,11.002984883284126,8.75531914893617,True,False
Agent_9,317,1.6472800710918591,6.9154206185371345,347.2786434565644,1156.6973186350344,49.57173309156352,11.002955090775393,8.787234042553191,True,False
Agent_9,318,1.6472800710918591,6.9154206185371345,348.5926733501226,1154.1536969429078,49.57170991192981,11.00297231791838,8.670212765957446,True,False
Agent_9,319,1.6472800710918591,6.9154206185371345,350.98918788485264,1156.3664042107152,49.571729228926245,11.003006257913421,8.659574468085106,True,False
Agent_9,320,1.6472800710918591,6.9154206185371345,351.5001764973927,1157.2156491491276,49.5717367406883,11.00301363355266,8.638297872340425,True,False
Agent_9,321,1.6472800710918591,6.9154206185371345,347.16208874470277,1151.972533463303,49.57169064732347,11.002951741089207,8.574468085106384,True,False
Agent_9,322,1.6472800710918591,6.9154206185371345,350.720444841948,1154.536802668804,49.5717128465503,11.003001869951689,8.659574468085106,True,False
Agent_9,323,1.6472800710918591,6.9154206185371345,349.6137768364984,1155.0742409555705,49.571717942540864,11.00298677083457,8.680851063829788,True,False
Agent_9,324,1.6472800710918591,6.9154206185371345,349.6137768364984,1155.0742409555705,49.571717942540864,11.00298677083457,8.680851063829788,False,False
Agent_9,325,1.6472800710918591,6.9154206185371345,346.14573485072685,1156.038036867856,49.57172743624797,11.002939188574246,8.76595744680851,True,False
Agent_9,326,1.6472800710918591,6.9154206185371345,348.36634911754606,1156.278661955523,49.571729067868844,11.002969971503328,8.787234042553191,True,False
Agent_9,327,1.6472800710918591,6.9154206185371345,348.36524267037515,1155.8387851472032,49.57172511398436,11.002969794343535,8.75531914893617,True,False
Agent_9,328,1.6472800710918591,6.9154206185371345,346.94629853226803,1154.0469755621384,49.571709346579794,11.002949521681728,8.659574468085106,True,False
Agent_9,329,1.6472800710918591,6.9154206185371345,342.490511388142,1151.130791455858,49.571684198645166,11.002886858645786,8.329787234042554,True,False
Agent_9,330,1.6472800710918591,6.9154206185371345,345.13897094859465,1147.3903793518161,49.57164994147594,11.00292209051663,7.968085106382978,True,False
Agent_9,331,1.4001880604280803,6.184229974736156,348.22139051514984,1145.908310784774,49.57163588119282,11.002964151746086,7.73404255319149,True,False
Agent_9,332,1.4001880604280803,6.184229974736156,347.26710572025877,1147.8621892234082,49.571653673403915,11.002951680173386,7.957446808510639,True,False
Agent_9,333,1.4001880604280803,6.184229974736156,347.26710572025877,1147.8621892234082,49.571653673403915,11.002951680173386,7.957446808510639,False,False
Agent_9,334,1.4001880604280803,6.184229974736156,343.31096193827216,1148.528782131678,49.57166061227618,11.002897241841367,8.074468085106384,True,False
Agent_9,335,1.4001880604280803,6.184229974736156,343.51109325994474,1147.4971560293511,49.57165129087033,11.002899628544014,7.9787234042553195,True,False
Agent_9,336,1.4001880604280803,6.184229974736156,346.9537643456736,1151.6355646697125,49.57168766809047,11.002948737536306,8.52127659574468,True,False
Agent_9,337,1.4001880604280803,6.184229974736156,346.9537643456736,1151.6355646697125,49.57168766809047,11.002948737536306,8.52127659574468,False,False
Agent_9,338,1.4001880604280803,6.184229974736156,343.0330625933705,1149.7941401581427,49.57167205335967,11.002893866197859,8.26595744680851,True,False
Agent_9,339,1.4001880604280803,6.184229974736156,343.8294558915706,1153.7945930599828,49.57170782373344,11.00290634635008,8.563829787234042,True,False
Agent_9,340,1.4001880604280803,6.184229974736156,348.4372405729808,1152.00026692547,49.57169059147079,11.002969377034761,8.542553191489361,True,False
Agent_9,341,1.4001880604280803,6.184229974736156,347.6650018920194,1154.6115977554794,49.57171425010133,11.002959663705475,8.691489361702127,True,False
Agent_9,342,1.4001880604280803,6.184229974736156,344.5873772393652,1153.3795001893327,49.57170391099953,11.002916669952814,8.563829787234042,True,False
Agent_9,343,1.4001880604280803,6.184229974736156,340.3129989417122,1156.5110091117845,49.57173308368165,11.002858739762033,8.53191489361702,True,False
Agent_9,344,1.4001880604280803,6.184229974736156,343.01364093679086,1154.2998865143838,49.571712561153326,11.002895255703775,8.574468085106384,True,False
Agent_9,345,1.4001880604280803,6.184229974736156,342.8371795975926,1155.977200326816,49.57172768112376,11.002893433766548,8.606382978723403,True,False
Agent_9,346,1.1901598513638683,5.562717927505324,342.8371795975926,1155.977200326816,49.57172768112376,11.002893433766548,8.606382978723403,False,False
Agent_9,347,1.1901598513638683,5.562717927505324,342.34062737905043,1158.4339308999688,49.57174988404084,11.002887474177077,8.75531914893617,True,False
Agent_9,348,1.1901598513638683,5.562717927505324,342.3573178927455,1157.6982190612434,49.571743266571126,11.002887434164938,8.702127659574469,True,False
Agent_9,349,1.1901598513638683,5.562717927505324,342.90690537185384,1157.7985674205718,49.57174403710803,11.002895067751421,8.74468085106383,True,False
Agent_9,350,1.1901598513638683,5.562717927505324,345.31277471976057,1157.0361504100665,49.571736607842084,11.002928042282324,8.819148936170212,True,False
Agent_9,351,1.1901598513638683,5.562717927505324,346.38459611230627,1155.8950560821777,49.5717260938012,11.002942437614578,8.76595744680851,True,False
Agent_9,352,1.1901598513638683,5.562717927505324,350.4981298647387,1155.6283704938494,49.57172271209611,11.002999198690647,8.691489361702127,True,False
Agent_9,353,1.1901598513638683,5.562717927505324,350.5318110287031,1155.591592993361,49.57172237343473,11.00299965071403,8.680851063829788,True,False
Agent_9,354,1.1901598513638683,5.562717927505324,350.94206445051054,1156.0092369243991,49.57172602954842,11.003005475118117,8.648936170212766,True,False
Agent_9,355,1.1901598513638683,5.562717927505324,348.6020996496202,1157.391979079929,49.57173901930356,11.002973639838592,8.797872340425531,True,False
Agent_9,356,1.1901598513638683,5.562717927505324,349.2473787263739,1157.2640946769743,49.57173771530025,11.00298251213487,8.787234042553191,True,False
Agent_9,357,1.1901598513638683,5.562717927505324,352.47618378910414,1156.125028270509,49.57172670328384,11.003026723052129,8.542553191489361,True,False
Agent_9,358,1.1901598513638683,5.562717927505324,349.785945041601,1152.372841883952,49.571693617869364,11.00298815655474,8.563829787234042,True,False
Agent_9,359,1.1901598513638683,5.562717927505324,348.903089834121,1157.3534006410212,49.57173860048334,11.002977786072492,8.797872340425531,True,False
Agent_9,360,1.1901598513638683,5.562717927505324,352.90197831586477,1158.6934149037938,49.57174968917475,11.00303355373134,8.563829787234042,True,False
Agent_9,361,1.011635873659288,5.034432687359118,353.7191699638717,1157.931671404437,49.57174264612653,11.003044569029365,8.542553191489361,True,False
Agent_9,362,1.011635873659288,5.034432687359118,355.26704300691546,1160.6986192414656,49.57176714838977,11.003066982702306,8.712765957446807,True,False
Agent_9,363,1.011635873659288,5.034432687359118,356.22269940410104,1160.3078681848951,49.57176340713291,11.003080048451412,8.659574468085106,True,False
Agent_9,364,1.011635873659288,5.034432687359118,354.24173104019553,1162.559623041821,49.57178412273928,11.003053495185402,8.787234042553191,True,False
Agent_9,365,1.011635873659288,5.034432687359118,353.50502352807433,1158.8876851252012,49.57175129119274,11.003041960801959,8.574468085106384,True,False
Agent_9,366,1.011635873659288,5.034432687359118,353.88812004741874,1155.7433015030906,49.57172293395667,11.003046099030428,8.382978723404255,True,False
Agent_9,367,1.011635873659288,5.034432687359118,352.6432884332687,1155.1398288452506,49.5717178071191,11.00302867030718,8.47872340425532,True,False
Agent_9,368,1.011635873659288,5.034432687359118,354.71498520871967,1159.2593663412933,49.57175434274913,11.003058822251019,8.617021276595745,True,False
Agent_9,369,1.011635873659288,5.034432687359118,354.71498520871967,1159.2593663412933,49.57175434274913,11.003058822251019,8.617021276595745,False,False
Agent_9,370,1.011635873659288,5.034432687359118,355.5443404759029,1157.914100112098,49.571742051373846,11.003069790942076,8.542553191489361,True,False
Agent_9,371,1.011635873659288,5.034432687359118,355.51819459960467,1161.9129553684736,49.57177800421718,11.003070901116198,8.75531914893617,True,False
Agent_9,372,1.011635873659288,5.034432687359118,356.01586004393744,1162.685345409771,49.57178482829787,11.003078064330793,8.75531914893617,True,False
Agent_9,373,1.011635873659288,5.034432687359118,353.582322646352,1162.158160034512,49.571780671709604,11.003044232783465,8.77659574468085,True,False
Agent_9,374,1.011635873659288,5.034432687359118,357.515881692498,1163.813938519127,49.57179461447682,11.003099213691847,8.77659574468085,True,False
Agent_9,375,1.011635873659288,5.034432687359118,360.4549717503238,1164.5905858127182,49.57180089252261,11.003140125056253,8.75531914893617,True,False
Agent_10,1,50.0,150.0,1376.9532125607707,2880.793454768642,49.58698392795873,11.017826850280972,0.0,True,True
Agent_10,2,50.0,150.0,1384.4225626867506,2874.492107054991,49.58692548323689,11.017927789090207,0.0,True,True
Agent_10,3,50.0,150.0,1264.9094392727582,2807.2766100452254,49.586350083673274,11.016250411541352,0.0,True,True
Agent_10,4,50.0,150.0,1287.990950901491,2710.2356997902525,49.585472209145784,11.016533578670678,0.0,True,True
Agent_10,5,50.0,150.0,1294.8810593057049,2734.0518669408134,49.58568463518949,11.016637670924958,0.0,True,True
Agent_10,6,50.0,150.0,1279.6404812449678,2697.526971506999,49.585359981034145,11.016413412832273,0.0,True,True
Agent_10,7,50.0,150.0,1283.6584462487835,2692.4585042048425,49.58531345175574,11.016467087502667,0.0,True,True
Agent_10,8,50.0,150.0,1315.262376709314,2627.6702088333736,49.5847234454286,11.01688003188764,0.0,True,True
Agent_10,9,50.0,150.0,1299.650250791292,2682.879594561522,49.58522349200383,11.016684642657504,0.0,True,True
Agent_10,10,50.0,150.0,1260.8193905622072,2656.3754423565847,49.58499459965694,11.016137938662327,0.0,True,True
Agent_10,11,50.0,150.0,1160.4233086714366,2620.1221477531744,49.5846928939795,11.014736425308097,0.0,True,True
Agent_10,12,50.0,150.0,1115.6250337487893,2610.2142134240567,49.584614614211084,11.014113374631595,0.0,True,True
Agent_10,13,50.0,150.0,1145.7545276842911,2515.139952741757,49.583752726181146,11.014494743099654,0.0,True,True
Agent_10,14,50.0,150.0,1122.4915720343029,2435.7492149873274,49.58304467135406,11.014143725241379,0.0,True,True
Agent_10,15,50.0,150.0,1050.1492058885528,2505.815890297084,49.58369191824665,11.013169474723746,0.0,True,True
Agent_10,16,42.5,127.8061224489796,1011.4825327008353,2430.054198908855,49.58302018597892,11.012606853564233,0.0,True,True
Agent_10,17,42.5,127.8061224489796,1022.5115349209665,2428.747405787579,49.58300578643847,11.012758852518237,0.0,True,True
Agent_10,18,42.5,127.8061224489796,1020.5617808763292,2429.5911109337103,49.58301383957861,11.012732208146385,0.0,True,True
Agent_10,19,42.5,127.8061224489796,1023.7247132787115,2428.4362779810526,49.583002697871095,11.012775510314237,0.0,True,True
Agent_10,20,42.5,127.8061224489796,1026.4354071402704,2437.090085038246,49.58307983623769,11.012816188571284,0.0,True,True
Agent_10,21,42.5,127.8061224489796,959.1777099364754,2541.7831796114583,49.58403711186882,11.011925023252372,0.0,True,True
Agent_10,22,42.5,127.8061224489796,905.7314750423386,2467.735572420776,49.58338433372816,11.011158710810907,0.0,True,True
Agent_10,23,42.5,127.8061224489796,919.5368087256053,2498.7205196520313,49.58365954424593,11.011361033493046,0.0,True,True
Agent_10,24,42.5,127.8061224489796,963.0822566855579,2605.736699380242,49.58461106092021,11.01200265711879,0.0,True,True
Agent_10,25,42.5,127.8061224489796,914.2553505174461,2645.3255993243047,49.58497866929807,11.011342209773565,0.0,True,True
Agent_10,26,42.5,127.8061224489796,910.3912421648412,2678.2285700842126,49.585275367886695,11.011300947739882,0.0,True,True
Agent_10,27,42.5,127.8061224489796,955.3139712153627,2613.16640690819,49.58467971539007,11.01189799992654,0.0,True,True
Agent_10,28,42.5,127.8061224489796,834.9703598063188,2602.1930248668896,49.58460999519654,11.010230066416996,0.0,True,True
Agent_10,29,42.5,127.8061224489796,838.8034880521082,2604.218863174118,49.58462728496434,11.01028381197582,0.0,True,True
Agent_10,30,42.5,127.8061224489796,854.5958856237422,2563.239699810776,49.58425512277536,11.010487015591,0.0,True,True
Agent_10,31,36.125,108.94132653061224,841.270805996067,2566.6475514630847,49.584288957727125,11.010304042865162,0.0,True,True
Agent_10,32,36.125,108.94132653061224,842.2742278492161,2562.9868341561214,49.58425580990168,11.010316563526427,0.0,True,True
Agent_10,33,36.125,108.94132653061224,849.5738354893921,2579.1691517256,49.58439952168806,11.010423467112965,0.0,True,True
Agent_10,34,36.125,108.94132653061224,806.0829906710458,2555.6130439817807,49.58419821889812,11.009813461247454,0.0,True,True
Agent_10,35,36.125,108.94132653061224,739.3496269589319,2585.6887303367876,49.58448459803508,11.00890191434562,0.0,True,True
Agent_10,36,36.125,108.94132653061224,704.40942891782,2562.956167748473,49.584288638018805,11.008410438469559,0.0,True,True
Agent_10,37,36.125,108.94132653061224,667.3546793831911,2549.21478170689,49.584174006474,11.00789304901589,0.0,True,True
Agent_10,38,36.125,108.94132653061224,740.7910362984957,2474.653122466927,49.58348613427732,11.00888084572252,0.0,True,True
Agent_10,39,36.125,108.94132653061224,745.2684484435181,2469.057300723609,49.58343475764052,11.008940683139071,0.0,True,True
Agent_10,40,36.125,108.94132653061224,744.9006063716971,2456.8009936734384,49.58332467193433,11.008931072091839,0.0,True,True
Agent_10,41,36.125,108.94132653061224,744.0661259963248,2502.250096664491,49.58373342190662,11.008936315904293,0.0,True,True
Agent_10,42,36.125,108.94132653061224,746.7445056458009,2537.024650230933,49.58404537320828,11.008986186923854,0.0,True,True
Agent_10,43,36.125,108.94132653061224,776.6981316721282,2474.058791793783,49.583472170915556,11.009377068485819,0.0,True,True
Agent_10,44,36.125,108.94132653061224,709.2803121939331,2557.2518092037712,49.584236191520205,11.00847567739427,0.0,True,True
Agent_10,45,36.125,108.94132653061224,709.7158942449944,2543.81578489775,49.58411530826913,11.008476739770968,0.0,True,True
Agent_10,46,30.70625,92.90625000000001,722.036335997643,2554.3603501514294,49.58420713797891,11.00865097418251,0.0,True,True
Agent_10,47,30.70625,92.90625000000001,699.455114916107,2494.7201379252497,49.58367644170655,11.008316752675857,0.0,True,True
Agent_10,48,30.70625,92.90625000000001,717.459660953463,2584.737179777526,49.58448129896937,11.008598911728907,0.0,True,True
Agent_10,49,30.70625,92.90625000000001,692.7729248198533,2650.3523198130856,49.58507704961288,11.00828181222437,0.0,True,True
Agent_10,50,30.70625,92.90625000000001,693.9511416905344,2648.846163083715,49.58506322775161,11.008297546515578,0.0,True,True
Agent_10,51,30.70625,92.90625000000001,694.2675026252318,2647.094013325703,49.58504740145577,11.008301273807781,0.0,True,True
Agent_10,52,30.70625,92.90625000000001,752.2344174279415,2616.4490384275427,49.584758014245814,11.009091418702052,0.0,True,True
Agent_10,53,30.70625,92.90625000000001,753.5920546259116,2614.2280462747062,49.58473772342706,11.009109369371975,0.0,True,True
Agent_10,54,30.70625,92.90625000000001,799.1189122664192,2600.410455867623,49.58460258265548,11.009733723856755,0.0,True,True
Agent_10,55,30.70625,92.90625000000001,832.1418186941852,2654.758949393,49.58508319814533,11.01021038087301,0.0,True,True
Agent_10,56,30.70625,92.90625000000001,777.0919675554826,2683.0164754518073,49.585350431322325,11.00945968794969,0.0,True,True
Agent_10,57,30.70625,92.90625000000001,766.8704148072325,2707.5138305861888,49.58557309649444,11.009327409522815,0.0,True,True
Agent_10,58,30.70625,92.90625000000001,736.5290741521353,2778.4200989127276,49.58621776937136,11.008934082683774,0.0,True,True
Agent_10,59,30.70625,92.90625000000001,758.8853717343923,2787.031427396107,49.58628981043996,11.00924637272506,0.0,True,True
Agent_10,60,30.70625,92.90625000000001,677.2874362386092,2786.7046296014896,49.5863064598538,11.008118034768684,0.0,True,True
Agent_10,61,26.1003125,79.2764349489796,659.0687586253409,2775.175252791708,49.586207192098186,11.007861878166874,0.0,True,True
Agent_10,62,26.1003125,79.2764349489796,610.8625665275819,2771.206130347557,49.5861830778917,11.007193889522053,0.0,True,True
Agent_10,63,26.1003125,79.2764349489796,625.2323258681513,2785.979505201486,49.586312431332644,11.007398024409111,0.0,True,True
Agent_10,64,26.1003125,79.2764349489796,602.7596918634473,2812.3548839182313,49.58655491474981,11.007097035840477,0.0,True,True
Agent_10,65,26.1003125,79.2764349489796,586.7776582424087,2852.4790178946205,49.58691943076248,11.006890859746095,0.0,True,True
Agent_10,66,26.1003125,79.2764349489796,621.3057893691372,2851.74802662672,49.58690457783207,11.007368001158477,0.0,True,True
Agent_10,67,26.1003125,79.2764349489796,597.573361848579,2867.985165430981,49.58705622896474,11.007045849680312,0.0,True,True
Agent_10,68,26.1003125,79.2764349489796,642.6363306050156,2819.546441780012,49.586609994966324,11.00765104907234,0.0,True,True
Agent_10,69,26.1003125,79.2764349489796,651.7715190662908,2892.685955219381,49.58726526664994,11.007804351152144,0.0,True,True
Agent_10,70,26.1003125,79.2764349489796,708.1887334339928,2910.511157111486,49.58741196083249,11.008591003027023,0.0,True,True
Agent_10,71,26.1003125,79.2764349489796,742.8821066418197,2844.476490890001,49.586810035836656,11.009046316730625,0.0,True,True
Agent_10,72,26.1003125,79.2764349489796,736.6325033875282,2905.35752346878,49.587358805772354,11.008982387734951,0.0,True,True
Agent_10,73,26.1003125,79.2764349489796,746.8508039998245,2865.750865692254,49.58700032179101,11.009109047378974,0.0,True,True
Agent_10,74,26.1003125,79.2764349489796,761.9864068410169,2810.60310760941,49.586500955492305,11.0092979550866,0.0,True,True
Agent_10,75,26.1003125,79.2764349489796,816.1081970025342,2794.3248856132423,49.586341629964394,11.010040260523732,0.0,True,True
Agent_10,76,22.185265625,67.69109215561224,804.7407077297669,2762.226412365071,49.586055822112314,11.009871229057822,0.0,True,True
Agent_10,77,22.185265625,67.69109215561224,788.2644257988293,2701.6922935891034,49.58551562829292,11.00962105980456,0.0,True,True
Agent_10,78,22.185265625,67.69109215561224,788.0108710330703,2709.4098269129913,49.585585063338534,11.009620404790647,0.0,True,True
Agent_10,79,22.185265625,67.69109215561224,725.2608700448543,2722.744200703503,49.58571999459381,11.008757725408879,0.0,True,True
Agent_10,80,22.185265625,67.69109215561224,761.967523013385,2686.2022957989225,49.58538270087322,11.009251749868666,0.0,True,True
Agent_10,81,22.185265625,67.69109215561224,778.6596321503532,2661.3953624115497,49.585155699167494,11.009473377108183,0.0,True,True
Agent_10,82,22.185265625,67.69109215561224,816.7220410677853,2672.8518951456163,49.585249542499966,11.01000386851613,0.0,True,True
Agent_10,83,22.185265625,67.69109215561224,812.818905091058,2674.534314593444,49.58526560354945,11.009950524391407,0.0,True,True
Agent_10,84,22.185265625,67.69109215561224,792.0525669739815,2653.5079959801374,49.58508158210614,11.009655637198435,0.0,True,True
Agent_10,85,22.185265625,67.69109215561224,812.0923423625981,2652.859056097968,49.58507093568802,11.009932471166099,0.0,True,True
Agent_10,86,22.185265625,67.69109215561224,798.6430145879856,2655.401066875989,49.58509701645832,11.009747457274562,0.0,True,True
Agent_10,87,22.185265625,67.69109215561224,838.9645598002465,2625.2890135965094,49.584816649205415,11.0102938242554,0.0,True,True
Agent_10,88,22.185265625,67.69109215561224,847.1087923158535,2636.194100494023,49.584912720207335,11.010410456923546,0.0,True,True
Agent_10,89,22.185265625,67.69109215561224,799.3282075886365,2671.328402225226,49.585240025285046,11.009762814480908,0.0,True,True
Agent_10,90,22.185265625,67.69109215561224,819.7786791015781,2688.8857026807373,49.58539293874872,11.010052054120107,0.0,True,True
Agent_10,91,18.85747578125,57.84355078125,839.5471159947434,2722.0867368216723,49.585686639299446,11.010337646110878,0.0,True,True
Agent_10,92,18.85747578125,57.84355078125,796.218237217274,2695.9802815054545,49.585462371913565,11.009728921662358,0.0,True,True
Agent_10,93,18.85747578125,57.84355078125,767.0847564428968,2744.821611206443,49.58590841074075,11.00934415204509,0.0,True,True
Agent_10,94,18.85747578125,57.84355078125,771.3539192514829,2747.3724994714366,49.585930315957505,11.009404121471013,0.0,True,True
Agent_10,95,18.85747578125,57.84355078125,798.1579539464954,2725.1985264750588,49.58572455355643,11.009766534219048,0.0,True,True
Agent_10,96,18.85747578125,57.84355078125,774.327347114983,2689.1958552742803,49.58540664264447,11.00942374587804,0.0,True,True
Agent_10,97,18.85747578125,57.84355078125,727.3461447829161,2669.2051025918436,49.585238222162786,11.00876678919127,0.0,True,True
Agent_10,98,18.85747578125,57.84355078125,693.3495761247154,2670.4517774233395,49.58525758865146,11.00829720449249,0.0,True,True
Agent_10,99,18.85747578125,57.84355078125,656.5288859885484,2657.884984724598,49.58515345920779,11.007783474597828,0.0,True,True
Agent_10,100,18.85747578125,57.84355078125,639.5432778572082,2647.4203730997406,49.585063466151276,11.007544766320168,0.0,True,True
Agent_10,101,18.85747578125,57.84355078125,676.2194512125176,2679.1337192216647,49.585339742988786,11.008063563488612,0.0,True,True
Agent_10,102,18.85747578125,57.84355078125,717.8015658127721,2688.0988154063425,49.585410352007784,11.008641799052379,0.0,True,True
Agent_10,103,18.85747578125,57.84355078125,717.5532747478356,2689.717562767694,49.58542496279701,11.008638963748592,0.0,True,True
Agent_10,104,18.85747578125,57.84355078125,755.368867830822,2648.658358437441,49.58504679659532,11.009146650359519,0.0,True,True
Agent_10,105,18.85747578125,57.84355078125,749.9659844277057,2643.8385012655112,49.58500476728091,11.00907016924577,0.0,True,True
Agent_10,106,16.028854414062497,49.473140613042084,702.3648944599616,2632.523620275332,49.584914482352744,11.008407851205854,0.0,True,True
Agent_10,107,16.028854414062497,49.473140613042084,732.616572565316,2608.7683010050196,49.584693680483376,11.00881734440318,0.0,True,True
Agent_10,108,16.028854414062497,49.473140613042084,734.175159315741,2637.5613015167287,49.58495213142495,11.008849524788491,0.0,True,True
Agent_10,109,16.028854414062497,49.473140613042084,713.2830890226462,2649.197380534914,49.58506174506017,11.008564963445451,0.0,True,True
Agent_10,110,16.028854414062497,49.473140613042084,711.9156142663281,2660.5018521908446,49.58516369108323,11.008550229847922,0.0,True,True
Agent_10,111,16.028854414062497,49.473140613042084,708.6931535914869,2644.1820203348625,49.585017762824684,11.008499650589775,0.0,True,True
Agent_10,112,16.028854414062497,49.473140613042084,693.8864837739627,2614.3655598032155,49.58475329126911,11.00828392475321,0.0,True,True
Agent_10,113,16.028854414062497,49.473140613042084,689.3315970131014,2643.26170990159,49.58501413679436,11.00823161444761,0.0,True,True
Agent_10,114,16.028854414062497,49.473140613042084,693.7245867481982,2630.8186041745134,49.58490122933606,11.008287759608296,0.0,True,True
Agent_10,115,16.028854414062497,49.473140613042084,689.0463966820555,2639.902460627733,49.58498400837511,11.008226431254451,0.0,True,True
Agent_10,116,16.028854414062497,49.473140613042084,673.244771650513,2604.095144641379,49.58466592220538,11.007994739625207,0.0,True,True
Agent_10,117,16.028854414062497,49.473140613042084,677.3264841376803,2609.078428253902,49.58470973835293,11.008053012976431,0.0,True,True
Agent_10,118,16.028854414062497,49.473140613042084,681.8225061453877,2621.8234651658954,49.584823226775214,11.008119879552336,0.0,True,True
Agent_10,119,16.028854414062497,49.473140613042084,661.301245339586,2644.5790741072797,49.58503270502737,11.007844547770857,0.0,True,True
Agent_10,120,16.028854414062497,49.473140613042084,670.1886781965691,2653.910166774238,49.585114451311824,11.007970870959541,0.0,True,True
Agent_10,121,13.624526251953123,42.35829197006536,661.0226726068663,2640.7316732058043,49.584998186918625,11.007839276296686,0.0,True,True
Agent_10,122,13.624526251953123,42.35829197006536,636.6326061418472,2647.726667359355,49.58506691775632,11.007504635800199,0.0,True,True
Agent_10,123,13.624526251953123,42.35829197006536,629.2693984846081,2639.5540291001334,49.58499521886195,11.00739981514669,0.0,True,True
Agent_10,124,13.624526251953123,42.35829197006536,635.3952060487643,2625.885163154331,49.58487087751908,11.007479468142172,0.0,True,True
Agent_10,125,13.624526251953123,42.35829197006536,632.5558819627919,2624.3861627048923,49.58485808387469,11.007439658134064,0.0,True,True
Agent_10,126,13.624526251953123,42.35829197006536,639.0755150247594,2649.859528999796,49.5850855043651,11.007539198967896,0.0,True,True
Agent_10,127,13.624526251953123,42.35829197006536,641.7524093993713,2652.747560218668,49.58511082317874,11.00757727595325,0.0,True,True
Agent_10,128,13.624526251953123,42.35829197006536,652.7408846279321,2640.015512354455,49.584993736285796,11.007724506500786,0.0,True,True
Agent_10,129,13.624526251953123,42.35829197006536,661.8604731966465,2628.5030461547817,49.58488806066279,11.007846346926408,0.0,True,True
Agent_10,130,13.624526251953123,42.35829197006536,680.0154485896248,2619.468760395768,49.584802493570095,11.00809402583703,0.0,True,True
Agent_10,131,13.624526251953123,42.35829197006536,673.6831784246768,2619.3153497747253,49.58480263404455,11.008006418457633,0.0,True,True
Agent_10,132,13.624526251953123,42.35829197006536,663.9799486572729,2642.95665739017,49.585017478113315,11.00788098527411,0.0,True,True
Agent_10,133,13.624526251953123,42.35829197006536,658.1626396948012,2617.6047128311016,49.58479098090428,11.007791198236177,0.0,True,True
Agent_10,134,13.624526251953123,42.35829197006536,662.2084577964991,2630.2523872965917,49.58490370229667,11.007851803805103,0.0,True,True
Agent_10,135,13.624526251953123,42.35829197006536,693.5762324544987,2653.098938587851,49.58510154664733,11.008293932781314,0.0,True,True
Agent_10,136,11.580847314160154,36.31067062353515,719.0828022256934,2667.2909408214246,49.5852229990001,11.008651831503787,0.0,True,True
Agent_10,137,11.580847314160154,36.31067062353515,717.0124350914266,2661.916873585541,49.58517518756838,11.008621222041434,0.0,True,True
Agent_10,138,11.580847314160154,36.31067062353515,694.4261718408645,2673.963258554481,49.585288895572084,11.008313385995946,0.0,True,True
Agent_10,139,11.580847314160154,36.31067062353515,695.6480194394024,2638.4124930005682,49.584969030480835,11.008317156440768,0.0,True,True
Agent_10,140,11.580847314160154,36.31067062353515,696.3336351842804,2647.4931319600005,49.58505049333872,11.00832998788261,0.0,True,True
Agent_10,141,11.580847314160154,36.31067062353515,707.9038689353711,2663.829535882635,49.585194567092806,11.008495991043677,0.0,True,True
Agent_10,142,11.580847314160154,36.31067062353515,711.1298565695228,2670.422305772782,49.585253056307245,11.008543028209836,0.0,True,True
Agent_10,143,11.580847314160154,36.31067062353515,710.7193657217147,2670.7753226973414,49.58525632816284,11.008537482987943,0.0,True,True
Agent_10,144,11.580847314160154,36.31067062353515,690.7096581275537,2665.8611593150754,49.585216956365365,11.008259009797879,0.0,True,True
Agent_10,145,11.580847314160154,36.31067062353515,686.2093587987912,2634.144655733342,49.58493293132424,11.008185080606246,0.0,True,True
Agent_10,146,11.580847314160154,36.31067062353515,669.1106067662678,2610.3061061997137,49.58472274560993,11.007939872528704,0.0,True,True
Agent_10,147,11.580847314160154,36.31067062353515,675.1288837759498,2621.6350356428975,49.58482313918901,11.008027263108797,0.0,True,True
Agent_10,148,11.580847314160154,36.31067062353515,643.2857217880373,2624.8662855426596,49.58485982570613,11.007588187617603,0.0,True,True
Agent_10,149,11.580847314160154,36.31067062353515,652.7401571922748,2633.991615562064,49.58493958661053,11.007722273471195,0.0,True,True
Agent_10,150,11.580847314160154,36.31067062353515,657.5740293834683,2611.3331278614387,49.58473474576869,11.007780745611127,0.0,True,True
Agent_10,151,9.84372021703613,31.170192478984468,642.5859746052691,2612.629449990151,49.584749994537,11.007573997462936,0.0,True,True
Agent_10,152,9.84372021703613,31.170192478984468,642.9262090044934,2611.1725290032596,49.58473681639643,11.007578163984478,0.0,True,True
Agent_10,153,9.84372021703613,31.170192478984468,643.6506031052247,2610.9268652383803,49.5847344342951,11.0075880888878,0.0,True,True
Agent_10,154,9.84372021703613,31.170192478984468,652.6341787897134,2616.256135278439,49.58478018473509,11.007714263394222,0.0,True,True
Agent_10,155,9.84372021703613,31.170192478984468,659.610590873509,2636.5509292179854,49.58496094430108,11.007818209721968,0.0,True,True
Agent_10,156,9.84372021703613,31.170192478984468,657.2502589268589,2620.558586203753,49.58481775269101,11.007779673625459,0.0,True,True
Agent_10,157,9.84372021703613,31.170192478984468,663.8076094689,2608.7512538863202,49.58471004120136,11.007865978921874,0.0,True,True
Agent_10,158,9.84372021703613,31.170192478984468,649.6196124006232,2604.7874804275953,49.58467781426102,11.00766835155261,0.0,True,True
Agent_10,159,9.84372021703613,31.170192478984468,651.428002660492,2624.8299097157706,49.584857545266615,11.007700750543833,0.0,True,True
Agent_10,160,9.84372021703613,31.170192478984468,655.089472295379,2615.0643194947947,49.584768882211584,11.007747770766855,0.0,True,True
Agent_10,161,9.84372021703613,31.170192478984468,674.9895297979643,2628.324513137288,49.5848833054882,11.008027805333427,0.0,True,True
Agent_10,162,9.84372021703613,31.170192478984468,677.0814300338667,2629.156956953058,49.58489028649146,11.008057035498236,0.0,True,True
Agent_10,163,9.84372021703613,31.170192478984468,696.8078197836094,2624.8936231654484,49.58484722871887,11.008328201730261,0.0,True,True
Agent_10,164,9.84372021703613,31.170192478984468,694.0895815463091,2636.234925225509,49.58494982997006,11.008294805407068,0.0,True,True
Agent_10,165,9.84372021703613,31.170192478984468,671.754688537072,2637.2920940536433,49.58496469283615,11.007986389631093,0.0,True,True
Agent_10,166,8.36716218448071,26.800786056116387,679.3159045273355,2642.331138002289,49.585008175259205,11.008092792171274,0.0,True,True
Agent_10,167,8.36716218448071,26.800786056116387,678.5497501969458,2642.703601297847,49.585011707247844,11.008082336654779,0.0,True,True
Agent_10,168,8.36716218448071,26.800786056116387,688.9516222166078,2665.0779099628257,49.58521033751098,11.008234413655664,0.0,True,True
Agent_10,169,8.36716218448071,26.800786056116387,676.1104942491271,2660.4673781514116,49.585171974210425,11.00805516744239,0.0,True,True
Agent_10,170,8.36716218448071,26.800786056116387,660.367285938726,2651.7693704939365,49.58509756393185,11.007834288226292,0.0,True,True
Agent_10,171,8.36716218448071,26.800786056116387,653.5536707801348,2658.7708365087915,49.5851621361246,11.007742665505528,0.0,True,True
Agent_10,172,8.36716218448071,26.800786056116387,654.0615479241706,2657.9026163958697,49.585154209690494,11.007749367129495,0.0,True,True
Agent_10,173,8.36716218448071,26.800786056116387,642.0122117811534,2671.1476358507475,49.58527616231895,11.007587657719482,0.0,True,True
Agent_10,174,8.36716218448071,26.800786056116387,644.7613782174358,2691.249872380317,49.58545620524021,11.007633086412518,0.0,True,True
Agent_10,175,8.36716218448071,26.800786056116387,640.0775603484634,2676.3069106622947,49.58532300407164,11.007562812493916,0.0,True,True
Agent_10,176,8.36716218448071,26.800786056116387,637.6006503846801,2678.2758259153966,49.58534129721359,11.007529292571473,0.0,True,True
Agent_10,177,8.36716218448071,26.800786056116387,659.0999871809327,2679.825971390978,49.585350073613505,11.00782712049245,0.0,True,True
Agent_10,178,8.36716218448071,26.800786056116387,647.3445235361393,2688.5575991924256,49.58543138419088,11.007667808280814,0.0,True,True
Agent_10,179,8.36716218448071,26.800786056116387,642.0147623941106,2704.0015540113777,49.58557149125772,11.007599816333887,0.0,True,True
Agent_10,180,8.36716218448071,26.800786056116387,646.2723267221658,2713.581760556814,49.58565658793021,11.007662218200787,0.0,True,True
Agent_10,181,7.1120878568086034,23.086790596678522,646.2279340746854,2713.717879462477,49.58565782217715,11.007661654642677,0.0,True,True
Agent_10,182,7.1120878568086034,23.086790596678522,659.0369127503138,2723.3577530425696,49.58574140339328,11.007842313963394,0.0,True,True
Agent_10,183,7.1120878568086034,23.086790596678522,662.6151139167632,2733.688883853764,49.585833413123,11.007895600459108,0.0,True,True
Agent_10,184,7.1120878568086034,23.086790596678522,682.681969584808,2724.321836949438,49.58574439582189,11.00816959559556,0.0,True,True
Agent_10,185,7.1120878568086034,23.086790596678522,673.7661815842096,2729.5362540355877,49.585793408650716,11.008048247044032,0.0,True,True
Agent_10,186,7.1120878568086034,23.086790596678522,682.3103609127803,2733.82631974316,49.58582992240431,11.008167965861166,0.0,True,True
Agent_10,187,7.1120878568086034,23.086790596678522,689.892004848415,2717.704973078935,49.58568318540671,11.008266841831954,0.0,True,True
Agent_10,188,7.1120878568086034,23.086790596678522,691.5233400668135,2705.3043734090706,49.5855713228144,11.008284819749743,0.0,True,True
Agent_10,189,7.1120878568086034,23.086790596678522,685.7031960073327,2709.0988497670355,49.58560682877324,11.00820574908058,0.0,True,True
Agent_10,190,7.1120878568086034,23.086790596678522,690.4692541772749,2711.470594039843,49.58562700498588,11.008272521764326,0.0,True,True
Agent_10,191,7.1120878568086034,23.086790596678522,689.979224571272,2710.906321830023,49.58562205025077,11.008265538148605,0.0,True,True
Agent_10,192,7.1120878568086034,23.086790596678522,690.4958968217732,2708.978314366258,49.585604595069015,11.008271970147604,0.0,True,True
Agent_10,193,7.1120878568086034,23.086790596678522,673.4201974474041,2720.8573119254565,49.58571547518975,11.008040259978802,0.0,True,True
Agent_10,194,7.1120878568086034,23.086790596678522,682.600455877925,2722.427976325099,49.58572739114989,11.008167769498534,0.0,True,True
Agent_10,195,7.1120878568086034,23.086790596678522,682.5854379424592,2710.3974138913673,49.585619249990685,11.008163121181994,0.0,True,True
Agent_10,196,6.045274678287313,19.929894456156333,681.1805328617647,2709.8587169639163,49.58561474469887,11.00814349762673,0.0,True,True
Agent_10,197,6.045274678287313,19.929894456156333,684.782234931827,2716.2661879362277,49.58567147820449,11.008195661163576,0.0,True,True
Agent_10,198,6.045274678287313,19.929894456156333,687.4492409301483,2724.2928692735027,49.58574299135656,11.008235499053606,0.0,True,True
Agent_10,199,6.045274678287313,19.929894456156333,678.166633488507,2711.738685370126,49.585632367312286,11.00810252029076,0.0,True,True
Agent_10,200,6.045274678287313,19.929894456156333,672.716597739044,2712.585884618645,49.585641290761416,11.008027478830433,0.0,True,True
Agent_10,201,6.045274678287313,19.929894456156333,670.7377619379808,2713.43269601742,49.58564937773738,11.008000431275391,0.0,True,True
Agent_10,202,6.045274678287313,19.929894456156333,667.4358921463818,2705.137587163193,49.585575603895464,11.007951716891352,0.0,True,True
Agent_10,203,6.045274678287313,19.929894456156333,668.1042268113948,2707.316847752124,49.585595033270984,11.007961761832131,0.0,True,True
Agent_10,204,6.045274678287313,19.929894456156333,669.6055197852373,2721.9324907283567,49.58572605553126,11.007987913614528,0.0,True,True
Agent_10,205,6.045274678287313,19.929894456156333,672.4268591697991,2708.4259649251203,49.58560396606163,11.00802193741901,0.0,True,True
Agent_10,206,6.045274678287313,19.929894456156333,679.6773781739325,2695.6046409405176,49.58548697310944,11.008117453212355,0.0,True,True
Agent_10,207,6.045274678287313,19.929894456156333,696.5236349861474,2704.366418147874,49.585561691317814,11.00835360928035,0.0,True,True
Agent_10,208,6.045274678287313,19.929894456156333,697.8624747700593,2703.624427077364,49.5855547001099,11.00837184662219,0.0,True,True
Agent_10,209,6.045274678287313,19.929894456156333,700.2646038588508,2701.586981148833,49.58553580864079,11.008404307122412,0.0,True,True
Agent_10,210,6.045274678287313,19.929894456156333,707.2918173974329,2701.4049228854487,49.58553248546308,11.008501400473294,0.0,True,True
Agent_10,211,5.1384834765442156,17.246532736712474,709.6403337248277,2702.3243773195977,49.58554018689947,11.008534211274224,0.0,True,True
Agent_10,212,5.1384834765442156,17.246532736712474,712.0996652580347,2704.4015983797817,49.58555826908571,11.008568981687135,0.0,True,True
Agent_10,213,5.1384834765442156,17.246532736712474,726.2422777002961,2711.738275243786,49.585620824914294,11.008767231038465,0.0,True,True
Agent_10,214,5.1384834765442156,17.246532736712474,723.6098699683824,2705.1079990972326,49.58556185616596,11.008728386425897,0.0,True,True
Agent_10,215,5.1384834765442156,17.246532736712474,732.5924328662618,2691.7852207052665,49.58543993920269,11.008847663034159,0.0,True,True
Agent_10,216,5.1384834765442156,17.246532736712474,746.2649004126135,2694.430513544603,49.58546043580626,11.00903767946669,0.0,True,True
Agent_10,217,5.1384834765442156,17.246532736712474,746.5113857401675,2697.850325783829,49.585491117885205,11.00904235029654,0.0,True,True
Agent_10,218,5.1384834765442156,17.246532736712474,740.5774534414747,2698.40935684247,49.58549756771894,11.008960512327205,0.0,True,True
Agent_10,219,5.1384834765442156,17.246532736712474,738.4761515258537,2695.4363883677797,49.58547134767762,11.00893036128658,0.0,True,True
Agent_10,220,5.1384834765442156,17.246532736712474,745.5458495193761,2694.9545156395197,49.585465318778986,11.00902793115068,0.0,True,True
Agent_10,221,5.1384834765442156,17.246532736712474,739.7312905906334,2693.215980006848,49.58545108673683,11.008946895322676,0.0,True,True
Agent_10,222,5.1384834765442156,17.246532736712474,742.4687529834946,2687.6621689222206,49.58540050541669,11.008982693482238,0.0,True,True
Agent_10,223,5.1384834765442156,17.246532736712474,742.5344150708984,2687.424982267372,49.58539835754274,11.00898351376084,0.0,True,True
Agent_10,224,5.1384834765442156,17.246532736712474,737.5720032220364,2695.379283769507,49.58547105141333,11.008917839169046,0.0,True,True
Agent_10,225,5.1384834765442156,17.246532736712474,726.5202681215578,2690.4459774955662,49.58542935817742,11.008763212990935,0.0,True,True
Agent_10,226,4.3677109550625834,14.965675275185195,727.413810042681,2692.8875513386893,49.58545109139538,11.008776468856357,0.0,True,True
Agent_10,227,4.3677109550625834,14.965675275185195,732.6503900456012,2698.211884999053,49.58549769564105,11.008850837342752,0.0,True,True
Agent_10,228,4.3677109550625834,14.965675275185195,734.6488028346479,2691.0250201433323,49.58543261197765,11.008875814319172,0.0,True,True
Agent_10,229,4.3677109550625834,14.965675275185195,736.8707159459807,2690.9461935134727,49.58543136998755,11.008906506040272,0.0,True,True
Agent_10,230,4.3677109550625834,14.965675275185195,744.7919870496655,2691.692726040677,49.58543617900227,11.009016303539504,0.0,True,True
Agent_10,231,4.3677109550625834,14.965675275185195,734.3733059492121,2685.0050650430153,49.585378563739305,11.008869782396724,0.0,True,True
Agent_10,232,4.3677109550625834,14.965675275185195,736.3561235025675,2682.0285626094433,49.58535133146168,11.008896098325888,0.0,True,True
Agent_10,233,4.3677109550625834,14.965675275185195,739.4498660373266,2690.9570373175225,49.5854308482894,11.008942170134631,0.0,True,True
Agent_10,234,4.3677109550625834,14.965675275185195,734.9993995622378,2697.012061165414,49.58548634631614,11.008882872457137,0.0,True,True
Agent_10,235,4.3677109550625834,14.965675275185195,737.0430659406774,2693.5641590217474,49.58545486193749,11.008909855685113,0.0,True,True
Agent_10,236,4.3677109550625834,14.965675275185195,738.8758370990282,2695.441686096757,49.585471299347034,11.008935889417984,0.0,True,True
Agent_10,237,4.3677109550625834,14.965675275185195,737.9912231035656,2697.3242576203565,49.585488434463414,11.008924353618696,0.0,True,True
Agent_10,238,4.3677109550625834,14.965675275185195,750.3125807578434,2702.739815781712,49.5855341576983,11.009096712414387,0.0,True,True
Agent_10,239,4.3677109550625834,14.965675275185195,755.2093793354952,2688.7947943297895,49.58540762791717,11.009159267283307,0.0,True,True
Agent_10,240,4.3677109550625834,14.965675275185195,746.118697053556,2700.486722396364,49.58551491116692,11.009037894413273,0.0,True,True
Agent_10,241,3.7125543118031956,13.026946432887009,742.7210347307241,2702.637777610407,49.585535063069415,11.008991711564232,0.0,True,True
Agent_10,242,3.7125543118031956,13.026946432887009,741.8123307160602,2695.7114484010845,49.585473019311245,11.00897658989062,0.0,True,True
Agent_10,243,3.7125543118031956,13.026946432887009,738.5192401296109,2698.1806627963083,49.58549600607016,11.008931970377853,0.0,True,True
Agent_10,244,3.7125543118031956,13.026946432887009,738.0254767854938,2698.4013561569977,49.58549810845711,11.008925224942853,0.0,True,True
Agent_10,245,3.7125543118031956,13.026946432887009,738.2801992525946,2698.66720575937,49.58550043707195,11.008928844981689,0.0,True,True
Agent_10,246,3.7125543118031956,13.026946432887009,734.9312715557168,2702.859460075655,49.58553892590872,11.008884089625262,0.0,True,True
Agent_10,247,3.7125543118031956,13.026946432887009,736.1075895051929,2703.7294571462653,49.58554646406256,11.008900675026322,0.0,True,True
Agent_10,248,3.7125543118031956,13.026946432887009,738.6693417325572,2712.6941250317846,49.585626433946075,11.008939404916168,0.0,True,True
Agent_10,249,3.7125543118031956,13.026946432887009,728.6769130443777,2718.449773362675,49.58568057124207,11.008803371262811,0.0,True,True
Agent_10,250,3.7125543118031956,13.026946432887009,723.7319046380295,2711.0887981385513,49.58561558926958,11.008732281941612,0.0,True,True
Agent_10,251,3.7125543118031956,13.026946432887009,728.2103828645102,2712.7843157537986,49.58562975549672,11.008794828979573,0.0,True,True
Agent_10,252,3.7125543118031956,13.026946432887009,728.1018466865597,2712.766866599596,49.585629624697965,11.00879332187737,0.0,True,True
Agent_10,253,3.7125543118031956,13.026946432887009,725.7137533835913,2722.510329836337,49.58571778357473,11.008763900793824,0.0,True,True
Agent_10,254,3.7125543118031956,13.026946432887009,717.2100956902364,2713.4698596156545,49.58563855853438,11.00864298822717,0.0,True,True
Agent_10,255,3.7125543118031956,13.026946432887009,715.7424655850003,2711.9532886406982,49.585625278107734,11.008622136333384,0.0,True,True
Agent_10,256,3.1556711650327163,11.379026916933547,713.379756093483,2719.0102417697053,49.58568928136408,11.008592074062808,0.0,True,True
Agent_10,257,3.1556711650327163,11.379026916933547,715.0203113946711,2720.921407048823,49.58570606736198,11.008615462588757,0.0,True,True
Agent_10,258,3.1556711650327163,11.379026916933547,714.8947586609572,2722.327802055509,49.58571873981817,11.008614245889035,0.0,True,True
Agent_10,259,3.1556711650327163,11.379026916933547,711.6455543774928,2723.2587425885126,49.58572788810675,11.00856966485292,0.0,True,True
Agent_10,260,3.1556711650327163,11.379026916933547,719.179813951526,2719.0031447012907,49.585687825348344,11.008672265190409,0.0,True,True
Agent_10,261,3.1556711650327163,11.379026916933547,726.169951574044,2725.052280558374,49.58574052408049,11.00877114692137,0.0,True,True
Agent_10,262,3.1556711650327163,11.379026916933547,719.222255387294,2724.0244815080155,49.585732952793315,11.008674705928527,0.0,True,True
Agent_10,263,3.1556711650327163,11.379026916933547,720.3411787454326,2723.449894452808,49.5857275191466,11.00868996444568,0.0,True,True
Agent_10,264,3.1556711650327163,11.379026916933547,718.2017794048991,2727.394312938033,49.585763489723966,11.00866184060608,0.0,True,True
Agent_10,265,3.1556711650327163,11.379026916933547,708.0634568609223,2732.401242713184,49.58581093136267,11.008523512656371,0.0,True,True
Agent_10,266,3.1556711650327163,11.379026916933547,699.7794201000878,2734.8990919105568,49.585835373249395,11.008409896308825,0.0,True,True
Agent_10,267,3.1556711650327163,11.379026916933547,697.4337745472939,2734.6701747498137,49.58583387844686,11.008377379936126,0.0,True,True
Agent_10,268,3.1556711650327163,11.379026916933547,697.6162362759426,2731.6638976402946,49.585806810725174,11.00837879293857,0.0,True,True
Agent_10,269,3.1556711650327163,11.379026916933547,698.8578075283676,2731.19814594232,49.58580232601977,11.008395787469592,0.0,True,True
Agent_10,270,3.1556711650327163,11.379026916933547,696.3816902955302,2740.396276204264,49.58588560383972,11.008364947202393,0.0,True,True
Agent_10,271,2.682320490277809,9.978295328373108,699.1067879243834,2736.0340059310447,49.58584573661959,11.008401015184525,0.0,True,True
Agent_10,272,2.682320490277809,9.978295328373108,699.3055271802233,2735.3833243880067,49.58583983983491,11.008403522829408,0.0,True,True
Agent_10,273,2.682320490277809,9.978295328373108,696.020566378759,2735.3358228705347,49.58584020124569,11.008358086061701,0.0,True,True
Agent_10,274,2.682320490277809,9.978295328373108,701.252663258117,2736.762244651444,49.5858517678478,11.008430953792386,0.0,True,True
Agent_10,275,2.682320490277809,9.978295328373108,708.4807225710679,2732.464727322288,49.58581140188299,11.008529305378943,0.0,True,True
Agent_10,276,2.682320490277809,9.978295328373108,707.2335051124006,2731.6863405253107,49.58580470419413,11.008511773478016,0.0,True,True
Agent_10,277,2.682320490277809,9.978295328373108,702.1186591757122,2723.6686294966894,49.585733859295985,11.008438093669122,0.0,True,True
Agent_10,278,2.682320490277809,9.978295328373108,694.4108984573103,2722.820836829484,49.58572808825363,11.008331210237868,0.0,True,True
Agent_10,279,2.682320490277809,9.978295328373108,688.0772438552309,2720.102000221477,49.58570516821343,11.008242635086756,0.0,True,True
Agent_10,280,2.682320490277809,9.978295328373108,684.9154378561716,2721.733902213367,49.585720596446464,11.00819952113201,0.0,True,True
Agent_10,281,2.682320490277809,9.978295328373108,691.7170468165672,2717.7718829137166,49.585683348872806,11.008292100239691,0.0,True,True
Agent_10,282,2.682320490277809,9.978295328373108,692.0253987983893,2716.9506457070784,49.58567589263014,11.008296060477225,0.0,True,True
Agent_10,283,2.682320490277809,9.978295328373108,694.231588038499,2716.6309703467086,49.585672489535696,11.008326446057854,0.0,True,True
Agent_10,284,2.682320490277809,9.978295328373108,693.4212581446611,2716.661238544069,49.585672956099266,11.008315253311483,0.0,True,True
Agent_10,285,2.682320490277809,9.978295328373108,687.3570047396879,2721.2583728648597,49.58571573589142,11.00823310363874,0.0,True,True
Agent_10,286,2.2799724167361375,8.787673478096734,685.3907470423953,2721.224195295523,49.58571590053813,11.008205904793792,0.0,True,True
Agent_10,287,2.2799724167361375,8.787673478096734,688.7064016956125,2721.6427290169554,49.58571886709346,11.008251902793853,0.0,True,True
Agent_10,288,2.2799724167361375,8.787673478096734,683.1931064919933,2727.786149294106,49.58577541444858,11.00817794151832,0.0,True,True
Agent_10,289,2.2799724167361375,8.787673478096734,681.620568981704,2721.668053710052,49.58572079522931,11.008153940706222,0.0,True,True
Agent_10,290,2.2799724167361375,8.787673478096734,680.9769012938578,2722.29023994661,49.585726542632756,11.008145270766873,0.0,True,True
Agent_10,291,2.2799724167361375,8.787673478096734,682.6394872937426,2730.826925406204,49.58580288135744,11.008171409365222,0.0,True,True
Agent_10,292,2.2799724167361375,8.787673478096734,682.2918703795594,2737.591996315183,49.585863777145065,11.008169100185407,0.0,True,True
Agent_10,293,2.2799724167361375,8.787673478096734,681.8283799257349,2741.955038609958,49.58590310849836,11.008164302249037,0.0,True,True
Agent_10,294,2.2799724167361375,8.787673478096734,686.3639451534187,2743.518657839181,49.58591607567233,11.008227590124037,0.0,True,True
Agent_10,295,2.2799724167361375,8.787673478096734,693.5825093698626,2746.06343995227,49.58593721873581,11.008328336554273,0.0,True,True
Agent_10,296,2.2799724167361375,8.787673478096734,693.2023404348479,2748.5121357702496,49.585959321714455,11.008323984102773,0.0,True,True
Agent_10,297,2.2799724167361375,8.787673478096734,690.7737110042134,2742.5711856044977,49.58590650037871,11.008288211725109,0.0,True,True
Agent_10,298,2.2799724167361375,8.787673478096734,688.1376789028409,2743.119787091228,49.58591206447885,11.008251967306384,0.0,True,True
Agent_10,299,2.2799724167361375,8.787673478096734,687.0033179110566,2736.006293201094,49.585848392317615,11.008233657321378,0.0,True,True
Agent_10,300,2.2799724167361375,8.787673478096734,681.9772341527879,2741.6530690228105,49.585900358320615,11.008166248909571,0.0,True,True
Agent_10,301,1.9379765542257168,7.7756449053618155,683.986592479978,2748.202998866163,49.585958754535525,11.008196448911319,0.0,True,True
Agent_10,302,1.9379765542257168,7.7756449053618155,678.0106449265895,2748.4273333813067,49.58596220522036,11.008113905569886,0.0,True,True
Agent_10,303,1.9379765542257168,7.7756449053618155,679.8019897074855,2747.1579284604272,49.58595036444534,11.008138204956273,0.0,True,True
Agent_10,304,1.9379765542257168,7.7756449053618155,679.3858234619968,2746.7682378772442,49.58594696132109,11.008132307015039,0.0,True,True
Agent_10,305,1.9379765542257168,7.7756449053618155,674.8489358004844,2743.3775028717155,49.58591757015917,11.008068326447802,0.0,True,True
Agent_10,306,1.9379765542257168,7.7756449053618155,674.3676691431363,2742.845785409146,49.58591290594955,11.008061475986354,0.0,True,True
Agent_10,307,1.9379765542257168,7.7756449053618155,672.0811159156543,2741.145178678763,49.58589816760223,11.008029233414318,0.0,True,True
Agent_10,308,1.9379765542257168,7.7756449053618155,669.9689843740388,2742.313932520676,49.58590918056112,11.0080004615389,0.0,True,True
Agent_10,309,1.9379765542257168,7.7756449053618155,673.673189473586,2737.6434015510636,49.585866307490924,11.008049953617546,0.0,True,True
Agent_10,310,1.9379765542257168,7.7756449053618155,673.8473269742786,2738.5212789356656,49.58587415709251,11.008052685339342,0.0,True,True
Agent_10,311,1.9379765542257168,7.7756449053618155,674.0592065242017,2740.2658888671376,49.58588978884305,11.008056258809683,0.0,True,True
Agent_10,312,1.9379765542257168,7.7756449053618155,671.5340288195332,2743.0229498429285,49.58591517848704,11.008022362221892,0.0,True,True
Agent_10,313,1.9379765542257168,7.7756449053618155,671.3310397586437,2741.3819370204014,49.58590047585405,11.008018949920896,0.0,True,True
Agent_10,314,1.9379765542257168,7.7756449053618155,669.578653503403,2743.4832467023666,49.58591978538894,11.007995496232976,0.0,True,True
Agent_10,315,1.9379765542257168,7.7756449053618155,668.0040658530168,2743.1045115963975,49.585916758710866,11.007973585504345,0.0,True,True
Agent_10,316,1.6472800710918591,6.9154206185371345,665.1545717039104,2743.806266583697,49.58592375065671,11.007934446144029,0.0,True,True
Agent_10,317,1.6472800710918591,6.9154206185371345,670.5899454420467,2741.350141547665,49.58590036787379,11.008008691492746,0.0,True,True
Agent_10,318,1.6472800710918591,6.9154206185371345,673.2379099392584,2739.8150945915872,49.58588593366056,11.00804473682153,0.0,True,True
Agent_10,319,1.6472800710918591,6.9154206185371345,669.9948778911424,2735.681431850783,49.585849553671956,11.007998371576234,0.0,True,True
Agent_10,320,1.6472800710918591,6.9154206185371345,674.9941809599507,2735.4469819742417,49.58584624650775,11.008067407508321,0.0,True,True
Agent_10,321,1.6472800710918591,6.9154206185371345,673.5361895725796,2734.670082672188,49.585839612698244,11.008046961956536,0.0,True,True
Agent_10,322,1.6472800710918591,6.9154206185371345,674.304202366025,2728.9146684682587,49.585787692005596,11.008055456511608,0.0,True,True
Agent_10,323,1.6472800710918591,6.9154206185371345,671.1266210566885,2730.1513825451716,49.58579957154446,11.008011978448167,0.0,True,True
Agent_10,324,1.6472800710918591,6.9154206185371345,669.9885994667204,2730.0358008698922,49.585798805641616,11.00799620103878,0.0,True,True
Agent_10,325,1.6472800710918591,6.9154206185371345,665.2759884182923,2734.380848000485,49.58583899482955,11.00793264620712,0.0,True,True
Agent_10,326,1.6472800710918591,6.9154206185371345,664.4749475167991,2740.917014480026,49.58589794175485,11.007923983008896,0.0,True,True
Agent_10,327,1.6472800710918591,6.9154206185371345,664.4496333051056,2741.900154863285,49.585906785445395,11.007923995855709,0.0,True,True
Agent_10,328,1.6472800710918591,6.9154206185371345,660.9158100671573,2742.32526525504,49.585911454771235,11.007875292560342,0.0,True,True
Agent_10,329,1.6472800710918591,6.9154206185371345,662.1657349571393,2741.1256808948897,49.585900371587464,11.007892131842139,0.0,True,True
Agent_10,330,1.6472800710918591,6.9154206185371345,662.7761516848793,2741.1425841724567,49.5859003770655,11.0079005779687,0.0,True,True
Agent_10,331,1.4001880604280803,6.184229974736156,663.8263776652987,2735.2004489279584,49.58584671019778,11.007912905773175,0.0,True,True
Agent_10,332,1.4001880604280803,6.184229974736156,660.5810030017961,2731.7694495095284,49.58581664707711,11.007866767599458,0.0,True,True
Agent_10,333,1.4001880604280803,6.184229974736156,660.5533167210618,2731.7787236859886,49.58581673708744,11.007866388220261,0.0,True,True
Agent_10,334,1.4001880604280803,6.184229974736156,657.6100949718984,2733.88462283922,49.585836373577266,11.007826471213859,0.0,True,True
Agent_10,335,1.4001880604280803,6.184229974736156,657.1565310374577,2737.8073294658952,49.585871744285605,11.007821647743558,0.0,True,True
Agent_10,336,1.4001880604280803,6.184229974736156,654.791421788997,2736.2807496069668,49.58585858907579,11.007788383344847,0.0,True,True
Agent_10,337,1.4001880604280803,6.184229974736156,656.907749143348,2735.590699990737,49.58585187831673,11.007817389921115,0.0,True,True
Agent_10,338,1.4001880604280803,6.184229974736156,657.1358609865945,2732.0771263115416,49.585820239469214,11.007819247191419,0.0,True,True
Agent_10,339,1.4001880604280803,6.184229974736156,655.4298415196427,2727.649720712672,49.58578085010003,11.007794025126884,0.0,True,True
Agent_10,340,1.4001880604280803,6.184229974736156,653.7876169870632,2727.189036994862,49.585777102960996,11.007771149054596,0.0,True,True
Agent_10,341,1.4001880604280803,6.184229974736156,649.7213243734553,2724.2838445570655,49.58575196331078,11.007713854738423,0.0,True,True
Agent_10,342,1.4001880604280803,6.184229974736156,647.3800246507291,2726.0171587948157,49.585768106104304,11.007682122642684,0.0,True,True
Agent_10,343,1.4001880604280803,6.184229974736156,652.1283142969367,2724.929355995723,49.58575718841985,11.007747372953476,0.0,True,True
Agent_10,344,1.4001880604280803,6.184229974736156,651.4435886200223,2724.9975668362567,49.58575796586458,11.007737930836669,0.0,True,True
Agent_10,345,1.4001880604280803,6.184229974736156,652.9799338031752,2727.6956443857553,49.58578185073086,11.007760168661488,0.0,True,True
Agent_10,346,1.1901598513638683,5.562717927505324,656.3468022143921,2728.6874419494957,49.58578995834166,11.007807086368029,0.0,True,True
Agent_10,347,1.1901598513638683,5.562717927505324,655.9132049013915,2731.4308534173097,49.585814723372856,11.007802103733798,0.0,True,True
Agent_10,348,1.1901598513638683,5.562717927505324,658.018406174252,2735.4129160043367,49.58585001369558,11.007832680722892,0.0,True,True
Agent_10,349,1.1901598513638683,5.562717927505324,657.8624068202863,2735.536766827005,49.585851164442325,11.00783056951786,0.0,True,True
Agent_10,350,1.1901598513638683,5.562717927505324,662.6654343605547,2736.5370987772985,49.58585900413848,11.007897347398094,0.0,True,True
Agent_10,351,1.1901598513638683,5.562717927505324,662.76244477942,2732.5497983569794,49.58582313833741,11.007897217116241,0.0,True,True
Agent_10,352,1.1901598513638683,5.562717927505324,660.3124500823345,2728.0936169864035,49.58578366882834,11.007861697865906,0.0,True,True
Agent_10,353,1.1901598513638683,5.562717927505324,660.3898357823144,2728.367901029049,49.58578611584624,11.007862869059611,0.0,True,True
Agent_10,354,1.1901598513638683,5.562717927505324,664.1810575489312,2724.7967731351273,49.585753104676314,11.00791397002334,0.0,True,True
Agent_10,355,1.1901598513638683,5.562717927505324,660.9587928954411,2723.663301461353,49.58574368887895,11.00786899939766,0.0,True,True
Agent_10,356,1.1901598513638683,5.562717927505324,658.9661770024603,2722.710930504662,49.58573560596728,11.007841097228656,0.0,True,True
Agent_10,357,1.1901598513638683,5.562717927505324,660.7634274589936,2721.7680463891897,49.58572669898401,11.00786559873228,0.0,True,True
Agent_10,358,1.1901598513638683,5.562717927505324,659.3463524094453,2723.0784961304353,49.58573881885774,11.007846489335325,0.0,True,True
Agent_10,359,1.1901598513638683,5.562717927505324,660.6427558154786,2726.7368466377307,49.58577139333301,11.007865764073484,0.0,True,True
Agent_10,360,1.1901598513638683,5.562717927505324,662.1974203701296,2728.1519627720672,49.58578374101894,11.00788778175927,0.0,True,True
Agent_10,361,1.011635873659288,5.034432687359118,662.4725772061865,2730.884566391717,49.5858082388362,11.007892594703536,0.0,True,True
Agent_10,362,1.011635873659288,5.034432687359118,660.8364032695533,2730.718457281713,49.58580713824659,11.00786991098613,0.0,True,True
Agent_10,363,1.011635873659288,5.034432687359118,655.9771931841402,2730.430823961067,49.5858057185838,11.007802619400206,0.0,True,True
Agent_10,364,1.011635873659288,5.034432687359118,654.716089339115,2730.793951851295,49.58580928538635,11.00778531687224,0.0,True,True
Agent_10,365,1.011635873659288,5.034432687359118,657.0508413544894,2732.0441526622208,49.585819963462924,11.007818059505691,0.0,True,True
Agent_10,366,1.011635873659288,5.034432687359118,656.3278666579552,2729.695286932423,49.58579902257603,11.00780719650426,0.0,True,True
Agent_10,367,1.011635873659288,5.034432687359118,656.6010073780253,2730.3138658071334,49.585804517550706,11.007811201347554,0.0,True,True
Agent_10,368,1.011635873659288,5.034432687359118,656.3163125647964,2731.3798488420193,49.58581416816356,11.00780765844348,0.0,True,True
Agent_10,369,1.011635873659288,5.034432687359118,653.6430856183301,2733.050027389725,49.58582982308563,11.007771313675342,0.0,True,True
Agent_10,370,1.011635873659288,5.034432687359118,650.4379127421997,2732.2245285712606,49.58582317155353,11.007726692975968,0.0,True,True
Agent_10,371,1.011635873659288,5.034432687359118,649.4327222037961,2730.449943662378,49.585807460677394,11.007712139910026,0.0,True,True
Agent_10,372,1.011635873659288,5.034432687359118,650.0533177781764,2725.5590763201767,49.58576334693414,11.007718915615866,0.0,True,True
Agent_10,373,1.011635873659288,5.034432687359118,650.0151506537215,2725.499117697372,49.58576281711309,11.007718365775135,0.0,True,True
Agent_10,374,1.011635873659288,5.034432687359118,649.6308831021705,2725.2621369702742,49.58576077904848,11.00771296528466,0.0,True,True
Agent_10,375,1.011635873659288,5.034432687359118,647.134407259559,2724.4337169889486,49.58575393120271,11.007678142304352,0.0,True,True
