snapshot_no,time,vehicle_id,x,y
1,10.0,0,645164.94,5493349.93
1,10.0,1,646514.76,5493438.03
1,10.0,10,646504.57,5493811.67
1,10.0,11,644894.23,5493566.32
1,10.0,12,644812.59,5493339.81
1,10.0,13,645751.84,5493560.76
1,10.0,14,646307.82,5493701.59
1,10.0,15,646169.29,5493598.15
1,10.0,16,646120.48,5493674.4
1,10.0,17,644643.08,5493511.47
1,10.0,18,645185.3,5493869.33
1,10.0,19,644978.19,5493902.18
1,10.0,2,644835.59,5493517.94
1,10.0,20,646317.76,5493553.93
1,10.0,22,646402.9,5493335.98
1,10.0,24,645174.66,5494033.55
1,10.0,25,646331.06,5493370.64
1,10.0,26,646327.8,5493354.35
1,10.0,27,645517.62,5493559.33
1,10.0,28,646289.04,5493856.86
1,10.0,29,646298.29,5493688.86
1,10.0,3,646360.91,5493452.05
1,10.0,30,645368.79,5494025.04
1,10.0,31,645185.37,5493764.12
1,10.0,32,644748.8,5493466.36
1,10.0,33,646882.26,5492708.13
1,10.0,34,646348.5,5493773.63
1,10.0,35,646336.76,5493424.14
1,10.0,36,644853.25,5493491.97
1,10.0,37,646288.16,5493264.1
1,10.0,38,645992.98,5493099.88
1,10.0,39,645736.34,5493310.33
1,10.0,4,646274.25,5493239.93
1,10.0,40,646026.69,5493766.86
1,10.0,41,645744.21,5493205.99
1,10.0,42,645732.72,5493295.17
1,10.0,43,645097.51,5493842.64
1,10.0,44,646512.73,5493780.37
1,10.0,45,644677.0,5493607.09
1,10.0,46,645347.27,5493660.39
1,10.0,47,644721.96,5493509.37
1,10.0,48,645640.51,5493670.18
1,10.0,5,644837.44,5493565.5
1,10.0,6,645788.25,5493653.61
1,10.0,7,646473.07,5493307.28
1,10.0,8,645734.41,5493162.7
1,10.0,9,646023.14,5493789.39
2,12.0,0,645124.34,5493368.73
2,12.0,1,646489.45,5493443.78
2,12.0,10,646503.76,5493804.64
2,12.0,11,644901.09,5493586.54
2,12.0,12,644822.59,5493366.07
2,12.0,13,645741.03,5493556.9
2,12.0,14,646280.56,5493699.27
2,12.0,15,646174.63,5493573.13
2,12.0,16,646096.54,5493670.33
2,12.0,17,644657.02,5493511.5
2,12.0,18,645184.62,5493894.74
2,12.0,19,644975.06,5493870.27
2,12.0,2,644853.05,5493557.08
2,12.0,20,646320.84,5493537.4
2,12.0,22,646410.38,5493350.91
2,12.0,24,645177.04,5494007.04
2,12.0,25,646332.61,5493385.24
2,12.0,26,646330.74,5493367.66
2,12.0,27,645513.45,5493583.07
2,12.0,28,646285.31,5493842.6
2,12.0,29,646295.69,5493684.68
2,12.0,3,646344.15,5493451.45
2,12.0,30,645381.82,5494022.88
2,12.0,31,645185.24,5493789.86
2,12.0,32,644714.66,5493487.01
2,12.0,33,646879.12,5492721.97
2,12.0,34,646350.84,5493745.96
2,12.0,35,646338.71,5493440.78
2,12.0,36,644870.05,5493495.1
2,12.0,37,646280.11,5493249.64
2,12.0,38,645977.31,5493109.0
2,12.0,39,645735.28,5493342.94
2,12.0,4,646262.48,5493253.19
2,12.0,40,646026.06,5493736.37
2,12.0,41,645736.58,5493226.81
2,12.0,42,645736.34,5493280.09
2,12.0,43,645123.95,5493842.42
2,12.0,44,646521.36,5493764.49
2,12.0,45,644692.0,5493600.64
2,12.0,46,645338.82,5493687.81
2,12.0,47,644713.39,5493492.07
2,12.0,48,645621.56,5493690.21
2,12.0,5,644841.37,5493539.08
2,12.0,6,645772.19,5493652.18
2,12.0,7,646490.26,5493324.72
2,12.0,8,645734.97,5493178.19
2,12.0,9,646027.01,5493781.99
3,14.0,0,645081.74,5493388.61
3,14.0,1,646463.9,5493448.07
3,14.0,10,646510.01,5493787.72
3,14.0,11,644912.35,5493592.41
3,14.0,12,644833.1,5493393.03
3,14.0,13,645736.66,5493531.22
3,14.0,14,646253.36,5493695.66
3,14.0,15,646178.29,5493556.08
3,14.0,16,646072.64,5493666.27
3,14.0,17,644666.87,5493531.22
3,14.0,18,645183.64,5493920.58
3,14.0,19,644970.81,5493838.51
3,14.0,2,644818.1,5493577.98
3,14.0,20,646323.47,5493520.77
3,14.0,22,646415.79,5493366.62
3,14.0,24,645177.7,5493990.25
3,14.0,25,646334.16,5493399.85
3,14.0,26,646332.18,5493381.2
3,14.0,27,645509.42,5493606.8
3,14.0,28,646283.56,5493827.58
3,14.0,29,646298.05,5493669.19
3,14.0,3,646359.37,5493448.81
3,14.0,30,645394.8,5494001.24
3,14.0,31,645185.04,5493815.61
3,14.0,32,644736.57,5493531.71
3,14.0,33,646866.31,5492706.86
3,14.0,34,646353.03,5493719.97
3,14.0,35,646338.32,5493458.13
3,14.0,36,644878.52,5493520.05
3,14.0,37,646269.65,5493245.02
3,14.0,38,645953.02,5493119.29
3,14.0,39,645734.97,5493375.57
3,14.0,4,646251.24,5493266.01
3,14.0,40,646025.2,5493705.89
3,14.0,41,645737.08,5493251.68
3,14.0,42,645736.67,5493300.44
3,14.0,43,645150.42,5493842.21
3,14.0,44,646530.04,5493748.67
3,14.0,45,644706.91,5493611.8
3,14.0,46,645329.14,5493714.96
3,14.0,47,644716.84,5493477.6
3,14.0,48,645602.61,5493710.24
3,14.0,5,644831.52,5493505.35
3,14.0,6,645763.84,5493629.63
3,14.0,7,646508.15,5493341.41
3,14.0,8,645735.52,5493193.62
3,14.0,9,646026.64,5493764.63
4,16.0,0,645039.01,5493408.15
4,16.0,1,646438.22,5493451.72
4,16.0,10,646517.57,5493771.4
4,16.0,11,644934.59,5493581.68
4,16.0,12,644843.62,5493420.02
4,16.0,13,645731.64,5493500.66
4,16.0,14,646226.17,5493692.1
4,16.0,15,646178.11,5493572.11
4,16.0,16,646048.76,5493662.06
4,16.0,17,644679.78,5493558.41
4,16.0,18,645182.62,5493946.43
4,16.0,19,644966.55,5493806.73
4,16.0,2,644786.65,5493592.55
4,16.0,20,646326.42,5493504.18
4,16.0,22,646420.19,5493382.73
4,16.0,24,645193.62,5493982.69
4,16.0,25,646335.71,5493414.46
4,16.0,26,646333.62,5493394.74
4,16.0,27,645505.23,5493630.55
4,16.0,28,646283.74,5493812.46
4,16.0,29,646300.42,5493653.68
4,16.0,3,646386.5,5493449.54
4,16.0,30,645410.57,5493974.64
4,16.0,31,645185.99,5493841.32
4,16.0,32,644754.36,5493567.69
4,16.0,33,646839.45,5492700.35
4,16.0,34,646352.99,5493704.62
4,16.0,35,646334.79,5493477.21
4,16.0,36,644887.36,5493546.09
4,16.0,37,646258.53,5493257.69
4,16.0,38,645928.25,5493129.78
4,16.0,39,645735.56,5493408.18
4,16.0,4,646240.0,5493278.82
4,16.0,40,646024.75,5493675.36
4,16.0,41,645737.34,5493276.38
4,16.0,42,645735.77,5493327.96
4,16.0,43,645172.13,5493842.04
4,16.0,44,646538.74,5493732.81
4,16.0,45,644732.3,5493612.87
4,16.0,46,645316.85,5493741.04
4,16.0,47,644739.76,5493467.01
4,16.0,48,645583.68,5493730.26
4,16.0,5,644848.48,5493493.89
4,16.0,6,645754.42,5493602.08
4,16.0,7,646526.88,5493357.19
4,16.0,8,645736.07,5493209.91
4,16.0,9,646026.16,5493741.34
5,18.0,0,644996.3,5493427.69
5,18.0,1,646412.39,5493453.43
5,18.0,10,646526.24,5493755.6
5,18.0,11,644963.56,5493567.8
5,18.0,12,644853.78,5493447.11
5,18.0,13,645716.96,5493476.58
5,18.0,14,646199.1,5493687.88
5,18.0,15,646172.78,5493597.11
5,18.0,16,646032.52,5493659.43
5,18.0,17,644696.08,5493592.75
5,18.0,18,645181.65,5493969.55
5,18.0,19,644960.54,5493775.33
5,18.0,2,644771.25,5493598.82
5,18.0,20,646329.61,5493487.65
5,18.0,22,646423.62,5493399.04
5,18.0,24,645220.09,5493983.33
5,18.0,25,646337.3,5493428.82
5,18.0,26,646335.06,5493408.29
5,18.0,27,645499.52,5493654.01
5,18.0,28,646283.93,5493797.34
5,18.0,29,646302.79,5493638.19
5,18.0,3,646411.38,5493450.2
5,18.0,30,645426.87,5493947.92
5,18.0,31,645185.37,5493867.06
5,18.0,32,644764.19,5493587.56
5,18.0,33,646803.54,5492701.56
5,18.0,34,646331.95,5493702.37
5,18.0,35,646331.21,5493496.28
5,18.0,36,644896.2,5493572.12
5,18.0,37,646247.41,5493270.37
5,18.0,38,645903.48,5493140.26
5,18.0,39,645737.48,5493430.52
5,18.0,4,646228.77,5493291.6
5,18.0,40,646009.16,5493657.01
5,18.0,41,645736.65,5493300.98
5,18.0,42,645734.83,5493356.44
5,18.0,43,645169.83,5493845.26
5,18.0,44,646527.59,5493721.63
5,18.0,45,644765.49,5493598.66
5,18.0,46,645305.68,5493767.66
5,18.0,47,644770.16,5493452.96
5,18.0,48,645564.73,5493750.29
5,18.0,5,644864.9,5493490.19
5,18.0,6,645747.72,5493574.14
5,18.0,7,646545.07,5493373.56
5,18.0,8,645736.74,5493232.81
5,18.0,9,646025.38,5493717.68
6,20.0,0,644953.58,5493447.22
6,20.0,1,646386.46,5493452.74
6,20.0,10,646534.93,5493739.75
6,20.0,11,644995.34,5493555.55
6,20.0,12,644863.08,5493474.54
6,20.0,13,645704.72,5493466.22
6,20.0,14,646172.1,5493683.32
6,20.0,15,646167.43,5493622.16
6,20.0,16,646012.78,5493657.29
6,20.0,17,644723.89,5493616.41
6,20.0,18,645186.68,5493982.52
6,20.0,19,644952.21,5493744.36
6,20.0,2,644769.6,5493598.64
6,20.0,20,646332.67,5493471.1
6,20.0,22,646426.41,5493415.55
6,20.0,24,645247.04,5493983.98
6,20.0,25,646338.85,5493441.9
6,20.0,26,646336.34,5493420.36
6,20.0,27,645491.13,5493676.58
6,20.0,28,646284.11,5493782.41
6,20.0,29,646305.15,5493622.7
6,20.0,3,646411.12,5493453.4
6,20.0,30,645443.26,5493921.22
6,20.0,31,645184.67,5493892.79
6,20.0,32,644775.38,5493594.25
6,20.0,33,646760.0,5492703.03
6,20.0,34,646304.54,5493701.48
6,20.0,35,646327.58,5493515.34
6,20.0,36,644902.08,5493589.43
6,20.0,37,646236.29,5493283.04
6,20.0,38,645878.72,5493150.75
6,20.0,39,645738.99,5493446.72
6,20.0,4,646217.55,5493304.4
6,20.0,40,645978.75,5493654.89
6,20.0,41,645735.83,5493325.91
6,20.0,42,645735.14,5493384.93
6,20.0,43,645145.22,5493845.45
6,20.0,44,646499.99,5493714.88
6,20.0,45,644805.13,5493580.47
6,20.0,46,645297.79,5493795.34
6,20.0,47,644799.05,5493439.61
6,20.0,48,645545.77,5493770.32
6,20.0,5,644874.97,5493509.6
6,20.0,6,645742.29,5493545.81
6,20.0,7,646563.26,5493389.95
6,20.0,8,645737.17,5493258.71
6,20.0,9,646025.03,5493694.01
7,22.0,0,644912.07,5493464.63
7,22.0,1,646360.56,5493452.04
7,22.0,10,646537.57,5493724.18
7,22.0,11,645027.5,5493544.13
7,22.0,12,644872.38,5493501.97
7,22.0,13,645684.7,5493466.54
7,22.0,14,646145.12,5493678.52
7,22.0,15,646162.38,5493647.26
7,22.0,16,645988.56,5493655.51
7,22.0,17,644757.88,5493601.98
7,22.0,18,645210.21,5493983.09
7,22.0,19,644941.51,5493714.13
7,22.0,2,644769.6,5493598.64
7,22.0,20,646335.25,5493457.12
7,22.0,22,646426.67,5493432.15
7,22.0,24,645274.0,5493984.66
7,22.0,25,646339.04,5493443.4
7,22.0,26,646336.46,5493421.48
7,22.0,27,645482.3,5493699.04
7,22.0,28,646275.66,5493771.02
7,22.0,29,646307.74,5493607.24
7,22.0,3,646388.07,5493452.78
7,22.0,30,645459.64,5493894.54
7,22.0,31,645183.73,5493918.52
7,22.0,32,644796.7,5493584.37
7,22.0,33,646709.87,5492704.72
7,22.0,34,646293.67,5493722.76
7,22.0,35,646324.55,5493534.48
7,22.0,36,644917.26,5493589.99
7,22.0,37,646225.17,5493295.71
7,22.0,38,645853.94,5493161.24
7,22.0,39,645741.68,5493470.66
7,22.0,4,646206.33,5493317.18
7,22.0,40,645948.25,5493653.84
7,22.0,41,645735.02,5493350.79
7,22.0,42,645735.92,5493413.28
7,22.0,43,645118.76,5493845.66
7,22.0,44,646470.29,5493709.63
7,22.0,45,644846.87,5493561.14
7,22.0,46,645292.75,5493823.73
7,22.0,47,644814.08,5493432.42
7,22.0,48,645527.18,5493790.67
7,22.0,5,644882.35,5493531.33
7,22.0,6,645737.61,5493517.26
7,22.0,7,646581.42,5493406.36
7,22.0,8,645737.2,5493284.21
7,22.0,9,646024.68,5493670.34
8,24.0,0,644884.74,5493478.48
8,24.0,1,646339.07,5493455.03
8,24.0,10,646513.19,5493718.11
8,24.0,11,645059.8,5493533.28
8,24.0,12,644881.33,5493528.33
8,24.0,13,645656.3,5493469.53
8,24.0,14,646118.13,5493674.0
8,24.0,15,646158.57,5493667.52
8,24.0,16,645964.32,5493654.36
8,24.0,17,644792.03,5493586.54
8,24.0,18,645236.09,5493983.72
8,24.0,19,644931.01,5493683.84
8,24.0,2,644768.33,5493598.43
8,24.0,20,646335.51,5493455.72
8,24.0,22,646425.3,5493447.64
8,24.0,24,645300.82,5493987.37
8,24.0,25,646339.04,5493443.4
8,24.0,26,646336.46,5493421.48
8,24.0,27,645471.73,5493720.68
8,24.0,28,646252.37,5493766.74
8,24.0,29,646310.48,5493591.81
8,24.0,3,646361.34,5493452.07
8,24.0,30,645476.02,5493867.87
8,24.0,31,645182.67,5493944.25
8,24.0,32,644824.89,5493571.31
8,24.0,33,646659.02,5492709.51
8,24.0,34,646290.14,5493750.32
8,24.0,35,646322.11,5493549.82
8,24.0,36,644941.13,5493578.54
8,24.0,37,646214.06,5493308.37
8,24.0,38,645829.16,5493171.72
8,24.0,39,645749.33,5493501.17
8,24.0,4,646195.11,5493329.98
8,24.0,40,645917.75,5493652.86
8,24.0,41,645734.97,5493375.72
8,24.0,42,645737.68,5493432.86
8,24.0,43,645092.73,5493844.47
8,24.0,44,646440.24,5493706.54
8,24.0,45,644833.7,5493522.2
8,24.0,46,645290.7,5493843.84
8,24.0,47,644810.7,5493414.04
8,24.0,48,645512.75,5493814.17
8,24.0,5,644889.74,5493553.08
8,24.0,6,645733.28,5493488.7
8,24.0,7,646597.58,5493424.7
8,24.0,8,645736.35,5493310.1
8,24.0,9,646010.96,5493657.15
9,26.0,0,644870.73,5493485.86
9,26.0,1,646336.08,5493470.25
9,26.0,10,646483.87,5493711.36
9,26.0,11,645092.48,5493523.57
9,26.0,12,644889.65,5493552.83
9,26.0,13,645620.47,5493473.31
9,26.0,14,646091.13,5493669.41
9,26.0,15,646166.44,5493679.04
9,26.0,16,645940.04,5493653.58
9,26.0,17,644829.25,5493569.3
9,26.0,18,645261.98,5493984.35
9,26.0,19,644920.57,5493653.56
9,26.0,2,644762.68,5493591.73
9,26.0,20,646335.51,5493455.72
9,26.0,22,646406.26,5493453.27
9,26.0,24,645327.29,5493991.58
9,26.0,25,646339.04,5493443.4
9,26.0,26,646336.46,5493421.48
9,26.0,27,645460.89,5493742.19
9,26.0,28,646227.44,5493762.05
9,26.0,29,646313.52,5493576.41
9,26.0,3,646341.66,5493452.12
9,26.0,30,645492.4,5493841.19
9,26.0,31,645181.72,5493968.1
9,26.0,32,644846.05,5493549.4
9,26.0,33,646619.74,5492722.26
9,26.0,34,646287.46,5493774.33
9,26.0,35,646321.86,5493551.44
9,26.0,36,644970.36,5493564.85
9,26.0,37,646202.93,5493321.07
9,26.0,38,645804.3,5493182.04
9,26.0,39,645754.31,5493533.42
9,26.0,4,646183.87,5493342.78
9,26.0,40,645887.22,5493652.7
9,26.0,41,645735.42,5493400.61
9,26.0,42,645732.27,5493450.52
9,26.0,43,645073.27,5493827.81
9,26.0,44,646410.1,5493704.59
9,26.0,45,644840.49,5493497.12
9,26.0,46,645300.1,5493854.59
9,26.0,47,644799.4,5493388.29
9,26.0,48,645498.3,5493837.7
9,26.0,5,644897.11,5493574.8
9,26.0,6,645730.97,5493469.27
9,26.0,7,646614.11,5493442.7
9,26.0,8,645735.5,5493336.02
9,26.0,9,645987.32,5493655.43
10,28.0,0,644852.73,5493495.61
10,28.0,1,646333.26,5493485.49
10,28.0,10,646453.92,5493707.83
10,28.0,11,645125.4,5493514.5
10,28.0,12,644896.35,5493572.56
10,28.0,13,645583.37,5493477.23
10,28.0,14,646064.09,5493664.72
10,28.0,15,646190.72,5493683.17
10,28.0,16,645915.74,5493652.83
10,28.0,17,644844.49,5493545.96
10,28.0,18,645287.8,5493986.14
10,28.0,19,644911.43,5493627.01
10,28.0,2,644759.03,5493579.18
10,28.0,20,646335.51,5493455.72
10,28.0,22,646378.73,5493452.53
10,28.0,24,645349.65,5494005.68
10,28.0,25,646339.04,5493443.4
10,28.0,26,646336.46,5493421.48
10,28.0,27,645450.41,5493763.87
10,28.0,28,646202.52,5493757.48
10,28.0,29,646316.65,5493561.72
10,28.0,3,646336.43,5493468.36
10,28.0,30,645508.77,5493814.53
10,28.0,31,645178.86,5493983.24
10,28.0,32,644832.18,5493517.29
10,28.0,33,646599.46,5492733.84
10,28.0,34,646287.21,5493791.28
10,28.0,35,646321.73,5493551.89
10,28.0,36,645001.37,5493553.39
10,28.0,37,646191.81,5493333.73
10,28.0,38,645779.31,5493192.02
10,28.0,39,645759.66,5493565.56
10,28.0,4,646172.68,5493355.67
10,28.0,40,645856.73,5493652.92
10,28.0,41,645736.92,5493424.47
10,28.0,42,645708.47,5493463.68
10,28.0,43,645066.47,5493802.2
10,28.0,44,646379.91,5493703.79
10,28.0,45,644855.59,5493491.25
10,28.0,46,645325.41,5493858.47
10,28.0,47,644769.11,5493394.5
10,28.0,48,645483.88,5493861.19
10,28.0,5,644902.62,5493590.94
10,28.0,6,645730.6,5493466.16
10,28.0,7,646631.25,5493460.2
10,28.0,8,645734.73,5493361.96
10,28.0,9,645963.64,5493654.34
11,30.0,0,644834.39,5493512.27
11,30.0,1,646330.35,5493500.72
11,30.0,10,646423.84,5493705.22
11,30.0,11,645158.61,5493506.7
11,30.0,12,644901.83,5493588.68
11,30.0,13,645546.22,5493480.73
11,30.0,14,646040.67,5493660.72
11,30.0,15,646216.0,5493687.38
11,30.0,16,645891.46,5493652.71
11,30.0,17,644832.05,5493516.69
11,30.0,18,645313.57,5493988.42
11,30.0,19,644906.38,5493612.25
11,30.0,2,644766.85,5493592.69
11,30.0,20,646335.51,5493455.72
11,30.0,22,646350.84,5493451.78
11,30.0,24,645366.49,5494022.68
11,30.0,25,646339.04,5493443.4
11,30.0,26,646336.46,5493421.48
11,30.0,27,645438.95,5493785.1
11,30.0,28,646177.5,5493753.19
11,30.0,29,646319.44,5493546.26
11,30.0,3,646333.42,5493484.64
11,30.0,30,645525.15,5493787.84
11,30.0,31,645156.61,5493985.29
11,30.0,32,644842.26,5493496.4
11,30.0,33,646585.73,5492741.42
11,30.0,34,646287.0,5493807.88
11,30.0,35,646318.83,5493557.88
11,30.0,36,645032.56,5493542.34
11,30.0,37,646180.69,5493346.4
11,30.0,38,645754.34,5493201.96
11,30.0,39,645765.28,5493597.8
11,30.0,4,646163.16,5493369.81
11,30.0,40,645826.23,5493653.14
11,30.0,41,645738.3,5493440.21
11,30.0,42,645674.86,5493467.58
11,30.0,43,645062.17,5493776.14
11,30.0,44,646349.73,5493702.94
11,30.0,45,644871.39,5493499.04
11,30.0,46,645351.85,5493867.1
11,30.0,47,644728.47,5493413.37
11,30.0,48,645469.46,5493884.69
11,30.0,5,644919.25,5493589.02
11,30.0,6,645730.63,5493465.79
11,30.0,7,646648.38,5493477.68
11,30.0,8,645735.19,5493387.9
11,30.0,9,645939.95,5493653.58
12,32.0,0,644847.98,5493545.91
12,32.0,1,646327.48,5493515.97
12,32.0,10,646393.68,5493704.16
12,32.0,11,645191.88,5493499.29
12,32.0,12,644907.8,5493606.43
12,32.0,13,645524.32,5493496.95
12,32.0,14,646024.49,5493658.44
12,32.0,15,646241.41,5493690.87
12,32.0,16,645867.17,5493652.74
12,32.0,17,644837.18,5493498.46
12,32.0,18,645338.17,5493995.88
12,32.0,19,644899.69,5493592.31
12,32.0,2,644784.73,5493589.91
12,32.0,20,646335.51,5493455.72
12,32.0,22,646337.63,5493461.89
12,32.0,24,645379.08,5494027.16
12,32.0,25,646339.22,5493445.26
12,32.0,26,646336.59,5493422.59
12,32.0,27,645427.5,5493806.29
12,32.0,28,646152.69,5493747.98
12,32.0,29,646321.89,5493530.79
12,32.0,3,646330.42,5493500.37
12,32.0,30,645546.46,5493764.94
12,32.0,31,645130.84,5493985.01
12,32.0,32,644857.23,5493490.74
12,32.0,33,646568.48,5492756.97
12,32.0,34,646286.8,5493823.93
12,32.0,35,646304.81,5493559.84
12,32.0,36,645063.97,5493532.01
12,32.0,37,646170.1,5493359.5
12,32.0,38,645736.32,5493217.87
12,32.0,39,645770.63,5493630.08
12,32.0,4,646153.66,5493383.95
12,32.0,40,645796.95,5493653.3
12,32.0,41,645740.56,5493461.83
12,32.0,42,645640.8,5493471.17
12,32.0,43,645058.88,5493749.88
12,32.0,44,646319.53,5493701.97
12,32.0,45,644880.3,5493525.28
12,32.0,46,645365.86,5493875.54
12,32.0,47,644686.44,5493433.82
12,32.0,48,645455.03,5493908.18
12,32.0,5,644943.13,5493577.58
12,32.0,6,645731.67,5493458.88
12,32.0,7,646665.52,5493495.17
12,32.0,8,645735.95,5493413.64
12,32.0,9,645916.32,5493652.84
13,34.0,0,644830.13,5493572.41
13,34.0,1,646325.06,5493531.24
13,34.0,10,646363.51,5493703.35
13,34.0,11,645225.51,5493493.66
13,34.0,12,644916.24,5493631.16
13,34.0,13,645522.38,5493527.93
13,34.0,14,646000.31,5493656.33
13,34.0,15,646266.78,5493694.21
13,34.0,16,645842.89,5493653.05
13,34.0,17,644853.1,5493492.02
13,34.0,18,645357.18,5494013.14
13,34.0,19,644890.44,5493565.12
13,34.0,2,644810.5,5493577.98
13,34.0,20,646335.51,5493455.72
13,34.0,22,646334.59,5493478.28
13,34.0,24,645391.19,5494007.33
13,34.0,25,646338.94,5493454.55
13,34.0,26,646337.54,5493430.98
13,34.0,27,645416.91,5493827.95
13,34.0,28,646147.05,5493728.65
13,34.0,29,646324.34,5493515.32
13,34.0,3,646327.51,5493515.8
13,34.0,30,645567.98,5493742.19
13,34.0,31,645105.23,5493982.95
13,34.0,32,644872.21,5493501.45
13,34.0,33,646546.98,5492779.92
13,34.0,34,646287.93,5493839.78
13,34.0,35,646285.5,5493558.57
13,34.0,36,645095.67,5493522.69
13,34.0,37,646160.71,5493373.46
13,34.0,38,645736.99,5493244.78
13,34.0,39,645788.26,5493650.4
13,34.0,4,646144.16,5493398.1
13,34.0,40,645780.06,5493653.94
13,34.0,41,645743.84,5493486.5
13,34.0,42,645606.78,5493474.76
13,34.0,43,645055.58,5493723.6
13,34.0,44,646289.37,5493700.42
13,34.0,45,644889.52,5493552.45
13,34.0,46,645365.29,5493895.19
13,34.0,47,644697.27,5493463.55
13,34.0,48,645440.6,5493931.69
13,34.0,5,644968.05,5493565.71
13,34.0,6,645740.57,5493447.13
13,34.0,7,646672.16,5493511.89
13,34.0,8,645737.68,5493432.94
13,34.0,9,645892.67,5493652.71
14,36.0,0,644787.5,5493592.15
14,36.0,1,646322.65,5493546.45
14,36.0,10,646333.34,5493702.41
14,36.0,11,645259.34,5493489.52
14,36.0,12,644925.67,5493658.53
14,36.0,13,645517.77,5493558.62
14,36.0,14,645972.96,5493654.63
14,36.0,15,646292.16,5493697.52
14,36.0,16,645818.6,5493653.18
14,36.0,17,644870.3,5493495.85
14,36.0,18,645370.33,5494026.62
14,36.0,19,644880.14,5493534.8
14,36.0,2,644843.79,5493562.56
14,36.0,20,646335.51,5493455.71
14,36.0,22,646331.51,5493494.68
14,36.0,24,645404.92,5493984.17
14,36.0,25,646336.34,5493468.86
14,36.0,26,646339.12,5493444.25
14,36.0,27,645406.49,5493849.68
14,36.0,28,646149.87,5493703.45
14,36.0,29,646327.24,5493499.91
14,36.0,3,646325.07,5493531.19
14,36.0,30,645589.49,5493719.46
14,36.0,31,645079.65,5493979.94
14,36.0,32,644881.85,5493529.86
14,36.0,33,646520.27,5492808.43
14,36.0,34,646292.1,5493855.87
14,36.0,35,646266.16,5493557.3
14,36.0,36,645127.59,5493513.9
14,36.0,37,646151.29,5493387.48
14,36.0,38,645737.35,5493271.72
14,36.0,39,645820.9,5493649.97
14,36.0,4,646135.65,5493410.8
14,36.0,40,645764.54,5493641.52
14,36.0,41,645750.79,5493510.62
14,36.0,42,645572.75,5493478.35
14,36.0,43,645052.27,5493697.37
14,36.0,44,646259.42,5493696.46
14,36.0,45,644898.31,5493578.33
14,36.0,46,645361.7,5493922.54
14,36.0,47,644704.23,5493478.36
14,36.0,48,645426.17,5493955.18
14,36.0,5,644993.91,5493556.09
14,36.0,6,645761.97,5493441.28
14,36.0,7,646664.7,5493524.47
14,36.0,8,645732.4,5493450.39
14,36.0,9,645868.99,5493652.73
15,38.0,0,644744.55,5493611.14
15,38.0,1,646316.8,5493559.19
15,38.0,10,646303.21,5493701.44
15,38.0,11,645293.31,5493486.27
15,38.0,12,644935.1,5493685.93
15,38.0,13,645512.41,5493589.23
15,38.0,14,645945.56,5493653.76
15,38.0,15,646317.73,5493698.71
15,38.0,16,645794.47,5493653.32
15,38.0,17,644878.63,5493520.37
15,38.0,18,645383.56,5494019.99
15,38.0,19,644870.27,5493505.72
15,38.0,2,644835.73,5493526.67
15,38.0,20,646336.47,5493452.81
15,38.0,22,646328.35,5493511.09
15,38.0,24,645418.8,5493961.07
15,38.0,25,646333.66,5493483.31
15,38.0,26,646338.39,5493457.76
15,38.0,27,645393.55,5493869.1
15,38.0,28,646152.14,5493686.11
15,38.0,29,646330.19,5493484.51
15,38.0,3,646322.74,5493545.86
15,38.0,30,645611.0,5493696.72
15,38.0,31,645054.08,5493976.93
15,38.0,32,644891.75,5493559.01
15,38.0,33,646488.55,5492842.28
15,38.0,34,646296.36,5493871.92
15,38.0,35,646246.79,5493556.03
15,38.0,36,645159.79,5493506.43
15,38.0,37,646141.88,5493401.49
15,38.0,38,645736.74,5493298.18
15,38.0,39,645853.58,5493649.78
15,38.0,4,646126.25,5493425.01
15,38.0,40,645755.62,5493615.52
15,38.0,41,645754.59,5493535.2
15,38.0,42,645538.68,5493481.25
15,38.0,43,645049.26,5493673.33
15,38.0,44,646229.49,5493692.54
15,38.0,45,644903.83,5493593.15
15,38.0,46,645358.43,5493951.24
15,38.0,47,644717.09,5493492.32
15,38.0,48,645411.86,5493978.75
15,38.0,5,645019.9,5493546.82
15,38.0,6,645791.39,5493435.87
15,38.0,7,646657.16,5493537.01
15,38.0,8,645708.35,5493460.45
15,38.0,9,645845.32,5493653.04
16,40.0,0,644702.84,5493611.86
16,40.0,1,646301.48,5493559.62
16,40.0,10,646273.22,5493698.3
16,40.0,11,645327.33,5493483.81
16,40.0,12,644952.05,5493698.09
16,40.0,13,645507.43,5493618.06
16,40.0,14,645918.18,5493652.88
16,40.0,15,646343.31,5493699.53
16,40.0,16,645778.38,5493653.85
16,40.0,17,644886.99,5493544.98
16,40.0,18,645396.5,5493998.38
16,40.0,19,644866.21,5493488.8
16,40.0,2,644837.95,5493498.15
16,40.0,20,646344.55,5493448.41
16,40.0,22,646325.65,5493527.55
16,40.0,24,645432.9,5493938.09
16,40.0,25,646330.92,5493497.74
16,40.0,26,646335.92,5493471.14
16,40.0,27,645372.1,5493877.8
16,40.0,28,646138.57,5493677.46
16,40.0,29,646333.04,5493469.06
16,40.0,3,646316.95,5493559.12
16,40.0,30,645632.51,5493673.99
16,40.0,31,645028.55,5493973.68
16,40.0,32,644899.83,5493582.81
16,40.0,33,646449.91,5492879.88
16,40.0,34,646300.63,5493887.98
16,40.0,35,646230.71,5493554.9
16,40.0,36,645192.08,5493499.26
16,40.0,37,646133.29,5493414.35
16,40.0,38,645735.86,5493325.1
16,40.0,39,645886.21,5493649.49
16,40.0,4,646116.91,5493439.24
16,40.0,40,645747.18,5493586.21
16,40.0,41,645758.58,5493559.72
16,40.0,42,645524.17,5493500.81
16,40.0,43,645043.74,5493660.6
16,40.0,44,646199.64,5493687.98
16,40.0,45,644922.72,5493587.36
16,40.0,46,645355.2,5493979.66
16,40.0,47,644729.08,5493516.56
16,40.0,48,645397.79,5494002.47
16,40.0,5,645045.91,5493537.6
16,40.0,6,645827.52,5493425.22
16,40.0,7,646649.64,5493549.54
16,40.0,8,645677.48,5493464.09
16,40.0,9,645821.66,5493653.17
17,42.0,0,644681.75,5493570.01
17,42.0,1,646286.02,5493558.61
17,42.0,10,646243.28,5493694.34
17,42.0,11,645361.98,5493484.76
17,42.0,12,644978.02,5493685.41
17,42.0,13,645502.35,5493630.47
17,42.0,14,645890.76,5493652.71
17,42.0,15,646368.93,5493700.29
17,42.0,16,645763.89,5493639.63
17,42.0,17,644895.35,5493569.63
17,42.0,18,645409.7,5493976.12
17,42.0,19,644881.63,5493476.95
17,42.0,2,644853.9,5493491.77
17,42.0,20,646361.71,5493448.87
17,42.0,22,646323.03,5493544.04
17,42.0,24,645447.01,5493915.11
17,42.0,25,646328.14,5493512.17
17,42.0,26,646333.44,5493484.53
17,42.0,27,645364.82,5493898.73
17,42.0,28,646114.09,5493673.32
17,42.0,29,646335.7,5493454.6
17,42.0,3,646301.53,5493559.63
17,42.0,30,645654.26,5493651.44
17,42.0,31,645004.15,5493968.89
17,42.0,32,644904.79,5493597.44
17,42.0,33,646405.68,5492922.87
17,42.0,34,646304.9,5493904.06
17,42.0,35,646211.4,5493553.28
17,42.0,36,645224.7,5493493.8
17,42.0,37,646124.0,5493428.43
17,42.0,38,645734.98,5493352.02
17,42.0,39,645918.85,5493649.7
17,42.0,4,646107.55,5493453.5
17,42.0,40,645740.92,5493556.29
17,42.0,41,645763.01,5493584.27
17,42.0,42,645522.23,5493529.22
17,42.0,43,645023.24,5493670.21
17,42.0,44,646169.83,5493682.94
17,42.0,45,644948.98,5493574.78
17,42.0,46,645353.18,5493997.4
17,42.0,47,644744.47,5493547.69
17,42.0,48,645384.66,5494024.36
17,42.0,5,645072.31,5493529.49
17,42.0,6,645870.12,5493407.91
17,42.0,7,646642.1,5493562.08
17,42.0,8,645646.54,5493467.35
17,42.0,9,645797.98,5493653.3
18,44.0,0,644665.65,5493536.1
18,44.0,1,646270.57,5493557.59
18,44.0,10,646213.43,5493690.22
18,44.0,11,645395.92,5493482.19
18,44.0,12,645004.76,5493674.37
18,44.0,13,645505.6,5493610.04
18,44.0,14,645863.35,5493652.79
18,44.0,15,646394.56,5493700.98
18,44.0,16,645756.09,5493616.89
18,44.0,17,644901.61,5493588.05
18,44.0,18,645423.14,5493954.0
18,44.0,19,644907.41,5493465.23
18,44.0,2,644870.67,5493496.93
18,44.0,20,646386.13,5493449.53
18,44.0,22,646318.53,5493558.26
18,44.0,24,645461.12,5493892.14
18,44.0,25,646325.79,5493526.64
18,44.0,26,646330.89,5493497.91
18,44.0,27,645361.69,5493922.61
18,44.0,28,646089.13,5493669.07
18,44.0,29,646335.34,5493439.59
18,44.0,3,646286.02,5493558.61
18,44.0,30,645676.31,5493629.22
18,44.0,31,644988.71,5493966.03
18,44.0,32,644912.02,5493618.91
18,44.0,33,646360.25,5492967.97
18,44.0,34,646308.56,5493918.76
18,44.0,35,646192.08,5493551.67
18,44.0,36,645257.48,5493489.69
18,44.0,37,646114.75,5493442.53
18,44.0,38,645735.03,5493378.92
18,44.0,39,645951.48,5493650.74
18,44.0,4,646098.78,5493466.86
18,44.0,40,645735.83,5493526.19
18,44.0,41,645767.11,5493608.86
18,44.0,42,645518.02,5493557.38
18,44.0,43,644998.8,5493680.3
18,44.0,44,646140.11,5493677.7
18,44.0,45,644980.49,5493561.08
18,44.0,46,645359.24,5494015.24
18,44.0,47,644759.06,5493577.19
18,44.0,48,645373.24,5494032.1
18,44.0,5,645098.84,5493521.82
18,44.0,6,645916.0,5493379.63
18,44.0,7,646634.56,5493574.63
18,44.0,8,645615.82,5493473.81
18,44.0,9,645780.81,5493653.98
19,46.0,0,644657.16,5493518.23
19,46.0,1,646255.11,5493556.58
19,46.0,10,646183.71,5493685.24
19,46.0,11,645429.83,5493479.23
19,46.0,12,645031.31,5493662.85
19,46.0,13,645510.4,5493581.94
19,46.0,14,645835.93,5493653.09
19,46.0,15,646420.16,5493701.78
19,46.0,16,645749.01,5493593.72
19,46.0,17,644915.46,5493590.88
19,46.0,18,645436.68,5493931.95
19,46.0,19,644939.99,5493449.93
19,46.0,2,644879.42,5493522.69
19,46.0,20,646413.93,5493450.27
19,46.0,22,646302.3,5493559.68
19,46.0,24,645475.22,5493869.17
19,46.0,25,646323.49,5493541.13
19,46.0,26,646328.31,5493511.3
19,46.0,27,645358.97,5493946.56
19,46.0,28,646064.16,5493664.73
19,46.0,29,646333.56,5493424.36
19,46.0,3,646270.55,5493557.59
19,46.0,30,645699.04,5493607.66
19,46.0,31,644971.55,5493963.56
19,46.0,32,644921.81,5493647.32
19,46.0,33,646315.54,5493013.78
19,46.0,34,646311.89,5493935.04
19,46.0,35,646179.69,5493564.75
19,46.0,36,645290.37,5493486.53
19,46.0,37,646105.5,5493456.63
19,46.0,38,645735.52,5493405.83
19,46.0,39,645984.11,5493652.01
19,46.0,4,646089.62,5493480.89
19,46.0,40,645730.96,5493496.08
19,46.0,41,645771.36,5493633.41
19,46.0,42,645513.05,5493585.42
19,46.0,43,644974.33,5493690.4
19,46.0,44,646110.36,5493672.68
19,46.0,45,645012.91,5493549.3
19,46.0,46,645371.61,5494027.57
19,46.0,47,644766.53,5493592.21
19,46.0,48,645357.04,5494017.57
19,46.0,5,645125.46,5493514.48
19,46.0,6,645961.83,5493344.15
19,46.0,7,646627.03,5493587.17
19,46.0,8,645584.85,5493477.07
19,46.0,9,645764.95,5493642.71
20,48.0,0,644642.71,5493515.12
20,48.0,1,646240.03,5493555.59
20,48.0,10,646154.0,5493680.04
20,48.0,11,645463.75,5493476.23
20,48.0,12,645058.21,5493652.5
20,48.0,13,645515.98,5493551.39
20,48.0,14,645808.51,5493653.24
20,48.0,15,646445.68,5493703.84
20,48.0,16,645743.6,5493569.96
20,48.0,17,644939.54,5493579.3
20,48.0,18,645450.22,5493909.89
20,48.0,19,644979.65,5493431.77
20,48.0,2,644888.4,5493549.13
20,48.0,20,646423.15,5493437.41
20,48.0,22,646285.62,5493558.58
20,48.0,24,645489.34,5493846.18
20,48.0,25,646321.14,5493555.25
20,48.0,26,646326.09,5493524.73
20,48.0,27,645356.24,5493970.49
20,48.0,28,646041.25,5493660.82
20,48.0,29,646331.89,5493408.77
20,48.0,3,646255.19,5493556.58
20,48.0,30,645720.93,5493585.6
20,48.0,31,644956.26,5493961.76
20,48.0,32,644932.43,5493678.17
20,48.0,33,646270.62,5493059.36
20,48.0,34,646314.84,5493951.38
20,48.0,35,646173.67,5493592.95
20,48.0,36,645323.35,5493484.05
20,48.0,37,646096.99,5493469.6
20,48.0,38,645737.33,5493428.85
20,48.0,39,646016.68,5493654.38
20,48.0,4,646080.87,5493495.51
20,48.0,40,645728.14,5493472.6
20,48.0,41,645783.93,5493650.63
20,48.0,42,645508.26,5493613.39
20,48.0,43,644953.9,5493700.72
20,48.0,44,646080.59,5493667.62
20,48.0,45,645045.43,5493537.77
20,48.0,46,645386.43,5494038.86
20,48.0,47,644783.3,5493590.58
20,48.0,48,645340.19,5494029.72
20,48.0,5,645152.33,5493508.13
20,48.0,6,646004.98,5493305.36
20,48.0,7,646619.6,5493599.55
20,48.0,8,645553.88,5493480.2
20,48.0,9,645757.33,5493620.51
21,50.0,0,644618.93,5493525.61
21,50.0,1,646225.0,5493554.44
21,50.0,10,646124.28,5493675.05
21,50.0,11,645497.71,5493473.24
21,50.0,12,645086.58,5493646.83
21,50.0,13,645519.97,5493520.63
21,50.0,14,645786.3,5493653.71
21,50.0,15,646471.18,5493706.51
21,50.0,16,645739.1,5493546.06
21,50.0,17,644967.75,5493565.82
21,50.0,18,645463.76,5493887.84
21,50.0,19,645025.44,5493410.84
21,50.0,2,644897.25,5493575.21
21,50.0,20,646424.02,5493420.61
21,50.0,22,646268.95,5493557.49
21,50.0,24,645503.45,5493823.19
21,50.0,25,646318.31,5493569.66
21,50.0,26,646323.96,5493538.2
21,50.0,27,645353.79,5493992.03
21,50.0,28,646025.55,5493658.57
21,50.0,29,646330.23,5493393.18
21,50.0,3,646240.45,5493555.61
21,50.0,30,645733.86,5493563.99
21,50.0,31,644941.0,5493959.97
21,50.0,32,644943.1,5493709.0
21,50.0,33,646224.57,5493103.83
21,50.0,34,646317.74,5493967.38
21,50.0,35,646166.9,5493624.65
21,50.0,36,645356.32,5493481.98
21,50.0,37,646087.78,5493483.72
21,50.0,38,645737.11,5493440.16
21,50.0,39,646049.0,5493658.85
21,50.0,4,646072.34,5493510.29
21,50.0,40,645727.02,5493456.58
21,50.0,41,645808.81,5493650.04
21,50.0,42,645504.6,5493631.11
21,50.0,43,644947.17,5493704.51
21,50.0,44,646054.16,5493662.94
21,50.0,45,645078.4,5493527.64
21,50.0,46,645409.94,5494049.75
21,50.0,47,644807.38,5493579.43
21,50.0,48,645326.7,5494053.78
21,50.0,5,645179.23,5493501.99
21,50.0,6,646045.7,5493264.03
21,50.0,7,646612.27,5493612.2
21,50.0,8,645522.83,5493482.41
21,50.0,9,645749.97,5493598.1
22,52.0,0,644595.31,5493536.03
22,52.0,1,646209.56,5493553.13
22,52.0,10,646094.56,5493669.99
22,52.0,11,645531.62,5493470.25
22,52.0,12,645114.99,5493641.15
22,52.0,13,645521.16,5493495.71
22,52.0,14,645770.9,5493650.78
22,52.0,15,646496.4,5493710.71
22,52.0,16,645735.17,5493522.13
22,52.0,17,644997.09,5493554.91
22,52.0,18,645477.3,5493865.79
22,52.0,19,645072.14,5493389.49
22,52.0,2,644902.69,5493591.06
22,52.0,20,646421.21,5493404.01
22,52.0,22,646252.25,5493556.39
22,52.0,24,645517.56,5493800.21
22,52.0,25,646315.13,5493584.0
22,52.0,26,646321.84,5493551.55
22,52.0,27,645354.09,5494008.0
22,52.0,28,646002.62,5493656.51
22,52.0,29,646328.58,5493377.58
22,52.0,3,646225.37,5493554.47
22,52.0,30,645737.21,5493557.24
22,52.0,31,644925.7,5493958.18
22,52.0,32,644952.75,5493736.26
22,52.0,33,646178.83,5493148.66
22,52.0,34,646314.38,5493966.79
22,52.0,35,646160.96,5493654.84
22,52.0,36,645389.88,5493482.64
22,52.0,37,646079.28,5493498.26
22,52.0,38,645728.45,5493454.36
22,52.0,39,646081.16,5493664.46
22,52.0,4,646065.92,5493524.52
22,52.0,40,645723.72,5493433.21
22,52.0,41,645833.7,5493649.9
22,52.0,42,645504.71,5493615.05
22,52.0,43,644939.07,5493704.03
22,52.0,44,646035.65,5493659.9
22,52.0,45,645111.61,5493518.3
22,52.0,46,645436.43,5494061.19
22,52.0,47,644838.33,5493565.09
22,52.0,48,645313.22,5494077.82
22,52.0,5,645206.34,5493496.87
22,52.0,6,646086.43,5493222.69
22,52.0,7,646605.11,5493624.97
22,52.0,8,645491.83,5493485.01
22,52.0,9,645744.61,5493574.94
23,54.0,0,644580.63,5493540.14
23,54.0,1,646194.1,5493551.84
23,54.0,10,646064.81,5493664.85
23,54.0,11,645565.57,5493466.97
23,54.0,12,645143.36,5493635.48
23,54.0,13,645524.52,5493491.66
23,54.0,14,645759.99,5493628.26
23,54.0,15,646521.31,5493716.8
23,54.0,16,645731.24,5493498.2
23,54.0,17,645026.57,5493544.46
23,54.0,18,645490.83,5493843.75
23,54.0,19,645118.69,5493367.85
23,54.0,2,644919.0,5493589.14
23,54.0,20,646418.18,5493387.47
23,54.0,22,646236.7,5493555.37
23,54.0,24,645533.49,5493778.65
23,54.0,25,646312.55,5493598.47
23,54.0,26,646319.3,5493564.93
23,54.0,27,645367.43,5494023.64
23,54.0,28,645977.32,5493654.8
23,54.0,29,646326.28,5493362.07
23,54.0,3,646209.68,5493553.14
23,54.0,30,645737.21,5493557.24
23,54.0,31,644910.42,5493956.39
23,54.0,32,644953.3,5493751.07
23,54.0,33,646133.11,5493193.46
23,54.0,34,646311.42,5493950.45
23,54.0,35,646158.04,5493670.35
23,54.0,36,645422.77,5493479.85
23,54.0,37,646071.03,5493512.92
23,54.0,38,645705.25,5493460.92
23,54.0,39,646113.4,5493669.95
23,54.0,4,646059.68,5493540.19
23,54.0,40,645722.84,5493402.98
23,54.0,41,645858.62,5493649.68
23,54.0,42,645509.17,5493589.18
23,54.0,43,644932.89,5493689.31
23,54.0,44,646017.27,5493657.63
23,54.0,45,645145.05,5493509.79
23,54.0,46,645462.93,5494072.63
23,54.0,47,644838.88,5493533.6
23,54.0,48,645299.73,5494101.89
23,54.0,5,645233.59,5493492.31
23,54.0,6,646127.14,5493181.36
23,54.0,7,646597.94,5493637.76
23,54.0,8,645460.8,5493487.67
23,54.0,9,645740.07,5493551.66
24,56.0,0,644570.54,5493520.68
24,56.0,1,646181.11,5493558.05
24,56.0,10,646040.62,5493660.72
24,56.0,11,645599.39,5493462.98
24,56.0,12,645171.78,5493629.92
24,56.0,13,645523.62,5493515.04
24,56.0,14,645751.04,5493602.56
24,56.0,15,646543.88,5493720.69
24,56.0,16,645728.45,5493475.24
24,56.0,17,645056.15,5493534.38
24,56.0,18,645504.38,5493821.68
24,56.0,19,645165.28,5493346.25
24,56.0,2,644943.4,5493577.46
24,56.0,20,646413.74,5493371.24
24,56.0,22,646220.11,5493554.01
24,56.0,24,645552.02,5493759.06
24,56.0,25,646309.98,5493612.94
24,56.0,26,646316.4,5493578.24
24,56.0,27,645380.17,5494034.04
24,56.0,28,645951.97,5493653.96
24,56.0,29,646326.52,5493350.31
24,56.0,3,646193.34,5493551.77
24,56.0,30,645738.89,5493553.97
24,56.0,31,644895.16,5493954.6
24,56.0,32,644935.03,5493756.65
24,56.0,33,646087.42,5493238.24
24,56.0,34,646308.47,5493934.15
24,56.0,35,646157.8,5493671.6
24,56.0,36,645455.67,5493476.95
24,56.0,37,646065.02,5493526.81
24,56.0,38,645674.22,5493464.43
24,56.0,39,646145.6,5493675.35
24,56.0,4,646053.19,5493555.95
24,56.0,40,645723.6,5493372.47
24,56.0,41,645883.52,5493649.49
24,56.0,42,645514.01,5493561.07
24,56.0,43,644925.1,5493666.7
24,56.0,44,645990.99,5493655.66
24,56.0,45,645178.7,5493502.11
24,56.0,46,645485.06,5494082.19
24,56.0,47,644833.74,5493499.85
24,56.0,48,645285.54,5494125.53
24,56.0,5,645261.02,5493489.37
24,56.0,6,646167.87,5493140.02
24,56.0,7,646590.55,5493650.37
24,56.0,8,645429.81,5493490.33
24,56.0,9,645736.18,5493528.3
25,58.0,0,644561.78,5493497.92
25,58.0,1,646176.12,5493581.43
25,58.0,10,646024.53,5493658.44
25,58.0,11,645633.23,5493458.98
25,58.0,12,645200.24,5493624.5
25,58.0,13,645520.43,5493545.27
25,58.0,14,645734.36,5493590.53
25,58.0,15,646552.92,5493708.06
25,58.0,16,645727.0,5493459.35
25,58.0,17,645086.12,5493525.32
25,58.0,18,645517.91,5493799.64
25,58.0,19,645211.78,5493324.49
25,58.0,2,644973.46,5493563.7
25,58.0,20,646408.93,5493355.14
25,58.0,22,646203.47,5493552.62
25,58.0,24,645570.56,5493739.47
25,58.0,25,646307.67,5493627.44
25,58.0,26,646313.77,5493591.6
25,58.0,27,645400.27,5494045.58
25,58.0,28,645926.65,5493653.15
25,58.0,29,646330.31,5493365.41
25,58.0,3,646180.31,5493561.84
25,58.0,30,645741.76,5493542.59
25,58.0,31,644879.9,5493952.81
25,58.0,32,644916.11,5493761.3
25,58.0,33,646047.58,5493277.57
25,58.0,34,646301.39,5493922.22
25,58.0,35,646156.54,5493675.33
25,58.0,36,645488.57,5493474.04
25,58.0,37,646058.76,5493542.43
25,58.0,38,645642.11,5493467.82
25,58.0,39,646177.76,5493681.01
25,58.0,4,646046.71,5493571.71
25,58.0,40,645725.55,5493342.06
25,58.0,41,645908.4,5493649.59
25,58.0,42,645518.59,5493532.96
25,58.0,43,644916.48,5493641.68
25,58.0,44,645960.82,5493654.25
25,58.0,45,645212.61,5493495.82
25,58.0,46,645481.94,5494084.32
25,58.0,47,644851.16,5493492.8
25,58.0,48,645271.32,5494149.12
25,58.0,5,645288.52,5493486.71
25,58.0,6,646208.63,5493098.64
25,58.0,7,646583.16,5493662.95
25,58.0,8,645398.82,5493492.99
25,58.0,9,645732.34,5493504.93
26,60.0,0,644565.1,5493497.62
26,60.0,1,646170.71,5493606.79
26,60.0,10,646000.86,5493656.37
26,60.0,11,645667.09,5493454.99
26,60.0,12,645228.7,5493619.09
26,60.0,13,645514.68,5493575.79
26,60.0,14,645718.72,5493594.6
26,60.0,15,646560.69,5493694.84
26,60.0,16,645723.94,5493436.52
26,60.0,17,645116.28,5493517.01
26,60.0,18,645533.23,5493778.92
26,60.0,19,645250.71,5493298.85
26,60.0,2,645004.98,5493552.11
26,60.0,20,646401.4,5493340.11
26,60.0,22,646186.81,5493551.42
26,60.0,24,645589.08,5493719.89
26,60.0,25,646305.45,5493641.96
26,60.0,26,646311.39,5493605.03
26,60.0,27,645422.41,5494055.13
26,60.0,28,645901.27,5493652.75
26,60.0,29,646332.16,5493380.98
26,60.0,3,646174.98,5493586.79
26,60.0,30,645738.72,5493524.05
26,60.0,31,644864.62,5493951.02
26,60.0,32,644897.15,5493765.86
26,60.0,33,646011.52,5493313.97
26,60.0,34,646284.86,5493920.95
26,60.0,35,646146.11,5493678.68
26,60.0,36,645521.47,5493471.14
26,60.0,37,646052.35,5493558.0
26,60.0,38,645609.96,5493471.21
26,60.0,39,646209.96,5493686.45
26,60.0,4,646040.23,5493587.45
26,60.0,40,645728.12,5493311.66
26,60.0,41,645933.3,5493650.16
26,60.0,42,645520.8,5493505.03
26,60.0,43,644909.41,5493621.14
26,60.0,44,645930.64,5493653.28
26,60.0,45,645246.69,5493490.67
26,60.0,46,645460.1,5494074.89
26,60.0,47,644868.35,5493492.34
26,60.0,48,645260.32,5494167.36
26,60.0,5,645316.02,5493484.48
26,60.0,6,646249.49,5493057.39
26,60.0,7,646575.75,5493675.55
26,60.0,8,645367.82,5493495.65
26,60.0,9,645723.06,5493483.79
27,62.0,0,644573.47,5493519.38
27,62.0,1,646165.3,5493632.14
27,62.0,10,645971.21,5493654.58
27,62.0,11,645700.92,5493450.84
27,62.0,12,645257.27,5493614.49
27,62.0,13,645509.49,5493606.43
27,62.0,14,645700.86,5493610.35
27,62.0,15,646568.44,5493681.66
27,62.0,16,645722.7,5493408.42
27,62.0,17,645146.59,5493509.44
27,62.0,18,645551.01,5493760.13
27,62.0,19,645229.0,5493252.34
27,62.0,2,645036.63,5493540.89
27,62.0,20,646394.51,5493326.37
27,62.0,22,646178.76,5493569.1
27,62.0,24,645607.61,5493700.3
27,62.0,25,646303.23,5493656.5
27,62.0,26,646309.04,5493618.44
27,62.0,27,645444.55,5494064.69
27,62.0,28,645875.94,5493652.71
27,62.0,29,646333.81,5493396.57
27,62.0,3,646169.59,5493612.04
27,62.0,30,645734.41,5493497.74
27,62.0,31,644849.36,5493949.23
27,62.0,32,644878.16,5493770.43
27,62.0,33,645973.58,5493348.38
27,62.0,34,646268.25,5493919.88
27,62.0,35,646127.03,5493675.52
27,62.0,36,645554.36,5493468.24
27,62.0,37,646045.94,5493573.57
27,62.0,38,645577.83,5493474.6
27,62.0,39,646242.3,5493690.99
27,62.0,4,646036.86,5493604.13
27,62.0,40,645730.69,5493281.26
27,62.0,41,645958.2,5493650.96
27,62.0,42,645521.57,5493488.09
27,62.0,43,644903.83,5493604.66
27,62.0,44,645901.72,5493652.76
27,62.0,45,645281.07,5493487.49
27,62.0,46,645433.67,5494063.48
27,62.0,47,644877.49,5493517.02
27,62.0,48,645261.31,5494159.52
27,62.0,5,645343.57,5493482.86
27,62.0,6,646290.65,5493016.47
27,62.0,7,646568.34,5493688.15
27,62.0,8,645336.78,5493498.23
27,62.0,9,645709.62,5493469.88
28,64.0,0,644592.71,5493533.69
28,64.0,1,646160.49,5493657.32
28,64.0,10,645941.06,5493653.61
28,64.0,11,645727.23,5493449.83
28,64.0,12,645286.08,5493611.81
28,64.0,13,645503.94,5493636.98
28,64.0,14,645680.94,5493629.18
28,64.0,15,646576.21,5493668.45
28,64.0,16,645723.3,5493384.16
28,64.0,17,645177.09,5493502.48
28,64.0,18,645568.8,5493741.32
28,64.0,19,645207.3,5493205.84
28,64.0,2,645068.6,5493530.61
28,64.0,20,646380.49,5493326.71
28,64.0,22,646173.13,5493595.48
28,64.0,24,645626.14,5493680.72
28,64.0,25,646301.01,5493671.02
28,64.0,26,646306.98,5493631.94
28,64.0,27,645466.7,5494074.26
28,64.0,28,645850.62,5493653.01
28,64.0,29,646335.47,5493412.15
28,64.0,3,646164.27,5493637.23
28,64.0,30,645731.44,5493473.26
28,64.0,31,644834.07,5493947.43
28,64.0,32,644859.22,5493774.99
28,64.0,33,645934.03,5493380.89
28,64.0,34,646251.67,5493918.82
28,64.0,35,646100.27,5493670.97
28,64.0,36,645587.22,5493464.41
28,64.0,37,646039.84,5493589.26
28,64.0,38,645545.69,5493477.56
28,64.0,39,646274.67,5493695.26
28,64.0,4,646033.51,5493620.84
28,64.0,40,645733.88,5493251.73
28,64.0,41,645983.04,5493651.95
28,64.0,42,645524.07,5493503.43
28,64.0,43,644895.85,5493581.05
28,64.0,44,645874.21,5493652.72
28,64.0,45,645315.41,5493484.51
28,64.0,46,645407.16,5494052.03
28,64.0,47,644887.17,5493545.52
28,64.0,48,645273.92,5494138.61
28,64.0,5,645371.1,5493480.86
28,64.0,6,646331.82,5492975.55
28,64.0,7,646560.92,5493700.77
28,64.0,8,645305.79,5493500.71
28,64.0,9,645693.56,5493465.6
29,66.0,0,644626.33,5493518.86
29,66.0,1,646157.21,5493673.36
29,66.0,10,645910.95,5493652.81
29,66.0,11,645738.96,5493460.07
29,66.0,12,645315.05,5493612.03
29,66.0,13,645495.03,5493666.67
29,66.0,14,645661.61,5493648.59
29,66.0,15,646583.97,5493655.24
29,66.0,16,645724.04,5493359.93
29,66.0,17,645207.82,5493496.63
29,66.0,18,645586.59,5493722.52
29,66.0,19,645185.56,5493159.27
29,66.0,2,645100.86,5493521.26
29,66.0,20,646365.53,5493334.45
29,66.0,22,646167.3,5493622.8
29,66.0,24,645644.65,5493661.15
29,66.0,25,646298.79,5493685.53
29,66.0,26,646304.92,5493645.42
29,66.0,27,645488.86,5494083.83
29,66.0,28,645825.3,5493653.15
29,66.0,29,646337.1,5493427.08
29,66.0,3,646160.76,5493655.86
29,66.0,30,645730.59,5493466.05
29,66.0,31,644818.8,5493945.64
29,66.0,32,644840.26,5493779.52
29,66.0,33,645894.26,5493408.91
29,66.0,34,646235.07,5493918.0
29,66.0,35,646068.39,5493665.52
29,66.0,36,645620.04,5493460.54
29,66.0,37,646036.52,5493605.81
29,66.0,38,645513.72,5493483.14
29,66.0,39,646307.1,5493698.37
29,66.0,4,646030.39,5493637.61
29,66.0,40,645733.22,5493221.23
29,66.0,41,646007.86,5493653.7
29,66.0,42,645522.12,5493530.22
29,66.0,43,644887.34,5493555.98
29,66.0,44,645847.58,5493653.03
29,66.0,45,645349.86,5493482.46
29,66.0,46,645386.57,5494042.92
29,66.0,47,644896.66,5493573.47
29,66.0,48,645288.16,5494115.01
29,66.0,5,645398.62,5493478.78
29,66.0,6,646371.55,5492935.96
29,66.0,7,646553.51,5493713.37
29,66.0,8,645274.76,5493502.86
29,66.0,9,645668.14,5493468.29
30,68.0,0,644647.33,5493509.64
30,68.0,1,646139.56,5493677.62
30,68.0,10,645880.82,5493652.7
30,68.0,11,645746.5,5493482.33
30,68.0,12,645336.57,5493612.2
30,68.0,13,645483.66,5493695.58
30,68.0,14,645642.41,5493668.17
30,68.0,15,646591.74,5493642.02
30,68.0,16,645726.09,5493335.76
30,68.0,17,645238.65,5493491.46
30,68.0,18,645604.38,5493703.72
30,68.0,19,645163.85,5493112.74
30,68.0,2,645133.3,5493512.47
30,68.0,20,646349.47,5493339.42
30,68.0,22,646162.44,5493646.97
30,68.0,24,645663.62,5493642.0
30,68.0,25,646293.55,5493699.27
30,68.0,26,646302.86,5493658.9
30,68.0,27,645512.53,5494087.86
30,68.0,28,645799.95,5493653.29
30,68.0,29,646338.86,5493442.0
30,68.0,3,646157.77,5493671.74
30,68.0,30,645731.39,5493460.42
30,68.0,31,644803.51,5493943.85
30,68.0,32,644821.08,5493783.17
30,68.0,33,645859.56,5493426.57
30,68.0,34,646218.44,5493917.89
30,68.0,35,646042.33,5493661.0
30,68.0,36,645652.84,5493456.67
30,68.0,37,646033.22,5493622.29
30,68.0,38,645481.58,5493485.89
30,68.0,39,646339.72,5493699.42
30,68.0,4,646028.71,5493649.43
30,68.0,40,645749.85,5493200.3
30,68.0,41,646027.62,5493663.34
30,68.0,42,645517.82,5493558.37
30,68.0,43,644878.83,5493530.94
30,68.0,44,645821.46,5493653.17
30,68.0,45,645384.26,5493479.87
30,68.0,46,645378.14,5494030.38
30,68.0,47,644902.35,5493590.19
30,68.0,48,645302.07,5494091.18
30,68.0,5,645426.63,5493479.51
30,68.0,6,646401.59,5492900.51
30,68.0,7,646546.29,5493725.88
30,68.0,8,645243.73,5493505.23
30,68.0,9,645639.84,5493471.27
31,70.0,0,644659.98,5493516.7
31,70.0,1,646114.08,5493673.31
31,70.0,10,645850.65,5493653.01
31,70.0,11,645750.73,5493510.26
31,70.0,12,645349.4,5493618.84
31,70.0,13,645470.25,5493723.59
31,70.0,14,645623.57,5493688.09
31,70.0,15,646599.34,5493628.72
31,70.0,16,645728.13,5493311.55
31,70.0,17,645269.76,5493488.57
31,70.0,18,645622.18,5493684.91
31,70.0,19,645142.13,5493066.24
31,70.0,2,645166.05,5493505.0
31,70.0,20,646334.12,5493343.5
31,70.0,22,646158.71,5493666.74
31,70.0,24,645682.77,5493623.06
31,70.0,25,646272.44,5493698.19
31,70.0,26,646300.8,5493672.38
31,70.0,27,645536.54,5494088.7
31,70.0,28,645782.16,5493653.93
31,70.0,29,646338.43,5493457.54
31,70.0,3,646141.61,5493677.95
31,70.0,30,645738.45,5493449.2
31,70.0,31,644788.23,5493942.06
31,70.0,32,644801.9,5493786.82
31,70.0,33,645823.89,5493440.64
31,70.0,34,646201.81,5493917.77
31,70.0,35,646026.46,5493658.68
31,70.0,36,645685.68,5493452.79
31,70.0,37,646030.62,5493635.95
31,70.0,38,645449.4,5493488.65
31,70.0,39,646372.36,5493700.38
31,70.0,4,646028.66,5493649.77
31,70.0,40,645778.2,5493189.02
31,70.0,41,646028.14,5493688.24
31,70.0,42,645512.88,5493586.45
31,70.0,43,644870.32,5493505.87
31,70.0,44,645800.73,5493653.28
31,70.0,45,645418.61,5493477.01
31,70.0,46,645389.62,5494009.93
31,70.0,47,644918.48,5493589.39
31,70.0,48,645315.56,5494067.13
31,70.0,5,645454.09,5493477.09
31,70.0,6,646432.59,5492866.01
31,70.0,7,646539.18,5493738.65
31,70.0,8,645212.89,5493509.41
31,70.0,9,645611.53,5493474.26
32,72.0,0,644670.72,5493539.33
32,72.0,1,646088.49,5493668.96
32,72.0,10,645820.86,5493653.17
32,72.0,11,645755.07,5493538.32
32,72.0,12,645348.29,5493643.26
32,72.0,13,645456.54,5493751.45
32,72.0,14,645604.73,5493708.01
32,72.0,15,646606.83,5493615.37
32,72.0,16,645730.17,5493287.37
32,72.0,17,645300.9,5493485.58
32,72.0,18,645639.97,5493666.1
32,72.0,19,645120.42,5493019.72
32,72.0,2,645198.9,5493498.12
32,72.0,20,646339.19,5493338.96
32,72.0,22,646149.4,5493678.94
32,72.0,24,645702.35,5493604.53
32,72.0,25,646248.07,5493694.97
32,72.0,26,646298.75,5493685.83
32,72.0,27,645560.63,5494087.57
32,72.0,28,645765.67,5493645.41
32,72.0,29,646335.58,5493472.92
32,72.0,3,646114.32,5493673.35
32,72.0,30,645757.31,5493442.05
32,72.0,31,644772.97,5493940.27
32,72.0,32,644782.72,5493790.47
32,72.0,33,645786.73,5493450.48
32,72.0,34,646185.18,5493917.65
32,72.0,35,646003.18,5493656.55
32,72.0,36,645717.16,5493448.68
32,72.0,37,646029.87,5493641.28
32,72.0,38,645417.22,5493491.41
32,72.0,39,646404.99,5493701.26
32,72.0,4,646028.43,5493650.63
32,72.0,40,645799.51,5493180.63
32,72.0,41,646028.51,5493713.13
32,72.0,42,645508.06,5493614.52
32,72.0,43,644851.11,5493496.27
32,72.0,44,645784.05,5493653.83
32,72.0,45,645452.97,5493473.98
32,72.0,46,645404.29,5493985.24
32,72.0,47,644943.45,5493577.43
32,72.0,48,645329.03,5494043.08
32,72.0,5,645481.54,5493474.66
32,72.0,6,646463.57,5492831.53
32,72.0,7,646532.15,5493751.47
32,72.0,8,645182.22,5493514.49
32,72.0,9,645583.28,5493477.24
33,74.0,0,644685.12,5493569.66
33,74.0,1,646062.95,5493664.51
33,74.0,10,645794.47,5493653.32
33,74.0,11,645759.79,5493566.27
33,74.0,12,645344.25,5493671.64
33,74.0,13,645442.23,5493779.01
33,74.0,14,645585.87,5493727.94
33,74.0,15,646610.89,5493614.67
33,74.0,16,645734.04,5493264.08
33,74.0,17,645332.11,5493483.53
33,74.0,18,645658.05,5493647.62
33,74.0,19,645100.32,5492976.64
33,74.0,2,645232.0,5493492.58
33,74.0,20,646355.41,5493334.43
33,74.0,22,646124.23,5493675.04
33,74.0,24,645721.03,5493585.44
33,74.0,25,646223.69,5493691.78
33,74.0,26,646296.63,5493700.28
33,74.0,27,645584.7,5494086.33
33,74.0,28,645757.89,5493622.14
33,74.0,29,646332.73,5493488.35
33,74.0,3,646086.6,5493668.64
33,74.0,30,645785.21,5493437.1
33,74.0,31,644757.7,5493938.48
33,74.0,32,644763.52,5493793.9
33,74.0,33,645748.98,5493456.95
33,74.0,34,646168.55,5493917.89
33,74.0,35,645972.2,5493654.61
33,74.0,36,645733.22,5493453.17
33,74.0,37,646028.99,5493647.45
33,74.0,38,645385.06,5493494.17
33,74.0,39,646437.53,5493703.07
33,74.0,4,646024.04,5493656.88
33,74.0,40,645809.2,5493188.95
33,74.0,41,646029.29,5493738.01
33,74.0,42,645502.63,5493642.47
33,74.0,43,644836.44,5493520.48
33,74.0,44,645769.1,5493646.68
33,74.0,45,645487.36,5493470.94
33,74.0,46,645419.17,5493960.47
33,74.0,47,644975.03,5493563.12
33,74.0,48,645340.95,5494021.82
33,74.0,5,645508.98,5493472.24
33,74.0,6,646486.98,5492792.02
33,74.0,7,646525.12,5493764.29
33,74.0,8,645151.9,5493521.58
33,74.0,9,645554.95,5493480.13
34,76.0,0,644703.14,5493607.17
34,76.0,1,646040.32,5493660.67
34,76.0,10,645778.34,5493653.85
34,76.0,11,645764.7,5493594.3
34,76.0,12,645335.25,5493699.16
34,76.0,13,645427.47,5493806.34
34,76.0,14,645567.03,5493747.85
34,76.0,15,646603.4,5493628.02
34,76.0,16,645733.69,5493239.79
34,76.0,17,645363.31,5493481.45
34,76.0,18,645676.27,5493629.26
34,76.0,19,645087.33,5492948.81
34,76.0,2,645265.41,5493488.97
34,76.0,20,646370.9,5493328.06
34,76.0,22,646096.68,5493670.35
34,76.0,24,645733.51,5493564.58
34,76.0,25,646199.4,5493687.94
34,76.0,26,646294.02,5493720.02
34,76.0,27,645608.77,5494085.04
34,76.0,28,645749.99,5493598.19
34,76.0,29,646329.77,5493503.73
34,76.0,3,646061.5,5493664.23
34,76.0,30,645820.4,5493427.5
34,76.0,31,644742.56,5493936.14
34,76.0,32,644744.29,5493797.23
34,76.0,33,645711.13,5493463.27
34,76.0,34,646151.94,5493918.58
34,76.0,35,645939.78,5493653.57
34,76.0,36,645735.45,5493455.45
34,76.0,37,646028.66,5493649.77
34,76.0,38,645352.87,5493496.93
34,76.0,39,646469.97,5493706.36
34,76.0,4,646008.09,5493656.93
34,76.0,40,645809.08,5493213.01
34,76.0,41,646029.81,5493762.89
34,76.0,42,645493.89,5493669.57
34,76.0,43,644853.69,5493558.47
34,76.0,44,645761.05,5493621.51
34,76.0,45,645521.74,5493467.9
34,76.0,46,645434.29,5493935.84
34,76.0,47,645009.01,5493550.68
34,76.0,48,645350.77,5494009.93
34,76.0,5,645536.42,5493469.82
34,76.0,6,646503.57,5492748.88
34,76.0,7,646518.08,5493777.14
34,76.0,8,645121.81,5493529.16
34,76.0,9,645526.61,5493482.12
35,78.0,0,644743.87,5493607.95
35,78.0,1,646024.7,5493658.46
35,78.0,10,645763.87,5493639.58
35,78.0,11,645769.34,5493622.34
35,78.0,12,645324.21,5493725.85
35,78.0,13,645413.87,5493834.28
35,78.0,14,645548.2,5493767.76
35,78.0,15,646595.86,5493641.34
35,78.0,16,645733.07,5493215.86
35,78.0,17,645395.07,5493482.25
35,78.0,18,645695.05,5493611.44
35,78.0,19,645085.51,5492937.35
35,78.0,2,645298.79,5493485.77
35,78.0,20,646384.71,5493320.92
35,78.0,22,646070.38,5493665.88
35,78.0,24,645737.21,5493557.24
35,78.0,25,646175.15,5493683.83
35,78.0,26,646291.12,5493742.65
35,78.0,27,645632.82,5494083.37
35,78.0,28,645744.3,5493573.42
35,78.0,29,646326.98,5493519.13
35,78.0,3,646043.2,5493661.14
35,78.0,30,645861.75,5493411.51
35,78.0,31,644728.21,5493930.63
35,78.0,32,644725.15,5493801.06
35,78.0,33,645672.94,5493467.78
35,78.0,34,646135.35,5493919.26
35,78.0,35,645907.37,5493652.79
35,78.0,36,645740.04,5493462.68
35,78.0,37,646028.66,5493649.77
35,78.0,38,645320.67,5493499.52
35,78.0,39,646502.05,5493712.09
35,78.0,4,645984.07,5493655.22
35,78.0,40,645808.92,5493243.06
35,78.0,41,646030.4,5493787.75
35,78.0,42,645483.46,5493696.1
35,78.0,43,644818.86,5493577.63
35,78.0,44,645752.05,5493592.67
35,78.0,45,645556.05,5493464.87
35,78.0,46,645449.38,5493911.25
35,78.0,47,645043.08,5493538.61
35,78.0,48,645366.71,5494022.9
35,78.0,5,645563.9,5493467.16
35,78.0,6,646521.52,5492706.92
35,78.0,7,646512.37,5493790.58
35,78.0,8,645091.87,5493537.53
35,78.0,9,645498.29,5493484.46
36,80.0,0,644786.84,5493588.94
36,80.0,1,646001.69,5493656.44
36,80.0,10,645754.83,5493613.21
36,80.0,11,645776.41,5493649.6
36,80.0,12,645312.2,5493752.14
36,80.0,13,645400.63,5493862.37
36,80.0,14,645529.34,5493787.69
36,80.0,15,646588.1,5493654.54
36,80.0,16,645732.46,5493197.66
36,80.0,17,645426.2,5493479.54
36,80.0,18,645714.23,5493594.02
36,80.0,19,645094.14,5492955.83
36,80.0,2,645332.33,5493483.52
36,80.0,20,646399.09,5493312.46
36,80.0,22,646048.98,5493662.09
36,80.0,24,645737.21,5493557.24
36,80.0,25,646150.92,5493679.5
36,80.0,26,646288.32,5493764.61
36,80.0,27,645656.9,5494082.06
36,80.0,28,645739.49,5493548.46
36,80.0,29,646324.52,5493534.61
36,80.0,3,646027.39,5493658.79
36,80.0,30,645907.11,5493385.79
36,80.0,31,644716.53,5493920.85
36,80.0,32,644706.11,5493805.31
36,80.0,33,645634.75,5493471.81
36,80.0,34,646118.76,5493919.94
36,80.0,35,645874.95,5493652.72
36,80.0,36,645742.78,5493478.73
36,80.0,37,646028.66,5493649.77
36,80.0,38,645288.45,5493502.12
36,80.0,39,646533.46,5493719.77
36,80.0,4,645955.63,5493654.08
36,80.0,40,645815.23,5493270.04
36,80.0,41,646031.65,5493812.59
36,80.0,42,645471.16,5493721.8
36,80.0,43,644787.12,5493592.33
36,80.0,44,645745.5,5493563.29
36,80.0,45,645590.27,5493460.83
36,80.0,46,645464.49,5493886.65
36,80.0,47,645077.63,5493527.87
36,80.0,48,645378.97,5494027.28
36,80.0,5,645591.28,5493463.93
36,80.0,6,646557.24,5492682.66
36,80.0,7,646507.3,5493804.28
36,80.0,8,645062.17,5493546.7
36,80.0,9,645469.98,5493486.89
37,82.0,0,644829.46,5493569.2
37,82.0,1,645975.79,5493654.73
37,82.0,10,645746.65,5493584.1
37,82.0,11,645804.5,5493650.06
37,82.0,12,645301.49,5493779.02
37,82.0,13,645375.27,5493877.93
37,82.0,14,645514.77,5493810.88
37,82.0,15,646580.34,5493667.73
37,82.0,16,645731.94,5493183.21
37,82.0,17,645457.33,5493476.8
37,82.0,18,645726.55,5493576.19
37,82.0,19,645105.9,5492981.04
37,82.0,2,645366.46,5493484.42
37,82.0,20,646413.16,5493303.22
37,82.0,22,646032.85,5493658.91
37,82.0,24,645737.21,5493557.24
37,82.0,25,646126.67,5493675.46
37,82.0,26,646287.33,5493781.15
37,82.0,27,645681.04,5494081.74
37,82.0,28,645735.39,5493523.47
37,82.0,29,646322.17,5493549.43
37,82.0,3,646004.54,5493656.65
37,82.0,30,645955.22,5493349.81
37,82.0,31,644710.91,5493907.19
37,82.0,32,644695.9,5493817.63
37,82.0,33,645596.58,5493475.83
37,82.0,34,646102.17,5493920.62
37,82.0,35,645842.53,5493653.05
37,82.0,36,645749.55,5493502.57
37,82.0,37,646028.48,5493650.46
37,82.0,38,645256.19,5493503.99
37,82.0,39,646551.03,5493711.27
37,82.0,4,645927.15,5493653.17
37,82.0,40,645844.07,5493262.15
37,82.0,41,646033.07,5493837.44
37,82.0,42,645458.48,5493747.32
37,82.0,43,644770.72,5493598.77
37,82.0,44,645740.29,5493533.61
37,82.0,45,645624.49,5493456.79
37,82.0,46,645479.58,5493862.08
37,82.0,47,645112.48,5493518.06
37,82.0,48,645390.69,5494008.16
37,82.0,5,645618.66,5493460.7
37,82.0,6,646603.28,5492677.71
37,82.0,7,646502.52,5493817.89
37,82.0,8,645033.05,5493557.53
37,82.0,9,645441.64,5493489.32
38,84.0,0,644840.8,5493537.84
38,84.0,1,645949.88,5493653.89
38,84.0,10,645740.58,5493554.47
38,84.0,11,645832.87,5493649.91
38,84.0,12,645295.22,5493807.29
38,84.0,13,645364.32,5493902.5
38,84.0,14,645500.44,5493834.22
38,84.0,15,646572.58,5493680.94
38,84.0,16,645731.42,5493168.75
38,84.0,17,645488.45,5493474.05
38,84.0,18,645731.96,5493567.17
38,84.0,19,645120.82,5493013.0
38,84.0,2,645399.88,5493481.87
38,84.0,20,646425.89,5493292.31
38,84.0,22,646050.02,5493659.01
38,84.0,24,645737.21,5493557.24
38,84.0,25,646102.44,5493671.33
38,84.0,26,646287.16,5493794.8
38,84.0,27,645705.16,5494081.41
38,84.0,28,645731.28,5493498.45
38,84.0,29,646313.12,5493560.11
38,84.0,3,645975.75,5493654.72
38,84.0,30,646002.23,5493308.15
38,84.0,31,644707.8,5493892.15
38,84.0,32,644699.63,5493836.78
38,84.0,33,645558.45,5493479.86
38,84.0,34,646085.58,5493921.3
38,84.0,35,645810.11,5493653.23
38,84.0,36,645753.74,5493529.74
38,84.0,37,646024.71,5493656.56
38,84.0,38,645223.51,5493504.73
38,84.0,39,646560.93,5493694.44
38,84.0,4,645901.09,5493652.75
38,84.0,40,645872.46,5493251.04
38,84.0,41,646034.5,5493862.29
38,84.0,42,645445.61,5493772.76
38,84.0,43,644759.44,5493585.18
38,84.0,44,645735.4,5493503.78
38,84.0,45,645658.73,5493452.75
38,84.0,46,645494.67,5493837.49
38,84.0,47,645147.56,5493509.22
38,84.0,48,645404.72,5493984.52
38,84.0,5,645646.06,5493457.47
38,84.0,6,646649.51,5492678.47
38,84.0,7,646498.37,5493831.65
38,84.0,8,645004.16,5493568.94
38,84.0,9,645413.31,5493491.75
39,86.0,0,644832.31,5493501.89
39,86.0,1,645923.96,5493653.06
39,86.0,10,645735.59,5493524.7
39,86.0,11,645861.23,5493649.63
39,86.0,12,645291.65,5493834.45
39,86.0,13,645360.47,5493933.32
39,86.0,14,645486.11,5493857.55
39,86.0,15,646564.83,5493694.12
39,86.0,16,645730.9,5493154.24
39,86.0,17,645519.52,5493471.31
39,86.0,18,645734.33,5493563.22
39,86.0,19,645138.86,5493051.66
39,86.0,2,645433.26,5493478.92
39,86.0,20,646436.68,5493281.66
39,86.0,22,646076.56,5493663.68
39,86.0,24,645738.79,5493554.16
39,86.0,25,646078.23,5493667.22
39,86.0,26,646286.99,5493808.42
39,86.0,27,645729.25,5494081.09
39,86.0,28,645717.83,5493477.6
39,86.0,29,646297.48,5493559.36
39,86.0,3,645947.77,5493653.83
39,86.0,30,646046.34,5493263.38
39,86.0,31,644704.69,5493877.08
39,86.0,32,644703.57,5493855.86
39,86.0,33,645520.19,5493482.62
39,86.0,34,646068.99,5493921.98
39,86.0,35,645786.78,5493653.68
39,86.0,36,645758.06,5493556.88
39,86.0,37,646009.88,5493657.06
39,86.0,38,645191.46,5493509.1
39,86.0,39,646570.81,5493677.63
39,86.0,4,645895.89,5493649.53
39,86.0,40,645900.84,5493239.93
39,86.0,41,646035.93,5493887.12
39,86.0,42,645432.05,5493797.86
39,86.0,43,644747.67,5493561.38
39,86.0,44,645731.87,5493476.94
39,86.0,45,645692.94,5493448.68
39,86.0,46,645509.78,5493812.88
39,86.0,47,645182.85,5493501.17
39,86.0,48,645418.91,5493960.88
39,86.0,5,645673.43,5493454.24
39,86.0,6,646695.87,5492679.73
39,86.0,7,646494.97,5493845.64
39,86.0,8,644974.99,5493579.74
39,86.0,9,645384.99,5493494.18
40,88.0,0,644849.89,5493493.32
40,88.0,1,645898.05,5493652.74
40,88.0,10,645730.47,5493495.07
40,88.0,11,645889.45,5493649.5
40,88.0,12,645290.76,5493850.63
40,88.0,13,645356.96,5493964.17
40,88.0,14,645471.77,5493880.91
40,88.0,15,646557.06,5493707.33
40,88.0,16,645730.38,5493139.74
40,88.0,17,645550.64,5493468.57
40,88.0,18,645738.19,5493555.29
40,88.0,19,645159.88,5493096.68
40,88.0,2,645466.67,5493475.98
40,88.0,20,646452.83,5493286.74
40,88.0,22,646104.11,5493668.37
40,88.0,24,645741.82,5493542.94
40,88.0,25,646054.03,5493662.92
40,88.0,26,646286.83,5493822.07
40,88.0,27,645753.36,5494080.77
40,88.0,28,645705.39,5493466.76
40,88.0,29,646281.85,5493558.33
40,88.0,3,645920.61,5493652.96
40,88.0,30,646090.45,5493218.6
40,88.0,31,644701.58,5493862.02
40,88.0,32,644707.52,5493874.95
40,88.0,33,645481.99,5493485.86
40,88.0,34,646052.4,5493922.66
40,88.0,35,645770.86,5493650.73
40,88.0,36,645762.96,5493583.97
40,88.0,37,645986.69,5493655.39
40,88.0,38,645159.96,5493516.4
40,88.0,39,646580.71,5493660.78
40,88.0,4,645918.0,5493649.67
40,88.0,40,645929.07,5493228.38
40,88.0,41,646037.22,5493909.71
40,88.0,42,645419.16,5493823.26
40,88.0,43,644732.7,5493531.09
40,88.0,44,645730.61,5493466.25
40,88.0,45,645727.19,5493443.84
40,88.0,46,645524.88,5493788.28
40,88.0,47,645218.48,5493494.84
40,88.0,48,645433.33,5493937.39
40,88.0,5,645700.8,5493450.85
40,88.0,6,646742.21,5492681.23
40,88.0,7,646493.32,5493860.14
40,88.0,8,644946.58,5493592.36
40,88.0,9,645356.67,5493496.61
41,90.0,0,644866.7,5493491.02
41,90.0,1,645872.12,5493652.72
41,90.0,10,645714.87,5493474.16
41,90.0,11,645917.85,5493649.67
41,90.0,12,645310.5,5493856.18
41,90.0,13,645354.04,5493989.78
41,90.0,14,645457.42,5493904.28
41,90.0,15,646549.69,5493719.8
41,90.0,16,645729.85,5493125.26
41,90.0,17,645581.74,5493465.06
41,90.0,18,645741.23,5493539.38
41,90.0,19,645181.59,5493143.19
41,90.0,2,645500.08,5493473.03
41,90.0,20,646471.49,5493305.68
41,90.0,22,646131.55,5493673.04
41,90.0,24,645738.83,5493524.72
41,90.0,25,646035.67,5493659.9
41,90.0,26,646287.22,5493835.59
41,90.0,27,645777.47,5494080.44
41,90.0,28,645685.48,5493466.46
41,90.0,29,646266.21,5493557.31
41,90.0,3,645893.94,5493652.72
41,90.0,30,646134.55,5493173.84
41,90.0,31,644698.46,5493846.93
41,90.0,32,644711.47,5493894.03
41,90.0,33,645443.79,5493489.13
41,90.0,34,646036.83,5493921.07
41,90.0,35,645759.82,5493627.77
41,90.0,36,645767.49,5493611.13
41,90.0,37,645958.6,5493654.17
41,90.0,38,645128.48,5493524.03
41,90.0,39,646590.61,5493643.94
41,90.0,4,645946.18,5493650.57
41,90.0,40,645956.54,5493215.21
41,90.0,41,646036.08,5493916.15
41,90.0,42,645406.83,5493848.94
41,90.0,43,644718.66,5493502.72
41,90.0,44,645730.6,5493466.16
41,90.0,45,645767.04,5493437.21
41,90.0,46,645544.43,5493767.08
41,90.0,47,645254.31,5493489.98
41,90.0,48,645447.77,5493913.89
41,90.0,5,645726.13,5493449.24
41,90.0,6,646788.52,5492682.84
41,90.0,7,646493.0,5493874.78
41,90.0,8,644918.25,5493605.11
41,90.0,9,645328.35,5493498.91
42,92.0,0,644876.39,5493513.77
42,92.0,1,645846.19,5493653.03
42,92.0,10,645702.45,5493464.96
42,92.0,11,645946.19,5493650.57
42,92.0,12,645338.09,5493860.65
42,92.0,13,645353.34,5494005.26
42,92.0,14,645443.1,5493927.62
42,92.0,15,646532.56,5493722.85
42,92.0,16,645729.34,5493111.06
42,92.0,17,645612.77,5493461.4
42,92.0,18,645737.55,5493516.93
42,92.0,19,645203.3,5493189.7
42,92.0,2,645533.45,5493470.08
42,92.0,20,646491.26,5493325.73
42,92.0,22,646148.87,5493676.49
42,92.0,24,645734.75,5493499.82
42,92.0,25,646017.46,5493657.64
42,92.0,26,646290.24,5493848.88
42,92.0,27,645801.6,5494080.12
42,92.0,28,645657.18,5493469.44
42,92.0,29,646250.57,5493556.28
42,92.0,3,645867.57,5493652.74
42,92.0,30,646178.64,5493129.08
42,92.0,31,644695.35,5493831.85
42,92.0,32,644715.42,5493913.14
42,92.0,33,645405.61,5493492.41
42,92.0,34,646033.36,5493898.43
42,92.0,35,645749.92,5493597.88
42,92.0,36,645772.47,5493638.23
42,92.0,37,645930.42,5493653.27
42,92.0,38,645097.3,5493532.69
42,92.0,39,646600.3,5493627.0
42,92.0,4,645974.65,5493651.48
42,92.0,40,645984.04,5493202.04
42,92.0,41,646035.25,5493915.89
42,92.0,42,645390.54,5493870.99
42,92.0,43,644711.04,5493488.23
42,92.0,44,645730.6,5493466.16
42,92.0,45,645813.84,5493426.24
42,92.0,46,645564.25,5493746.13
42,92.0,47,645290.36,5493486.53
42,92.0,48,645462.2,5493890.39
42,92.0,5,645738.24,5493458.32
42,92.0,6,646834.84,5492684.45
42,92.0,7,646492.68,5493889.38
42,92.0,8,644914.97,5493627.48
42,92.0,9,645300.02,5493501.18
43,94.0,0,644885.81,5493541.52
43,94.0,1,645820.24,5493653.18
43,94.0,10,645681.06,5493466.92
43,94.0,11,645974.52,5493651.48
43,94.0,12,645359.79,5493870.81
43,94.0,13,645365.89,5494022.06
43,94.0,14,645428.75,5493950.98
43,94.0,15,646508.48,5493716.96
43,94.0,16,645732.65,5493113.83
43,94.0,17,645643.8,5493457.73
43,94.0,18,645734.57,5493498.72
43,94.0,19,645224.99,5493236.17
43,94.0,2,645566.9,5493466.81
43,94.0,20,646512.1,5493344.67
43,94.0,22,646132.92,5493676.52
43,94.0,24,645732.53,5493482.52
43,94.0,25,645993.33,5493655.81
43,94.0,26,646293.74,5493862.07
43,94.0,27,645821.71,5494079.85
43,94.0,28,645626.89,5493472.64
43,94.0,29,646235.75,5493555.31
43,94.0,3,645841.34,5493653.06
43,94.0,30,646222.75,5493084.32
43,94.0,31,644692.48,5493816.77
43,94.0,32,644728.22,5493927.2
43,94.0,33,645367.41,5493495.68
43,94.0,34,646031.77,5493870.73
43,94.0,35,645742.81,5493566.11
43,94.0,36,645791.42,5493650.24
43,94.0,37,645902.21,5493652.76
43,94.0,38,645066.33,5493542.05
43,94.0,39,646608.78,5493611.9
43,94.0,4,646002.91,5493653.32
43,94.0,40,645999.94,5493181.6
43,94.0,41,646033.93,5493908.28
43,94.0,42,645366.96,5493882.75
43,94.0,43,644697.98,5493472.91
43,94.0,44,645730.94,5493465.34
43,94.0,45,645865.53,5493406.39
43,94.0,46,645584.08,5493725.18
43,94.0,47,645327.1,5493487.04
43,94.0,48,645476.64,5493866.85
43,94.0,5,645745.97,5493478.4
43,94.0,6,646879.09,5492686.43
43,94.0,7,646492.37,5493904.02
43,94.0,8,644923.41,5493651.97
43,94.0,9,645271.66,5493503.02
44,96.0,0,644895.22,5493569.23
44,96.0,1,645794.7,5493653.31
44,96.0,10,645652.15,5493469.97
44,96.0,11,645998.37,5493652.97
44,96.0,12,645366.88,5493883.33
44,96.0,13,645377.66,5494032.14
44,96.0,14,645414.45,5493974.38
44,96.0,15,646483.51,5493711.31
44,96.0,16,645733.17,5493128.33
44,96.0,17,645674.85,5493454.07
44,96.0,18,645732.91,5493485.67
44,96.0,19,645242.3,5493273.26
44,96.0,2,645600.24,5493462.88
44,96.0,20,646533.39,5493363.05
44,96.0,22,646107.11,5493672.13
44,96.0,24,645731.19,5493471.13
44,96.0,25,645968.82,5493654.5
44,96.0,26,646297.25,5493875.25
44,96.0,27,645830.62,5494069.86
44,96.0,28,645596.58,5493475.84
44,96.0,29,646220.12,5493554.02
44,96.0,3,645815.41,5493653.2
44,96.0,30,646267.14,5493039.84
44,96.0,31,644698.5,5493805.18
44,96.0,32,644746.49,5493933.93
44,96.0,33,645329.2,5493498.84
44,96.0,34,646030.18,5493842.99
44,96.0,35,645737.14,5493534.13
44,96.0,36,645818.93,5493649.98
44,96.0,37,645874.04,5493652.72
44,96.0,38,645035.91,5493552.93
44,96.0,39,646617.92,5493596.11
44,96.0,4,646020.45,5493655.72
44,96.0,40,645999.81,5493151.12
44,96.0,41,646033.04,5493892.83
44,96.0,42,645363.18,5493911.0
44,96.0,43,644687.67,5493450.04
44,96.0,44,645736.35,5493460.68
44,96.0,45,645914.47,5493376.79
44,96.0,46,645603.9,5493704.23
44,96.0,47,645363.16,5493484.67
44,96.0,48,645491.09,5493843.33
44,96.0,5,645749.32,5493501.1
44,96.0,6,646881.9,5492719.99
44,96.0,7,646492.14,5493918.68
44,96.0,8,644931.85,5493676.49
44,96.0,9,645243.33,5493505.26
45,98.0,0,644901.58,5493587.96
45,98.0,1,645778.38,5493653.85
45,98.0,10,645616.8,5493473.7
45,98.0,11,646021.44,5493655.09
45,98.0,12,645363.75,5493906.72
45,98.0,13,645396.75,5494044.05
45,98.0,14,645400.48,5493997.94
45,98.0,15,646458.08,5493708.28
45,98.0,16,645733.69,5493142.82
45,98.0,17,645705.9,5493450.18
45,98.0,18,645731.84,5493476.64
45,98.0,19,645252.01,5493294.06
45,98.0,2,645633.54,5493458.95
45,98.0,20,646554.31,5493381.88
45,98.0,22,646079.55,5493667.44
45,98.0,24,645730.6,5493466.16
45,98.0,25,645944.25,5493653.71
45,98.0,26,646300.74,5493888.38
45,98.0,27,645828.19,5494046.36
45,98.0,28,645566.28,5493479.03
45,98.0,29,646204.47,5493552.7
45,98.0,3,645796.44,5493653.31
45,98.0,30,646311.7,5492995.55
45,98.0,31,644713.03,5493800.49
45,98.0,32,644765.87,5493936.21
45,98.0,33,645290.45,5493498.74
45,98.0,34,646028.6,5493815.25
45,98.0,35,645731.89,5493502.15
45,98.0,36,645846.41,5493649.83
45,98.0,37,645845.87,5493653.04
45,98.0,38,645005.85,5493564.9
45,98.0,39,646627.98,5493579.38
45,98.0,4,646002.07,5493656.47
45,98.0,40,645999.3,5493121.97
45,98.0,41,646031.74,5493870.16
45,98.0,42,645359.79,5493939.31
45,98.0,43,644682.42,5493435.57
45,98.0,44,645742.22,5493474.6
45,98.0,45,645961.06,5493344.81
45,98.0,46,645623.7,5493683.3
45,98.0,47,645399.17,5493481.93
45,98.0,48,645505.52,5493819.82
45,98.0,5,645752.83,5493523.81
45,98.0,6,646883.1,5492754.6
45,98.0,7,646493.29,5493933.29
45,98.0,8,644940.32,5493701.04
45,98.0,9,645214.51,5493505.96
46,100.0,0,644915.23,5493590.99
46,100.0,1,645763.71,5493639.11
46,100.0,10,645580.78,5493477.5
46,100.0,11,646028.03,5493680.4
46,100.0,12,645360.24,5493935.34
46,100.0,13,645424.24,5494055.92
46,100.0,14,645386.75,5494020.9
46,100.0,15,646432.59,5493705.82
46,100.0,16,645734.21,5493157.32
46,100.0,17,645729.32,5493450.93
46,100.0,18,645731.54,5493474.1
46,100.0,19,645252.74,5493309.07
46,100.0,2,645666.86,5493455.01
46,100.0,20,646575.24,5493400.74
46,100.0,22,646052.17,5493662.62
46,100.0,24,645730.6,5493466.16
46,100.0,25,645919.67,5493652.93
46,100.0,26,646304.24,5493901.56
46,100.0,27,645825.7,5494022.4
46,100.0,28,645535.91,5493481.44
46,100.0,29,646188.84,5493551.4
46,100.0,3,645780.1,5493653.94
46,100.0,30,646356.1,5492951.41
46,100.0,31,644728.05,5493797.13
46,100.0,32,644785.23,5493938.48
46,100.0,33,645252.13,5493501.17
46,100.0,34,646027.19,5493787.5
46,100.0,35,645717.37,5493477.06
46,100.0,36,645873.91,5493649.52
46,100.0,37,645817.67,5493653.19
46,100.0,38,644975.5,5493576.15
46,100.0,39,646638.04,5493562.62
46,100.0,4,645975.03,5493654.7
46,100.0,40,645998.61,5493105.41
46,100.0,41,646030.32,5493845.33
46,100.0,42,645356.57,5493967.62
46,100.0,43,644698.63,5493423.7
46,100.0,44,645748.84,5493497.99
46,100.0,45,646003.92,5493306.43
46,100.0,46,645643.55,5493662.31
46,100.0,47,645435.15,5493478.76
46,100.0,48,645519.95,5493796.32
46,100.0,5,645756.33,5493546.5
46,100.0,6,646885.74,5492789.25
46,100.0,7,646494.44,5493947.86
46,100.0,8,644948.94,5493725.5
46,100.0,9,645186.4,5493510.21
47,102.0,0,644938.69,5493579.71
47,102.0,1,645755.38,5493614.83
47,102.0,10,645544.71,5493480.84
47,102.0,11,646028.45,5493708.8
47,102.0,12,645357.06,5493963.29
47,102.0,13,645452.77,5494068.24
47,102.0,14,645376.57,5494032.58
47,102.0,15,646407.02,5493704.51
47,102.0,16,645734.74,5493171.82
47,102.0,17,645740.05,5493462.72
47,102.0,18,645731.48,5493473.63
47,102.0,19,645230.44,5493319.27
47,102.0,2,645700.2,5493450.93
47,102.0,20,646594.64,5493421.1
47,102.0,22,646034.34,5493659.68
47,102.0,24,645730.72,5493465.8
47,102.0,25,645895.08,5493652.72
47,102.0,26,646307.63,5493914.68
47,102.0,27,645823.12,5493998.4
47,102.0,28,645505.55,5493483.84
47,102.0,29,646179.54,5493565.41
47,102.0,3,645764.53,5493641.5
47,102.0,30,646391.08,5492912.21
47,102.0,31,644743.16,5493794.18
47,102.0,32,644804.58,5493940.75
47,102.0,33,645214.03,5493506.02
47,102.0,34,646026.54,5493759.7
47,102.0,35,645705.24,5493466.63
47,102.0,36,645901.45,5493649.56
47,102.0,37,645791.59,5493653.43
47,102.0,38,644945.87,5493589.17
47,102.0,39,646648.08,5493545.92
47,102.0,4,645946.58,5493653.79
47,102.0,40,645982.21,5493106.93
47,102.0,41,646028.89,5493820.46
47,102.0,42,645353.87,5493991.33
47,102.0,43,644724.78,5493411.56
47,102.0,44,645753.4,5493527.49
47,102.0,45,646044.34,5493265.41
47,102.0,46,645663.81,5493641.81
47,102.0,47,645471.11,5493475.58
47,102.0,48,645537.05,5493774.89
47,102.0,5,645760.3,5493569.07
47,102.0,6,646888.5,5492823.87
47,102.0,7,646495.59,5493962.42
47,102.0,8,644957.39,5493749.99
47,102.0,9,645158.67,5493516.71
48,104.0,0,644968.75,5493565.45
48,104.0,1,645748.1,5493589.92
48,104.0,10,645508.32,5493480.39
48,104.0,11,646029.27,5493737.15
48,104.0,12,645354.58,5493985.07
48,104.0,13,645481.27,5494080.55
48,104.0,14,645360.91,5494021.54
48,104.0,15,646381.43,5493703.83
48,104.0,16,645735.26,5493186.31
48,104.0,17,645746.96,5493485.7
48,104.0,18,645731.0,5493469.49
48,104.0,19,645201.07,5493333.21
48,104.0,2,645723.75,5493450.95
48,104.0,20,646613.43,5493442.01
48,104.0,22,646014.74,5493657.44
48,104.0,24,645734.57,5493460.53
48,104.0,25,645870.49,5493652.73
48,104.0,26,646310.61,5493927.99
48,104.0,27,645820.44,5493974.44
48,104.0,28,645475.23,5493486.44
48,104.0,29,646174.18,5493590.52
48,104.0,3,645755.61,5493615.51
48,104.0,30,646424.6,5492874.9
48,104.0,31,644758.34,5493791.55
48,104.0,32,644823.96,5493943.02
48,104.0,33,645176.24,5493512.59
48,104.0,34,646025.96,5493731.93
48,104.0,35,645685.57,5493466.45
48,104.0,36,645928.92,5493650.02
48,104.0,37,645775.78,5493653.65
48,104.0,38,644918.5,5493601.46
48,104.0,39,646658.13,5493529.19
48,104.0,4,645918.09,5493652.87
48,104.0,40,645957.1,5493117.56
48,104.0,41,646027.52,5493795.61
48,104.0,42,645353.71,5494007.07
48,104.0,43,644757.76,5493396.24
48,104.0,44,645758.13,5493557.29
48,104.0,45,646084.75,5493224.39
48,104.0,46,645684.36,5493621.55
48,104.0,47,645507.08,5493472.41
48,104.0,48,645556.01,5493754.84
48,104.0,5,645764.27,5493591.72
48,104.0,6,646891.26,5492858.49
48,104.0,7,646496.74,5493977.03
48,104.0,8,644963.77,5493775.1
48,104.0,9,645130.96,5493523.39
49,106.0,0,645001.8,5493553.24
49,106.0,1,645742.49,5493564.52
49,106.0,10,645472.19,5493483.49
49,106.0,11,646029.86,5493765.48
49,106.0,12,645352.47,5494000.73
49,106.0,13,645511.17,5494087.75
49,106.0,14,645343.31,5494024.15
49,106.0,15,646355.82,5493703.12
49,106.0,16,645735.77,5493200.65
49,106.0,17,645750.91,5493511.42
49,106.0,18,645735.76,5493460.48
49,106.0,19,645164.52,5493350.12
49,106.0,2,645714.95,5493459.46
49,106.0,20,646633.15,5493462.13
49,106.0,22,645987.92,5493655.47
49,106.0,24,645741.78,5493471.36
49,106.0,25,645845.89,5493653.04
49,106.0,26,646313.04,5493941.41
49,106.0,27,645817.76,5493950.46
49,106.0,28,645444.91,5493489.04
49,106.0,29,646168.71,5493616.19
49,106.0,3,645747.7,5493588.32
49,106.0,30,646458.12,5492837.59
49,106.0,31,644773.5,5493788.93
49,106.0,32,644843.31,5493945.29
49,106.0,33,645140.12,5493521.05
49,106.0,34,646025.17,5493704.15
49,106.0,35,645657.44,5493469.41
49,106.0,36,645956.4,5493650.9
49,106.0,37,645762.74,5493636.29
49,106.0,38,644903.8,5493600.05
49,106.0,39,646667.29,5493513.95
49,106.0,4,645889.58,5493652.7
49,106.0,40,645929.01,5493129.45
49,106.0,41,646026.77,5493770.73
49,106.0,42,645366.82,5494023.01
49,106.0,43,644796.11,5493378.96
49,106.0,44,645763.33,5493586.15
49,106.0,45,646125.17,5493183.36
49,106.0,46,645705.34,5493601.71
49,106.0,47,645543.05,5493469.24
49,106.0,48,645574.99,5493734.78
49,106.0,5,645768.03,5493614.4
49,106.0,6,646893.96,5492893.12
49,106.0,7,646497.89,5493991.63
49,106.0,8,644968.93,5493800.46
49,106.0,9,645103.49,5493530.96
50,108.0,0,645034.99,5493541.47
50,108.0,1,645737.93,5493538.97
50,108.0,10,645436.08,5493486.59
50,108.0,11,646030.13,5493784.22
50,108.0,12,645337.35,5493998.99
50,108.0,13,645542.19,5494088.43
50,108.0,14,645329.92,5494048.04
50,108.0,15,646330.24,5493702.31
50,108.0,16,645736.35,5493218.86
50,108.0,17,645754.89,5493537.14
50,108.0,18,645745.81,5493477.21
50,108.0,19,645121.28,5493370.16
50,108.0,2,645692.27,5493462.53
50,108.0,20,646652.83,5493482.22
50,108.0,22,645960.04,5493654.22
50,108.0,24,645748.15,5493493.51
50,108.0,25,645821.27,5493653.17
50,108.0,26,646315.46,5493954.81
50,108.0,27,645815.01,5493926.51
50,108.0,28,645414.58,5493491.64
50,108.0,29,646163.4,5493641.88
50,108.0,3,645741.88,5493561.51
50,108.0,30,646485.12,5492795.87
50,108.0,31,644788.63,5493786.1
50,108.0,32,644862.69,5493947.57
50,108.0,33,645106.94,5493529.99
50,108.0,34,646024.76,5493676.37
50,108.0,35,645621.34,5493473.22
50,108.0,36,645983.86,5493652.0
50,108.0,37,645753.84,5493610.35
50,108.0,38,644895.9,5493581.18
50,108.0,39,646667.21,5493520.29
50,108.0,4,645861.09,5493652.84
50,108.0,40,645900.92,5493141.35
50,108.0,41,646026.25,5493745.84
50,108.0,42,645379.3,5494033.39
50,108.0,43,644812.62,5493410.44
50,108.0,44,645767.75,5493612.71
50,108.0,45,646165.58,5493142.34
50,108.0,46,645724.12,5493580.25
50,108.0,47,645579.03,5493465.38
50,108.0,48,645593.93,5493714.76
50,108.0,5,645772.18,5493636.98
50,108.0,6,646891.44,5492927.8
50,108.0,7,646499.04,5494006.23
50,108.0,8,644972.38,5493826.16
50,108.0,9,645076.15,5493538.98
51,110.0,0,645068.51,5493530.64
51,110.0,1,645733.73,5493513.39
51,110.0,10,645399.96,5493489.69
51,110.0,11,646026.76,5493770.15
51,110.0,12,645310.94,5493991.48
51,110.0,13,645573.21,5494086.89
51,110.0,14,645316.52,5494071.94
51,110.0,15,646304.61,5493701.49
51,110.0,16,645736.94,5493242.42
51,110.0,17,645759.14,5493562.76
51,110.0,18,645749.44,5493501.89
51,110.0,19,645074.72,5493391.82
51,110.0,2,645662.23,5493465.7
51,110.0,20,646671.65,5493500.96
51,110.0,22,645932.13,5493653.32
51,110.0,24,645752.26,5493520.14
51,110.0,25,645796.7,5493653.3
51,110.0,26,646317.88,5493968.16
51,110.0,27,645812.25,5493902.57
51,110.0,28,645384.26,5493494.24
51,110.0,29,646159.1,5493664.71
51,110.0,3,645737.29,5493535.09
51,110.0,30,646503.44,5492749.35
51,110.0,31,644803.75,5493783.22
51,110.0,32,644882.05,5493949.84
51,110.0,33,645076.03,5493539.02
51,110.0,34,646012.84,5493657.29
51,110.0,35,645582.63,5493477.31
51,110.0,36,646011.3,5493653.96
51,110.0,37,645746.4,5493583.08
51,110.0,38,644887.38,5493556.1
51,110.0,39,646657.15,5493537.03
51,110.0,4,645832.58,5493653.11
51,110.0,40,645872.85,5493153.23
51,110.0,41,646025.52,5493720.93
51,110.0,42,645399.69,5494045.33
51,110.0,43,644819.77,5493428.22
51,110.0,44,645772.33,5493637.62
51,110.0,45,646205.98,5493101.34
51,110.0,46,645735.33,5493561.54
51,110.0,47,645614.92,5493461.14
51,110.0,48,645612.88,5493694.74
51,110.0,5,645785.65,5493650.54
51,110.0,6,646888.92,5492962.44
51,110.0,7,646500.2,5494020.83
51,110.0,8,644975.83,5493851.86
51,110.0,9,645049.05,5493547.65
52,112.0,0,645102.37,5493520.85
52,112.0,1,645729.93,5493487.69
52,112.0,10,645363.83,5493492.79
52,112.0,11,646026.22,5493744.04
52,112.0,12,645282.11,5493988.75
52,112.0,13,645604.23,5494085.3
52,112.0,14,645303.11,5494095.86
52,112.0,15,646279.12,5493699.08
52,112.0,16,645737.28,5493266.7
52,112.0,17,645763.71,5493588.44
52,112.0,18,645753.38,5493527.38
52,112.0,19,645028.07,5493413.16
52,112.0,2,645629.16,5493472.4
52,112.0,20,646684.76,5493490.86
52,112.0,22,645904.23,5493652.77
52,112.0,24,645756.38,5493546.79
52,112.0,25,645780.0,5493653.94
52,112.0,26,646319.94,5493981.62
52,112.0,27,645809.72,5493878.58
52,112.0,28,645353.94,5493496.84
52,112.0,29,646152.49,5493678.56
52,112.0,3,645733.01,5493508.99
52,112.0,30,646523.55,5492704.24
52,112.0,31,644818.86,5493780.34
52,112.0,32,644901.42,5493952.11
52,112.0,33,645046.7,5493548.59
52,112.0,34,645985.11,5493655.29
52,112.0,35,645543.85,5493480.9
52,112.0,36,646026.02,5493645.64
52,112.0,37,645728.81,5493586.07
52,112.0,38,644878.73,5493530.63
52,112.0,39,646647.09,5493553.78
52,112.0,4,645806.84,5493653.25
52,112.0,40,645844.77,5493165.12
52,112.0,41,646025.06,5493696.05
52,112.0,42,645425.81,5494056.6
52,112.0,43,644806.3,5493439.78
52,112.0,44,645787.62,5493650.44
52,112.0,45,646246.46,5493060.4
52,112.0,46,645739.04,5493545.72
52,112.0,47,645650.82,5493456.91
52,112.0,48,645631.81,5493674.72
52,112.0,5,645808.58,5493650.04
52,112.0,6,646886.4,5492997.11
52,112.0,7,646501.35,5494035.41
52,112.0,8,644979.13,5493877.54
52,112.0,9,645022.63,5493558.26
53,114.0,0,645136.4,5493511.77
53,114.0,1,645727.74,5493469.2
53,114.0,10,645327.71,5493495.76
53,114.0,11,646025.35,5493715.69
53,114.0,12,645253.16,5493987.34
53,114.0,13,645635.22,5494083.19
53,114.0,14,645289.2,5494119.46
53,114.0,15,646253.72,5493695.71
53,114.0,16,645736.99,5493290.53
53,114.0,17,645767.99,5493614.15
53,114.0,18,645757.33,5493552.96
53,114.0,19,644981.4,5493434.5
53,114.0,2,645595.77,5493475.92
53,114.0,20,646695.7,5493478.05
53,114.0,22,645876.28,5493652.71
53,114.0,24,645761.08,5493573.31
53,114.0,25,645764.56,5493641.58
53,114.0,26,646321.5,5493995.15
53,114.0,27,645806.84,5493854.62
53,114.0,28,645323.61,5493499.29
53,114.0,29,646128.79,5493675.82
53,114.0,3,645722.85,5493483.51
53,114.0,30,646564.28,5492681.47
53,114.0,31,644833.97,5493777.46
53,114.0,32,644920.81,5493954.39
53,114.0,33,645018.94,5493559.75
53,114.0,34,645957.35,5493654.13
53,114.0,35,645505.08,5493483.88
53,114.0,36,646028.53,5493629.38
53,114.0,37,645718.49,5493589.9
53,114.0,38,644870.08,5493505.17
53,114.0,39,646637.03,5493570.53
53,114.0,4,645786.21,5493653.71
53,114.0,40,645816.69,5493176.97
53,114.0,41,646024.69,5493671.16
53,114.0,42,645451.98,5494067.9
53,114.0,43,644781.9,5493451.05
53,114.0,44,645811.32,5493650.02
53,114.0,45,646287.3,5493019.8
53,114.0,46,645734.98,5493521.0
53,114.0,47,645686.73,5493452.67
53,114.0,48,645650.92,5493654.81
53,114.0,5,645831.54,5493649.91
53,114.0,6,646883.88,5493031.77
53,114.0,7,646502.49,5494049.97
53,114.0,8,644981.51,5493903.37
53,114.0,9,644996.11,5493568.51
54,116.0,0,645170.77,5493503.92
54,116.0,1,645727.43,5493466.59
54,116.0,10,645291.56,5493498.65
54,116.0,11,646024.93,5493687.3
54,116.0,12,645224.21,5493986.63
54,116.0,13,645666.26,5494081.94
54,116.0,14,645275.06,5494142.92
54,116.0,15,646228.32,5493692.38
54,116.0,16,645736.2,5493314.81
54,116.0,17,645772.82,5493639.75
54,116.0,18,645762.01,5493578.39
54,116.0,19,644934.68,5493454.92
54,116.0,2,645562.37,5493479.44
54,116.0,20,646706.63,5493465.26
54,116.0,22,645848.37,5493653.02
54,116.0,24,645765.63,5493599.93
54,116.0,25,645756.66,5493618.55
54,116.0,26,646322.85,5494008.73
54,116.0,27,645803.97,5493830.7
54,116.0,28,645293.29,5493501.72
54,116.0,29,646102.97,5493671.42
54,116.0,3,645709.12,5493469.52
54,116.0,30,646614.13,5492677.51
54,116.0,31,644848.99,5493774.17
54,116.0,32,644940.2,5493956.66
54,116.0,33,644991.46,5493570.23
54,116.0,34,645929.55,5493653.24
54,116.0,35,645466.29,5493487.2
54,116.0,36,646031.77,5493613.23
54,116.0,37,645729.15,5493571.85
54,116.0,38,644849.93,5493496.75
54,116.0,39,646626.97,5493587.27
54,116.0,4,645770.77,5493650.63
54,116.0,40,645788.43,5493188.39
54,116.0,41,646010.58,5493657.12
54,116.0,42,645478.13,5494079.19
54,116.0,43,644750.37,5493465.63
54,116.0,44,645834.72,5493649.9
54,116.0,45,646328.14,5492979.21
54,116.0,46,645730.84,5493495.07
54,116.0,47,645719.05,5493448.43
54,116.0,48,645670.34,5493635.24
54,116.0,5,645854.5,5493649.76
54,116.0,6,646881.02,5493066.39
54,116.0,7,646503.64,5494064.54
54,116.0,8,644983.82,5493929.16
54,116.0,9,644969.48,5493578.6
55,118.0,0,645205.32,5493497.04
55,118.0,1,645727.43,5493466.59
55,118.0,10,645255.38,5493500.84
55,118.0,11,646022.76,5493659.39
55,118.0,12,645196.95,5493985.97
55,118.0,13,645697.31,5494081.52
55,118.0,14,645262.36,5494163.98
55,118.0,15,646203.02,5493688.56
55,118.0,16,645735.4,5493339.1
55,118.0,17,645791.52,5493650.23
55,118.0,18,645766.3,5493603.95
55,118.0,19,644897.66,5493471.33
55,118.0,2,645528.9,5493481.94
55,118.0,20,646717.56,5493452.47
55,118.0,22,645820.44,5493653.17
55,118.0,24,645770.05,5493626.58
55,118.0,25,645749.34,5493595.16
55,118.0,26,646324.19,5494022.28
55,118.0,27,645800.75,5493806.85
55,118.0,28,645262.91,5493503.47
55,118.0,29,646077.08,5493667.02
55,118.0,3,645692.33,5493465.73
55,118.0,30,646664.25,5492678.87
55,118.0,31,644863.94,5493770.57
55,118.0,32,644959.6,5493958.94
55,118.0,33,644964.46,5493580.85
55,118.0,34,645901.77,5493652.76
55,118.0,35,645427.5,5493490.53
55,118.0,36,646035.0,5493597.08
55,118.0,37,645737.31,5493557.02
55,118.0,38,644837.16,5493522.07
55,118.0,39,646618.29,5493600.98
55,118.0,4,645759.82,5493627.76
55,118.0,40,645760.12,5493199.66
55,118.0,41,645985.75,5493655.33
55,118.0,42,645505.19,5494087.27
55,118.0,43,644714.36,5493484.83
55,118.0,44,645857.95,5493649.69
55,118.0,45,646368.14,5492939.44
55,118.0,46,645729.07,5493480.54
55,118.0,47,645734.65,5493454.63
55,118.0,48,645690.15,5493616.07
55,118.0,5,645877.45,5493649.51
55,118.0,6,646877.86,5493100.03
55,118.0,7,646504.79,5494079.13
55,118.0,8,644986.12,5493954.98
55,118.0,9,644943.5,5493590.24
56,120.0,0,645240.06,5493491.28
56,120.0,1,645727.16,5493462.04
56,120.0,10,645219.38,5493505.29
56,120.0,11,645994.9,5493655.92
56,120.0,12,645187.79,5493982.55
56,120.0,13,645728.39,5494081.1
56,120.0,14,645258.92,5494163.48
56,120.0,15,646177.76,5493684.26
56,120.0,16,645734.75,5493363.33
56,120.0,17,645817.52,5493649.99
56,120.0,18,645770.53,5493629.52
56,120.0,19,644877.81,5493482.24
56,120.0,2,645495.51,5493484.7
56,120.0,20,646728.49,5493439.67
56,120.0,22,645793.69,5493653.32
56,120.0,24,645779.04,5493650.64
56,120.0,25,645743.83,5493571.09
56,120.0,26,646325.42,5494035.83
56,120.0,27,645798.25,5493788.31
56,120.0,28,645232.68,5493506.71
56,120.0,29,646051.29,5493662.47
56,120.0,3,645666.37,5493468.47
56,120.0,30,646714.38,5492680.26
56,120.0,31,644878.9,5493766.97
56,120.0,32,644976.25,5493960.89
56,120.0,33,644938.55,5493592.46
56,120.0,34,645873.99,5493652.72
56,120.0,35,645388.72,5493493.86
56,120.0,36,646039.31,5493581.27
56,120.0,37,645737.86,5493538.56
56,120.0,38,644854.69,5493560.68
56,120.0,39,646600.81,5493599.34
56,120.0,4,645750.71,5493600.98
56,120.0,40,645736.24,5493215.24
56,120.0,41,645960.89,5493654.25
56,120.0,42,645533.64,5494088.83
56,120.0,43,644732.3,5493523.08
56,120.0,44,645881.03,5493649.5
56,120.0,45,646398.39,5492904.07
56,120.0,46,645728.22,5493473.32
56,120.0,47,645745.09,5493471.97
56,120.0,48,645710.26,5493597.21
56,120.0,5,645900.41,5493649.55
56,120.0,6,646874.5,5493119.41
56,120.0,7,646502.03,5494084.72
56,120.0,8,644987.91,5493980.83
56,120.0,9,644918.28,5493601.57
57,122.0,0,645275.18,5493488.08
57,122.0,1,645727.14,5493449.67
57,122.0,10,645183.6,5493510.87
57,122.0,11,645966.59,5493654.43
57,122.0,12,645209.17,5493983.07
57,122.0,13,645759.46,5494080.68
57,122.0,14,645270.92,5494143.59
57,122.0,15,646152.53,5493679.78
57,122.0,16,645735.19,5493387.6
57,122.0,17,645843.56,5493649.85
57,122.0,18,645780.92,5493650.79
57,122.0,19,644869.74,5493493.82
57,122.0,2,645462.12,5493487.56
57,122.0,20,646739.44,5493426.86
57,122.0,22,645777.51,5493653.8
57,122.0,24,645805.98,5493650.05
57,122.0,25,645739.23,5493546.87
57,122.0,26,646326.19,5494049.42
57,122.0,27,645811.14,5493783.27
57,122.0,28,645202.51,5493510.83
57,122.0,29,646034.08,5493659.64
57,122.0,3,645632.77,5493472.02
57,122.0,30,646764.55,5492682.01
57,122.0,31,644893.86,5493763.37
57,122.0,32,644982.27,5493947.82
57,122.0,33,644920.4,5493600.6
57,122.0,34,645846.2,5493653.03
57,122.0,35,645349.96,5493497.18
57,122.0,36,646045.56,5493566.08
57,122.0,37,645733.61,5493512.68
57,122.0,38,644816.0,5493578.95
57,122.0,39,646583.09,5493591.16
57,122.0,4,645744.24,5493573.12
57,122.0,40,645737.0,5493245.73
57,122.0,41,645936.01,5493653.45
57,122.0,42,645562.08,5494087.51
57,122.0,43,644750.55,5493559.99
57,122.0,44,645904.08,5493649.57
57,122.0,45,646429.12,5492869.87
57,122.0,46,645727.2,5493462.74
57,122.0,47,645749.0,5493499.03
57,122.0,48,645726.87,5493575.64
57,122.0,5,645923.36,5493649.84
57,122.0,6,646858.21,5493123.76
57,122.0,7,646500.88,5494070.15
57,122.0,8,644989.46,5494006.7
57,122.0,9,644903.78,5493600.03
58,124.0,0,645310.28,5493484.81
58,124.0,1,645723.51,5493429.66
58,124.0,10,645148.33,5493519.13
58,124.0,11,645938.21,5493653.52
58,124.0,12,645237.13,5493983.74
58,124.0,13,645790.52,5494080.27
58,124.0,14,645285.06,5494120.14
58,124.0,15,646127.29,5493675.56
58,124.0,16,645735.78,5493411.74
58,124.0,17,645869.6,5493649.53
58,124.0,18,645806.8,5493650.05
58,124.0,19,644877.34,5493516.58
58,124.0,2,645428.71,5493490.43
58,124.0,20,646750.96,5493414.66
58,124.0,22,645763.2,5493637.62
58,124.0,24,645832.93,5493649.91
58,124.0,25,645735.24,5493522.59
58,124.0,26,646326.54,5494063.03
58,124.0,27,645825.55,5493782.48
58,124.0,28,645172.68,5493516.72
58,124.0,29,646015.25,5493657.48
58,124.0,3,645596.99,5493475.79
58,124.0,30,646814.67,5492683.75
58,124.0,31,644908.83,5493759.76
58,124.0,32,644979.95,5493921.9
58,124.0,33,644905.3,5493601.84
58,124.0,34,645818.4,5493653.19
58,124.0,35,645311.16,5493500.28
58,124.0,36,646051.82,5493550.88
58,124.0,37,645725.1,5493486.41
58,124.0,38,644776.86,5493597.08
58,124.0,39,646565.36,5493582.98
58,124.0,4,645739.12,5493546.23
58,124.0,40,645737.34,5493276.08
58,124.0,41,645911.1,5493652.81
58,124.0,42,645590.52,5494086.05
58,124.0,43,644762.42,5493583.98
58,124.0,44,645927.04,5493649.96
58,124.0,45,646459.87,5492835.65
58,124.0,46,645727.27,5493445.18
58,124.0,47,645753.59,5493528.78
58,124.0,48,645736.35,5493559.24
58,124.0,5,645946.27,5493650.58
58,124.0,6,646835.76,5493125.88
58,124.0,7,646499.73,5494055.56
58,124.0,8,644990.67,5494032.63
58,124.0,9,644895.99,5493581.44
59,126.0,0,645345.47,5493482.75
59,126.0,1,645722.83,5493403.25
59,126.0,10,645113.18,5493528.25
59,126.0,11,645910.53,5493652.8
59,126.0,12,645266.08,5493984.45
59,126.0,13,645816.8,5494079.91
59,126.0,14,645299.04,5494096.59
59,126.0,15,646102.05,5493671.27
59,126.0,16,645737.58,5493431.63
59,126.0,17,645895.61,5493649.52
59,126.0,18,645832.69,5493649.91
59,126.0,19,644887.34,5493546.02
59,126.0,2,645395.29,5493493.29
59,126.0,20,646762.78,5493402.71
59,126.0,22,645754.29,5493611.65
59,126.0,24,645859.88,5493649.66
59,126.0,25,645731.26,5493498.34
59,126.0,26,646326.9,5494076.66
59,126.0,27,645839.92,5493781.8
59,126.0,28,645143.07,5493523.64
59,126.0,29,645989.82,5493655.59
59,126.0,3,645561.19,5493479.57
59,126.0,30,646864.38,5492685.42
59,126.0,31,644923.75,5493756.13
59,126.0,32,644977.09,5493889.82
59,126.0,33,644897.03,5493584.5
59,126.0,34,645792.26,5493653.4
59,126.0,35,645272.33,5493502.99
59,126.0,36,646057.67,5493536.64
59,126.0,37,645710.53,5493470.53
59,126.0,38,644737.28,5493614.23
59,126.0,39,646547.62,5493574.8
59,126.0,4,645734.88,5493520.38
59,126.0,40,645736.48,5493306.25
59,126.0,41,645886.22,5493652.69
59,126.0,42,645618.95,5494084.36
59,126.0,43,644771.96,5493595.48
59,126.0,44,645950.03,5493650.7
59,126.0,45,646484.43,5492797.3
59,126.0,46,645723.06,5493421.19
59,126.0,47,645758.36,5493558.51
59,126.0,48,645741.46,5493540.73
59,126.0,5,645969.22,5493651.31
59,126.0,6,646833.72,5493122.86
59,126.0,7,646498.58,5494040.98
59,126.0,8,644990.86,5494058.56
59,126.0,9,644888.37,5493559.03
60,128.0,0,645380.61,5493480.14
60,128.0,1,645723.47,5493377.33
60,128.0,10,645078.31,5493538.31
60,128.0,11,645883.94,5493652.69
60,128.0,12,645294.91,5493986.84
60,128.0,13,645830.76,5494076.88
60,128.0,14,645312.44,5494072.69
60,128.0,15,646076.8,5493666.97
60,128.0,16,645733.64,5493448.38
60,128.0,17,645921.63,5493649.79
60,128.0,18,645858.57,5493649.68
60,128.0,19,644897.14,5493574.9
60,128.0,2,645361.89,5493496.16
60,128.0,20,646774.61,5493390.74
60,128.0,22,645739.43,5493592.22
60,128.0,24,645886.82,5493649.5
60,128.0,25,645718.2,5493478.03
60,128.0,26,646327.1,5494090.27
60,128.0,27,645854.3,5493781.53
60,128.0,28,645139.53,5493545.32
60,128.0,29,645963.63,5493654.34
60,128.0,3,645525.32,5493482.22
60,128.0,30,646882.25,5492709.84
60,128.0,31,644938.69,5493752.46
60,128.0,32,644973.34,5493857.4
60,128.0,33,644888.64,5493559.8
60,128.0,34,645776.67,5493653.76
60,128.0,35,645233.6,5493506.58
60,128.0,36,646063.72,5493521.35
60,128.0,37,645695.74,5493465.37
60,128.0,38,644700.31,5493608.75
60,128.0,39,646529.89,5493566.62
60,128.0,4,645730.52,5493495.24
60,128.0,40,645735.48,5493336.75
60,128.0,41,645861.32,5493652.83
60,128.0,42,645647.39,5494082.25
60,128.0,43,644793.17,5493586.01
60,128.0,44,645972.98,5493651.43
60,128.0,45,646501.83,5492754.87
60,128.0,46,645723.0,5493396.37
60,128.0,47,645763.67,5493588.18
60,128.0,48,645737.23,5493514.96
60,128.0,5,645992.15,5493652.52
60,128.0,6,646855.02,5493120.84
60,128.0,7,646497.43,5494026.38
60,128.0,8,644991.04,5494083.88
60,128.0,9,644880.76,5493536.6
61,130.0,0,645415.76,5493477.26
61,130.0,1,645724.76,5493351.42
61,130.0,10,645043.89,5493549.72
61,130.0,11,645858.05,5493652.89
61,130.0,12,645323.54,5493990.3
61,130.0,13,645829.08,5494055.01
61,130.0,14,645325.83,5494048.79
61,130.0,15,646051.56,5493662.52
61,130.0,16,645712.06,5493459.89
61,130.0,17,645947.63,5493650.62
61,130.0,18,645884.46,5493649.49
61,130.0,19,644902.65,5493590.98
61,130.0,2,645328.48,5493498.9
61,130.0,20,646786.43,5493378.77
61,130.0,22,645724.51,5493591.3
61,130.0,24,645913.78,5493649.62
61,130.0,25,645707.49,5493468.35
61,130.0,26,646318.24,5494098.46
61,130.0,27,645868.7,5493781.26
61,130.0,28,645145.1,5493570.03
61,130.0,29,645937.4,5493653.49
61,130.0,3,645489.52,5493485.21
61,130.0,30,646882.61,5492747.35
61,130.0,31,644952.06,5493747.04
61,130.0,32,644969.01,5493825.07
61,130.0,33,644880.35,5493535.41
61,130.0,34,645766.43,5493637.17
61,130.0,35,645195.05,5493511.85
61,130.0,36,646070.78,5493506.55
61,130.0,37,645671.37,5493467.95
61,130.0,38,644681.69,5493569.89
61,130.0,39,646510.89,5493562.68
61,130.0,4,645719.88,5493479.99
61,130.0,40,645734.82,5493367.28
61,130.0,41,645836.44,5493653.09
61,130.0,42,645675.89,5494081.81
61,130.0,43,644821.31,5493572.97
61,130.0,44,645995.91,5493652.78
61,130.0,45,646517.53,5492712.17
61,130.0,46,645723.63,5493371.13
61,130.0,47,645768.61,5493617.89
61,130.0,48,645733.17,5493487.75
61,130.0,5,646015.03,5493654.25
61,130.0,6,646869.55,5493117.67
61,130.0,7,646496.28,5494011.81
61,130.0,8,644987.9,5494093.12
61,130.0,9,644873.14,5493514.18
62,132.0,0,645450.86,5493474.16
62,132.0,1,645726.94,5493325.6
62,132.0,10,645010.22,5493563.25
62,132.0,11,645832.58,5493653.11
62,132.0,12,645348.97,5494000.88
62,132.0,13,645826.06,5494025.85
62,132.0,14,645338.7,5494025.84
62,132.0,15,646034.18,5493659.66
62,132.0,16,645683.2,5493463.48
62,132.0,17,645973.62,5493651.45
62,132.0,18,645910.34,5493649.6
62,132.0,19,644919.16,5493589.07
62,132.0,2,645295.04,5493501.58
62,132.0,20,646798.27,5493366.79
62,132.0,22,645707.12,5493604.43
62,132.0,24,645940.71,5493650.4
62,132.0,25,645702.96,5493465.15
62,132.0,26,646304.63,5494099.13
62,132.0,27,645883.1,5493781.02
62,132.0,28,645150.68,5493594.76
62,132.0,29,645911.18,5493652.81
62,132.0,3,645453.69,5493488.28
62,132.0,30,646885.39,5492784.84
62,132.0,31,644945.86,5493726.4
62,132.0,32,644964.68,5493792.74
62,132.0,33,644872.35,5493511.85
62,132.0,34,645757.48,5493611.1
62,132.0,35,645157.08,5493520.36
62,132.0,36,646079.02,5493492.32
62,132.0,37,645639.46,5493471.31
62,132.0,38,644665.71,5493536.23
62,132.0,39,646491.55,5493559.94
62,132.0,4,645713.36,5493472.54
62,132.0,40,645735.37,5493397.78
62,132.0,41,645811.56,5493653.22
62,132.0,42,645704.41,5494081.42
62,132.0,43,644847.81,5493553.26
62,132.0,44,646019.14,5493654.56
62,132.0,45,646550.34,5492683.83
62,132.0,46,645725.25,5493345.64
62,132.0,47,645774.83,5493647.36
62,132.0,48,645730.93,5493468.92
62,132.0,5,646027.85,5493668.61
62,132.0,6,646873.31,5493096.22
62,132.0,7,646495.13,5493997.24
62,132.0,8,644987.75,5494071.59
62,132.0,9,644865.54,5493491.77
63,134.0,0,645485.94,5493471.07
63,134.0,1,645729.13,5493299.77
63,134.0,10,644976.23,5493575.88
63,134.0,11,645808.46,5493653.24
63,134.0,12,645352.81,5493972.29
63,134.0,13,645822.73,5493994.92
63,134.0,14,645346.93,5494012.13
63,134.0,15,646015.11,5493657.46
63,134.0,16,645654.21,5493466.54
63,134.0,17,645999.59,5493653.06
63,134.0,18,645936.2,5493650.25
63,134.0,19,644943.66,5493577.33
63,134.0,2,645261.55,5493503.54
63,134.0,20,646810.1,5493354.82
63,134.0,22,645687.02,5493623.43
63,134.0,24,645967.65,5493651.26
63,134.0,25,645690.13,5493465.97
63,134.0,26,646291.04,5494099.8
63,134.0,27,645897.5,5493780.84
63,134.0,28,645155.91,5493617.98
63,134.0,29,645884.95,5493652.69
63,134.0,3,645417.91,5493491.35
63,134.0,30,646888.38,5492822.31
63,134.0,31,644937.31,5493702.1
63,134.0,32,644957.0,5493761.04
63,134.0,33,644864.51,5493488.74
63,134.0,34,645750.05,5493584.46
63,134.0,35,645119.41,5493529.83
63,134.0,36,646087.36,5493478.51
63,134.0,37,645605.74,5493474.87
63,134.0,38,644657.19,5493518.28
63,134.0,39,646472.23,5493557.21
63,134.0,4,645703.76,5493465.48
63,134.0,40,645736.95,5493424.75
63,134.0,41,645788.62,5493653.59
63,134.0,42,645732.9,5494081.04
63,134.0,43,644831.73,5493515.18
63,134.0,44,646047.29,5493658.57
63,134.0,45,646595.93,5492678.26
63,134.0,46,645727.41,5493320.05
63,134.0,47,645803.46,5493650.07
63,134.0,48,645730.6,5493466.16
63,134.0,5,646028.19,5493691.56
63,134.0,6,646877.11,5493066.95
63,134.0,7,646493.98,5493982.65
63,134.0,8,644987.57,5494045.72
63,134.0,9,644857.93,5493469.32
64,136.0,0,645521.06,5493467.96
64,136.0,1,645733.93,5493274.8
64,136.0,10,644943.03,5493590.45
64,136.0,11,645790.66,5493653.48
64,136.0,12,645356.09,5493943.51
64,136.0,13,645819.28,5493964.06
64,136.0,14,645363.49,5494019.6
64,136.0,15,645989.97,5493655.6
64,136.0,16,645625.5,5493472.78
64,136.0,17,646025.5,5493655.34
64,136.0,18,645962.07,5493651.08
64,136.0,19,644975.54,5493562.93
64,136.0,2,645228.23,5493507.32
64,136.0,20,646821.84,5493342.76
64,136.0,22,645667.12,5493643.02
64,136.0,24,645994.56,5493652.67
64,136.0,25,645670.16,5493468.07
64,136.0,26,646277.43,5494100.47
64,136.0,27,645911.9,5493780.89
64,136.0,28,645157.15,5493633.72
64,136.0,29,645858.71,5493652.88
64,136.0,3,645382.08,5493494.43
64,136.0,30,646891.37,5492859.79
64,136.0,31,644928.91,5493677.76
64,136.0,32,644947.13,5493729.98
64,136.0,33,644856.78,5493465.94
64,136.0,34,645744.37,5493557.36
64,136.0,35,645082.03,5493540.49
64,136.0,36,646095.92,5493465.4
64,136.0,37,645572.06,5493478.42
64,136.0,38,644642.57,5493515.18
64,136.0,39,646452.9,5493554.47
64,136.0,4,645685.48,5493463.24
64,136.0,40,645738.31,5493440.23
64,136.0,41,645773.05,5493652.59
64,136.0,42,645761.38,5494080.66
64,136.0,43,644844.1,5493495.66
64,136.0,44,646077.05,5493663.76
64,136.0,45,646641.76,5492678.26
64,136.0,46,645729.58,5493294.35
64,136.0,47,645833.56,5493649.9
64,136.0,48,645730.63,5493465.78
64,136.0,5,646028.53,5493714.53
64,136.0,6,646880.62,5493032.51
64,136.0,7,646492.83,5493968.06
64,136.0,8,644987.03,5494019.82
64,136.0,9,644850.33,5493446.88
65,138.0,0,645556.11,5493464.87
65,138.0,1,645733.85,5493248.89
65,138.0,10,644915.96,5493602.63
65,138.0,11,645774.94,5493653.32
65,138.0,12,645359.44,5493914.77
65,138.0,13,645815.78,5493933.18
65,138.0,14,645375.23,5494029.15
65,138.0,15,645964.39,5493654.36
65,138.0,16,645596.47,5493475.85
65,138.0,17,646051.24,5493659.21
65,138.0,18,645987.95,5493652.26
65,138.0,19,645011.71,5493549.73
65,138.0,2,645195.02,5493511.85
65,138.0,20,646836.61,5493335.61
65,138.0,22,645647.44,5493662.87
65,138.0,24,646021.44,5493654.84
65,138.0,25,645643.0,5493470.94
65,138.0,26,646263.83,5494101.14
65,138.0,27,645926.29,5493781.81
65,138.0,28,645135.0,5493640.41
65,138.0,29,645832.48,5493653.11
65,138.0,3,645346.26,5493497.48
65,138.0,30,646893.65,5492897.27
65,138.0,31,644920.53,5493653.42
65,138.0,32,644936.3,5493699.2
65,138.0,33,644849.12,5493443.29
65,138.0,34,645739.69,5493529.98
65,138.0,35,645045.17,5493552.66
65,138.0,36,646104.93,5493451.65
65,138.0,37,645538.35,5493481.28
65,138.0,38,644618.75,5493525.69
65,138.0,39,646433.49,5493554.09
65,138.0,4,645660.08,5493465.92
65,138.0,40,645740.53,5493461.53
65,138.0,41,645761.38,5493632.32
65,138.0,42,645789.88,5494080.27
65,138.0,43,644858.97,5493490.21
65,138.0,44,646106.84,5493668.83
65,138.0,45,646687.75,5492679.51
65,138.0,46,645734.12,5493269.48
65,138.0,47,645863.64,5493649.59
65,138.0,48,645731.57,5493459.14
65,138.0,5,646029.28,5493737.49
65,138.0,6,646883.14,5492997.87
65,138.0,7,646491.68,5493953.5
65,138.0,8,644985.49,5493993.95
65,138.0,9,644842.02,5493424.71
66,140.0,0,645591.06,5493460.74
66,140.0,1,645733.27,5493223.0
66,140.0,10,644902.64,5493598.67
66,140.0,11,645762.25,5493634.84
66,140.0,12,645362.74,5493890.12
66,140.0,13,645812.22,5493902.32
66,140.0,14,645387.35,5494013.69
66,140.0,15,645938.81,5493653.54
66,140.0,16,645567.43,5493478.91
66,140.0,17,646076.87,5493663.73
66,140.0,18,646013.8,5493654.15
66,140.0,19,645048.0,5493536.87
66,140.0,2,645162.29,5493519.15
66,140.0,20,646852.67,5493330.63
66,140.0,22,645628.24,5493683.15
66,140.0,24,646048.1,5493658.7
66,140.0,25,645613.64,5493474.04
66,140.0,26,646250.22,5494101.82
66,140.0,27,645940.7,5493782.41
66,140.0,28,645110.14,5493645.39
66,140.0,29,645806.27,5493653.25
66,140.0,3,645310.43,5493500.34
66,140.0,30,646890.93,5492934.79
66,140.0,31,644912.26,5493629.42
66,140.0,32,644925.68,5493668.38
66,140.0,33,644840.58,5493421.02
66,140.0,34,645735.19,5493502.55
66,140.0,35,645009.06,5493567.12
66,140.0,36,646113.96,5493437.89
66,140.0,37,645504.63,5493483.92
66,140.0,38,644595.21,5493536.07
66,140.0,39,646414.0,5493555.23
66,140.0,4,645627.7,5493469.34
66,140.0,40,645747.5,5493489.35
66,140.0,41,645753.38,5493608.99
66,140.0,42,645815.82,5494079.93
66,140.0,43,644872.93,5493503.58
66,140.0,44,646136.63,5493673.9
66,140.0,45,646733.73,5492680.94
66,140.0,46,645733.77,5493243.63
66,140.0,47,645893.78,5493649.51
66,140.0,48,645740.12,5493447.57
66,140.0,5,646029.76,5493760.44
66,140.0,6,646885.66,5492963.21
66,140.0,7,646490.53,5493938.89
66,140.0,8,644983.89,5493968.05
66,140.0,9,644833.42,5493402.65
67,142.0,0,645626.05,5493456.61
67,142.0,1,645732.59,5493201.26
67,142.0,10,644895.0,5493578.54
67,142.0,11,645753.35,5493608.93
67,142.0,12,645366.53,5493885.92
67,142.0,13,645808.87,5493871.46
67,142.0,14,645401.12,5493990.59
67,142.0,15,645913.19,5493652.82
67,142.0,16,645538.35,5493481.28
67,142.0,17,646102.54,5493668.1
67,142.0,18,646039.5,5493657.29
67,142.0,19,645084.85,5493525.68
67,142.0,2,645136.47,5493531.74
67,142.0,20,646867.75,5493328.28
67,142.0,22,645609.05,5493703.44
67,142.0,24,646074.67,5493663.36
67,142.0,25,645584.29,5493477.13
67,142.0,26,646236.61,5494102.49
67,142.0,27,645955.11,5493783.0
67,142.0,28,645085.3,5493650.35
67,142.0,29,645785.35,5493653.76
67,142.0,3,645274.58,5493502.87
67,142.0,30,646888.2,5492972.3
67,142.0,31,644906.93,5493613.87
67,142.0,32,644916.59,5493641.99
67,142.0,33,644831.97,5493398.92
67,142.0,34,645731.87,5493476.9
67,142.0,35,644972.63,5493580.7
67,142.0,36,646122.95,5493424.19
67,142.0,37,645470.87,5493486.81
67,142.0,38,644580.73,5493540.16
67,142.0,39,646394.53,5493556.36
67,142.0,4,645593.7,5493472.93
67,142.0,40,645752.15,5493519.45
67,142.0,41,645746.86,5493584.91
67,142.0,42,645830.38,5494077.66
67,142.0,43,644881.44,5493528.65
67,142.0,44,646166.39,5493679.03
67,142.0,45,646779.69,5492682.53
67,142.0,46,645733.21,5493220.66
67,142.0,47,645923.86,5493649.86
67,142.0,48,645761.09,5493441.43
67,142.0,5,646030.24,5493783.38
67,142.0,6,646888.18,5492928.58
67,142.0,7,646489.38,5493924.31
67,142.0,8,644981.77,5493942.21
67,142.0,9,644824.83,5493380.62
68,144.0,0,645661.02,5493452.48
68,144.0,1,645732.03,5493185.64
68,144.0,10,644885.75,5493551.32
68,144.0,11,645746.38,5493583.0
68,144.0,12,645363.44,5493909.06
68,144.0,13,645805.16,5493840.62
68,144.0,14,645415.13,5493967.05
68,144.0,15,645887.57,5493652.7
68,144.0,16,645509.31,5493483.51
68,144.0,17,646128.22,5493672.47
68,144.0,18,646065.01,5493661.62
68,144.0,19,645121.99,5493515.44
68,144.0,2,645142.61,5493558.97
68,144.0,20,646873.03,5493312.32
68,144.0,22,645589.84,5493723.74
68,144.0,24,646101.26,5493667.88
68,144.0,25,645554.92,5493480.13
68,144.0,26,646223.01,5494103.16
68,144.0,27,645969.51,5493783.8
68,144.0,28,645060.46,5493655.32
68,144.0,29,645769.73,5493648.93
68,144.0,3,645238.76,5493505.88
68,144.0,30,646885.47,5493009.81
68,144.0,31,644899.99,5493593.2
68,144.0,32,644909.52,5493621.47
68,144.0,33,644823.36,5493376.84
68,144.0,34,645730.61,5493466.24
68,144.0,35,644937.15,5493596.59
68,144.0,36,646131.51,5493411.24
68,144.0,37,645437.15,5493489.7
68,144.0,38,644570.67,5493521.02
68,144.0,39,646375.04,5493557.5
68,144.0,4,645559.68,5493476.52
68,144.0,40,645756.8,5493549.56
68,144.0,41,645741.7,5493560.51
68,144.0,42,645829.19,5494056.03
68,144.0,43,644889.95,5493553.72
68,144.0,44,646196.17,5493684.13
68,144.0,45,646825.67,5492684.13
68,144.0,46,645732.65,5493202.96
68,144.0,47,645953.93,5493650.82
68,144.0,48,645790.24,5493436.1
68,144.0,5,646031.29,5493806.31
68,144.0,6,646890.7,5492893.95
68,144.0,7,646489.05,5493909.7
68,144.0,8,644979.46,5493916.39
68,144.0,9,644816.28,5493358.51
69,146.0,0,645695.95,5493448.27
69,146.0,1,645731.47,5493170.17
69,146.0,10,644876.05,5493522.76
69,146.0,11,645741.13,5493557.43
69,146.0,12,645359.98,5493937.63
69,146.0,13,645801.27,5493809.87
69,146.0,14,645429.47,5493943.68
69,146.0,15,645861.94,5493652.82
69,146.0,16,645480.29,5493486.0
69,146.0,17,646153.9,5493676.78
69,146.0,18,646090.5,5493666.05
69,146.0,19,645159.45,5493506.51
69,146.0,2,645148.75,5493586.22
69,146.0,20,646872.49,5493285.1
69,146.0,22,645570.65,5493744.03
69,146.0,24,646127.86,5493672.41
69,146.0,25,645525.44,5493482.21
69,146.0,26,646209.42,5494103.83
69,146.0,27,645983.86,5493785.1
69,146.0,28,645036.68,5493663.76
69,146.0,29,645759.08,5493625.61
69,146.0,3,645203.12,5493510.75
69,146.0,30,646883.31,5493039.57
69,146.0,31,644891.7,5493568.81
69,146.0,32,644904.27,5493605.95
69,146.0,33,644814.84,5493354.74
69,146.0,34,645730.6,5493466.16
69,146.0,35,644911.39,5493617.06
69,146.0,36,646140.66,5493397.57
69,146.0,37,645403.42,5493492.6
69,146.0,38,644560.03,5493493.36
69,146.0,39,646355.56,5493558.64
69,146.0,4,645525.56,5493478.98
69,146.0,40,645762.2,5493579.52
69,146.0,41,645737.44,5493535.95
69,146.0,42,645826.31,5494028.22
69,146.0,43,644898.25,5493578.18
69,146.0,44,646226.0,5493688.86
69,146.0,45,646870.96,5492685.44
69,146.0,46,645732.06,5493186.49
69,146.0,47,645984.02,5493652.01
69,146.0,48,645826.12,5493425.66
69,146.0,5,646032.6,5493829.22
69,146.0,6,646888.12,5492859.33
69,146.0,7,646489.36,5493895.06
69,146.0,8,644977.16,5493890.57
69,146.0,9,644807.86,5493336.38
70,148.0,0,645731.68,5493446.34
70,148.0,1,645730.91,5493154.68
70,148.0,10,644867.63,5493497.94
70,148.0,11,645736.83,5493532.24
70,148.0,12,645356.7,5493966.43
70,148.0,13,645798.15,5493789.44
70,148.0,14,645443.81,5493920.34
70,148.0,15,645836.33,5493653.09
70,148.0,16,645451.26,5493488.49
70,148.0,17,646179.5,5493681.3
70,148.0,18,646115.99,5493670.39
70,148.0,19,645197.08,5493498.42
70,148.0,2,645154.73,5493612.71
70,148.0,20,646871.83,5493251.75
70,148.0,22,645551.45,5493764.33
70,148.0,24,646154.44,5493676.87
70,148.0,25,645496.04,5493484.65
70,148.0,26,646195.81,5494104.5
70,148.0,27,645998.21,5493786.36
70,148.0,28,645013.61,5493674.19
70,148.0,29,645750.69,5493600.93
70,148.0,3,645167.93,5493517.83
70,148.0,30,646879.48,5493048.11
70,148.0,31,644883.41,5493544.42
70,148.0,32,644896.49,5493582.91
70,148.0,33,644806.41,5493332.56
70,148.0,34,645730.6,5493466.01
70,148.0,35,644921.95,5493647.73
70,148.0,36,646149.83,5493383.93
70,148.0,37,645369.7,5493495.49
70,148.0,38,644589.28,5493474.5
70,148.0,39,646336.14,5493559.77
70,148.0,4,645491.45,5493481.83
70,148.0,40,645767.24,5493609.66
70,148.0,41,645733.41,5493511.41
70,148.0,42,645823.28,5493999.88
70,148.0,43,644903.77,5493593.1
70,148.0,44,646255.95,5493692.77
70,148.0,45,646882.26,5492708.78
70,148.0,46,645731.49,5493170.52
70,148.0,47,646014.03,5493654.17
70,148.0,48,645867.91,5493408.86
70,148.0,5,646033.92,5493852.18
70,148.0,6,646885.36,5492824.7
70,148.0,7,646489.68,5493880.42
70,148.0,8,644974.33,5493864.82
70,148.0,9,644797.07,5493316.56
71,150.0,0,645772.83,5493439.51
71,150.0,1,645730.36,5493139.18
71,150.0,10,644869.09,5493483.51
71,150.0,11,645732.73,5493507.31
71,150.0,12,645353.94,5493990.72
71,150.0,13,645812.18,5493783.21
71,150.0,14,645458.15,5493896.97
71,150.0,15,645810.71,5493653.23
71,150.0,16,645422.22,5493490.98
71,150.0,17,646205.13,5493685.69
71,150.0,18,646141.5,5493674.69
71,150.0,19,645235.07,5493492.06
71,150.0,2,645158.03,5493628.56
71,150.0,20,646871.19,5493217.92
71,150.0,22,645532.24,5493784.63
71,150.0,24,646180.97,5493681.55
71,150.0,25,645466.63,5493487.17
71,150.0,26,646182.23,5494105.17
71,150.0,27,646012.48,5493787.98
71,150.0,28,644990.18,5493683.86
71,150.0,29,645744.69,5493575.3
71,150.0,3,645133.0,5493526.18
71,150.0,30,646881.03,5493026.88
71,150.0,31,644875.13,5493520.04
71,150.0,32,644886.31,5493552.95
71,150.0,33,644796.31,5493308.45
71,150.0,34,645731.43,5493460.09
71,150.0,35,644932.5,5493678.37
71,150.0,36,646158.99,5493370.28
71,150.0,37,645335.97,5493498.3
71,150.0,38,644628.16,5493456.44
71,150.0,39,646320.85,5493560.49
71,150.0,4,645457.31,5493484.76
71,150.0,40,645772.81,5493639.71
71,150.0,41,645726.38,5493487.97
71,150.0,42,645820.11,5493971.53
71,150.0,43,644922.77,5493587.34
71,150.0,44,646285.91,5493696.76
71,150.0,45,646878.52,5492721.6
71,150.0,46,645730.92,5493154.82
71,150.0,47,646043.88,5493658.0
71,150.0,48,645912.66,5493381.95
71,150.0,5,646035.23,5493875.1
71,150.0,6,646882.59,5492790.08
71,150.0,7,646489.99,5493865.8
71,150.0,8,644970.89,5493839.13
71,150.0,9,644775.56,5493326.31
72,152.0,0,645820.75,5493427.38
72,152.0,1,645729.8,5493123.68
72,152.0,10,644889.31,5493473.48
72,152.0,11,645724.68,5493485.9
72,152.0,12,645353.46,5494006.06
72,152.0,13,645830.73,5493782.19
72,152.0,14,645472.51,5493873.59
72,152.0,15,645787.85,5493653.63
72,152.0,16,645393.18,5493493.47
72,152.0,17,646230.89,5493689.5
72,152.0,18,646166.99,5493679.14
72,152.0,19,645273.41,5493488.24
72,152.0,2,645143.58,5493638.7
72,152.0,20,646870.8,5493184.11
72,152.0,22,645516.71,5493807.72
72,152.0,24,646207.57,5493686.08
72,152.0,25,645437.23,5493489.7
72,152.0,26,646168.61,5494105.74
72,152.0,27,646026.65,5493791.37
72,152.0,28,644966.78,5493693.59
72,152.0,29,645739.66,5493549.43
72,152.0,3,645098.36,5493535.71
72,152.0,30,646883.11,5492998.32
72,152.0,31,644867.45,5493497.4
72,152.0,32,644876.57,5493524.28
72,152.0,33,644780.74,5493280.86
72,152.0,34,645738.57,5493449.08
72,152.0,35,644943.11,5493709.01
72,152.0,36,646168.2,5493356.59
72,152.0,37,645302.2,5493501.0
72,152.0,38,644661.02,5493441.18
72,152.0,39,646301.46,5493559.62
72,152.0,4,645423.2,5493487.69
72,152.0,40,645795.94,5493650.11
72,152.0,41,645711.82,5493471.45
72,152.0,42,645816.94,5493943.22
72,152.0,43,644949.06,5493574.75
72,152.0,44,646316.0,5493698.66
72,152.0,45,646865.33,5492706.23
72,152.0,46,645730.36,5493139.22
72,152.0,47,646073.54,5493663.17
72,152.0,48,645956.68,5493348.56
72,152.0,5,646036.55,5493898.03
72,152.0,6,646879.94,5492755.43
72,152.0,7,646491.06,5493851.47
72,152.0,8,644967.45,5493813.43
72,152.0,9,644754.2,5493336.52
73,154.0,0,645873.6,5493406.42
73,154.0,1,645729.27,5493108.94
73,154.0,10,644916.84,5493460.93
73,154.0,11,645713.18,5493472.42
73,154.0,12,645366.27,5494022.45
73,154.0,13,645849.31,5493781.62
73,154.0,14,645486.85,5493850.22
73,154.0,15,645772.27,5493652.27
73,154.0,16,645364.16,5493495.96
73,154.0,17,646256.71,5493692.87
73,154.0,18,646192.51,5493683.49
73,154.0,19,645312.51,5493487.9
73,154.0,2,645117.28,5493643.96
73,154.0,20,646870.4,5493150.28
73,154.0,22,645502.1,5493831.51
73,154.0,24,646234.24,5493689.93
73,154.0,25,645407.84,5493492.22
73,154.0,26,646154.98,5494106.28
73,154.0,27,646031.5,5493810.0
73,154.0,28,644950.25,5493702.88
73,154.0,29,645735.4,5493523.56
73,154.0,3,645064.01,5493546.13
73,154.0,30,646885.71,5492962.56
73,154.0,31,644869.86,5493482.96
73,154.0,32,644869.37,5493503.07
73,154.0,33,644765.0,5493253.05
73,154.0,34,645757.68,5493441.99
73,154.0,35,644952.74,5493736.23
73,154.0,36,646178.63,5493343.9
73,154.0,37,645267.85,5493500.0
73,154.0,38,644678.26,5493433.76
73,154.0,39,646281.97,5493558.34
73,154.0,4,645389.08,5493490.62
73,154.0,40,645826.43,5493649.94
73,154.0,41,645697.48,5493465.19
73,154.0,42,645813.67,5493914.91
73,154.0,43,644978.18,5493561.94
73,154.0,44,646346.18,5493699.62
73,154.0,45,646838.08,5492700.39
73,154.0,46,645729.81,5493124.09
73,154.0,47,646103.22,5493668.22
73,154.0,48,645998.31,5493312.13
73,154.0,5,646036.95,5493915.44
73,154.0,6,646876.83,5492720.64
73,154.0,7,646493.46,5493837.03
73,154.0,8,644963.62,5493787.78
73,154.0,9,644732.75,5493346.46
74,156.0,0,645922.98,5493374.79
74,156.0,1,645728.55,5493093.49
74,156.0,10,644951.11,5493444.82
74,156.0,11,645699.52,5493464.98
74,156.0,12,645379.08,5494027.16
74,156.0,13,645867.86,5493781.28
74,156.0,14,645501.19,5493826.88
74,156.0,15,645760.99,5493631.17
74,156.0,16,645335.14,5493498.36
74,156.0,17,646282.51,5493696.3
74,156.0,18,646218.05,5493687.7
74,156.0,19,645350.87,5493485.6
74,156.0,2,645089.91,5493649.43
74,156.0,20,646870.72,5493116.48
74,156.0,22,645487.49,5493855.32
74,156.0,24,646260.82,5493693.42
74,156.0,25,645378.45,5493494.74
74,156.0,26,646141.34,5494106.83
74,156.0,27,646032.88,5493834.06
74,156.0,28,644946.44,5493718.45
74,156.0,29,645731.15,5493497.7
74,156.0,3,645030.36,5493558.61
74,156.0,30,646888.44,5492925.03
74,156.0,31,644890.94,5493472.74
74,156.0,32,644849.02,5493497.12
74,156.0,33,644749.28,5493225.25
74,156.0,34,645786.17,5493436.91
74,156.0,35,644955.28,5493747.9
74,156.0,36,646189.47,5493331.54
74,156.0,37,645234.13,5493503.28
74,156.0,38,644689.59,5493446.52
74,156.0,39,646262.52,5493557.06
74,156.0,4,645354.97,5493493.55
74,156.0,40,645856.91,5493649.71
74,156.0,41,645673.23,5493467.75
74,156.0,42,645810.48,5493886.58
74,156.0,43,645008.03,5493551.03
74,156.0,44,646376.4,5493700.49
74,156.0,45,646801.77,5492701.62
74,156.0,46,645729.28,5493109.22
74,156.0,47,646132.88,5493673.26
74,156.0,48,646037.13,5493272.72
74,156.0,5,646033.45,5493899.82
74,156.0,6,646844.53,5492700.17
74,156.0,7,646497.63,5493823.03
74,156.0,8,644957.39,5493762.62
74,156.0,9,644711.27,5493356.38
75,158.0,0,645968.89,5493338.09
75,158.0,1,645729.55,5493077.28
75,158.0,10,644992.49,5493425.9
75,158.0,11,645676.21,5493467.43
75,158.0,12,645391.35,5494007.06
75,158.0,13,645886.4,5493780.98
75,158.0,14,645515.52,5493803.53
75,158.0,15,645752.75,5493607.16
75,158.0,16,645306.13,5493500.68
75,158.0,17,646308.42,5493698.41
75,158.0,18,646243.66,5493691.16
75,158.0,19,645389.2,5493482.7
75,158.0,2,645064.35,5493654.54
75,158.0,20,646875.04,5493082.94
75,158.0,22,645472.87,5493879.13
75,158.0,24,646287.07,5493696.91
75,158.0,25,645349.04,5493497.25
75,158.0,26,646127.75,5494107.38
75,158.0,27,646034.26,5493858.15
75,158.0,28,644953.13,5493737.32
75,158.0,29,645716.99,5493476.63
75,158.0,3,644996.88,5493571.64
75,158.0,30,646890.38,5492887.56
75,158.0,31,644918.17,5493460.33
75,158.0,32,644837.1,5493521.94
75,158.0,33,644733.55,5493197.44
75,158.0,34,645821.36,5493427.19
75,158.0,35,644955.15,5493748.42
75,158.0,36,646200.32,5493319.19
75,158.0,37,645200.55,5493507.86
75,158.0,38,644699.41,5493468.3
75,158.0,39,646243.34,5493555.8
75,158.0,4,645320.83,5493496.31
75,158.0,40,645880.32,5493649.5
75,158.0,41,645643.6,5493470.87
75,158.0,42,645807.28,5493858.28
75,158.0,43,645037.99,5493540.41
75,158.0,44,646406.61,5493701.3
75,158.0,45,646757.97,5492703.1
75,158.0,46,645732.81,5493118.29
75,158.0,47,646155.66,5493665.62
75,158.0,48,646075.99,5493233.28
75,158.0,5,646032.13,5493876.93
75,158.0,6,646798.44,5492701.73
75,158.0,7,646502.12,5493809.07
75,158.0,8,644949.9,5493737.81
75,158.0,9,644689.86,5493366.47
76,160.0,0,646012.06,5493298.18
76,160.0,1,645746.35,5493076.59
76,160.0,10,645036.47,5493405.79
76,160.0,11,645645.77,5493470.65
76,160.0,12,645406.07,5493982.24
76,160.0,13,645904.97,5493780.74
76,160.0,14,645531.11,5493781.16
76,160.0,15,645746.2,5493582.27
76,160.0,16,645277.09,5493502.74
76,160.0,17,646334.44,5493699.25
76,160.0,18,646269.31,5493694.55
76,160.0,19,645427.54,5493479.43
76,160.0,2,645057.2,5493652.71
76,160.0,20,646879.39,5493049.42
76,160.0,22,645458.24,5493902.95
76,160.0,24,646313.31,5493698.57
76,160.0,25,645319.62,5493499.61
76,160.0,26,646114.12,5494107.92
76,160.0,27,646035.64,5493882.24
76,160.0,28,644955.5,5493744.07
76,160.0,29,645704.67,5493466.18
76,160.0,3,644963.5,5493584.79
76,160.0,30,646887.38,5492850.06
76,160.0,31,644935.26,5493452.36
76,160.0,32,644854.32,5493559.87
76,160.0,33,644716.51,5493170.45
76,160.0,34,645862.43,5493411.21
76,160.0,35,644950.69,5493752.51
76,160.0,36,646211.16,5493306.82
76,160.0,37,645167.37,5493514.67
76,160.0,38,644707.13,5493481.36
76,160.0,39,646228.08,5493554.69
76,160.0,4,645286.69,5493499.03
76,160.0,40,645876.38,5493652.71
76,160.0,41,645613.85,5493474.01
76,160.0,42,645803.88,5493829.98
76,160.0,43,645068.31,5493530.7
76,160.0,44,646436.77,5493703.0
76,160.0,45,646712.03,5492704.65
76,160.0,46,645733.43,5493135.54
76,160.0,47,646161.23,5493636.06
76,160.0,48,646114.85,5493193.83
76,160.0,5,646030.81,5493854.0
76,160.0,6,646752.12,5492703.3
76,160.0,7,646507.19,5493795.36
76,160.0,8,644941.24,5493713.37
76,160.0,9,644668.79,5493377.22
77,162.0,0,646053.32,5493256.29
77,162.0,1,645738.91,5493096.85
77,162.0,10,645080.41,5493385.7
77,162.0,11,645612.63,5493474.14
77,162.0,12,645421.02,5493957.45
77,162.0,13,645923.53,5493781.69
77,162.0,14,645549.97,5493761.23
77,162.0,15,645741.06,5493557.06
77,162.0,16,645248.01,5493504.8
77,162.0,17,646360.49,5493700.06
77,162.0,18,646295.0,5493697.78
77,162.0,19,645465.82,5493476.05
77,162.0,2,645078.27,5493648.49
77,162.0,20,646881.84,5493015.72
77,162.0,22,645443.64,5493926.74
77,162.0,24,646338.76,5493699.39
77,162.0,25,645290.21,5493501.98
77,162.0,26,646100.49,5494108.47
77,162.0,27,646037.03,5493906.29
77,162.0,28,644958.93,5493755.6
77,162.0,29,645684.19,5493466.59
77,162.0,3,644930.73,5493599.47
77,162.0,30,646884.39,5492812.57
77,162.0,31,644923.79,5493459.17
77,162.0,32,644813.54,5493580.1
77,162.0,33,644699.33,5493143.51
77,162.0,34,645907.16,5493385.76
77,162.0,35,644937.16,5493756.12
77,162.0,36,646222.03,5493294.44
77,162.0,37,645134.4,5493522.51
77,162.0,38,644720.13,5493498.47
77,162.0,39,646208.68,5493553.06
77,162.0,4,645252.5,5493501.13
77,162.0,40,645852.53,5493653.0
77,162.0,41,645584.1,5493477.15
77,162.0,42,645800.03,5493802.23
77,162.0,43,645098.84,5493521.82
77,162.0,44,646466.0,5493705.91
77,162.0,45,646666.26,5492708.48
77,162.0,46,645734.05,5493152.79
77,162.0,47,646167.47,5493606.63
77,162.0,48,646153.71,5493154.39
77,162.0,5,646029.51,5493831.14
77,162.0,6,646705.79,5492704.86
77,162.0,7,646512.27,5493781.63
77,162.0,8,644932.73,5493688.85
77,162.0,9,644649.9,5493386.98
78,164.0,0,646094.6,5493214.39
78,164.0,1,645732.62,5493112.95
78,164.0,10,645124.22,5493365.26
78,164.0,11,645580.68,5493477.51
78,164.0,12,645436.17,5493932.78
78,164.0,13,645942.06,5493782.46
78,164.0,14,645568.78,5493741.34
78,164.0,15,645736.75,5493531.79
78,164.0,16,645219.13,5493508.56
78,164.0,17,646386.48,5493700.76
78,164.0,18,646320.89,5493698.81
78,164.0,19,645504.12,5493472.67
78,164.0,2,645105.36,5493643.08
78,164.0,20,646884.29,5492981.99
78,164.0,22,645429.03,5493950.52
78,164.0,24,646347.67,5493702.87
78,164.0,25,645260.77,5493503.58
78,164.0,26,646086.87,5494109.01
78,164.0,27,646038.2,5493930.34
78,164.0,28,644963.71,5493774.86
78,164.0,29,645655.61,5493469.61
78,164.0,3,644912.54,5493620.41
78,164.0,30,646881.39,5492775.08
78,164.0,31,644900.19,5493470.15
78,164.0,32,644784.0,5493593.77
78,164.0,33,644682.17,5493116.58
78,164.0,34,645951.96,5493352.61
78,164.0,35,644918.44,5493760.73
78,164.0,36,646232.86,5493282.09
78,164.0,37,645101.63,5493531.48
78,164.0,38,644733.54,5493525.58
78,164.0,39,646189.23,5493551.43
78,164.0,4,645218.54,5493505.41
78,164.0,40,645822.45,5493653.16
78,164.0,41,645554.34,5493480.17
78,164.0,42,645799.32,5493785.77
78,164.0,43,645129.49,5493513.37
78,164.0,44,646482.15,5493709.56
78,164.0,45,646625.21,5492720.4
78,164.0,46,645734.67,5493170.04
78,164.0,47,646173.76,5493577.19
78,164.0,48,646192.54,5493114.97
78,164.0,5,646028.19,5493808.22
78,164.0,6,646660.78,5492709.26
78,164.0,7,646519.07,5493768.67
78,164.0,8,644924.29,5493664.34
78,164.0,9,644632.48,5493399.31
79,166.0,0,646135.89,5493172.48
79,166.0,1,645733.17,5493128.45
79,166.0,10,645168.1,5493344.95
79,166.0,11,645549.91,5493480.48
79,166.0,12,645451.32,5493908.11
79,166.0,13,645960.64,5493783.23
79,166.0,14,645587.61,5493721.44
79,166.0,15,645732.6,5493506.52
79,166.0,16,645190.28,5493512.6
79,166.0,17,646412.51,5493701.46
79,166.0,18,646345.22,5493699.59
79,166.0,19,645542.38,5493469.3
79,166.0,2,645132.77,5493637.6
79,166.0,20,646886.75,5492948.27
79,166.0,22,645414.47,5493974.35
79,166.0,24,646326.25,5493702.18
79,166.0,25,645230.82,5493503.73
79,166.0,26,646073.27,5494109.56
79,166.0,27,646039.02,5493954.43
79,166.0,28,644968.8,5493799.47
79,166.0,29,645624.27,5493472.91
79,166.0,3,644922.29,5493648.74
79,166.0,30,646878.73,5492737.57
79,166.0,31,644879.04,5493481.64
79,166.0,32,644768.55,5493598.52
79,166.0,33,644666.34,5493088.9
79,166.0,34,645994.24,5493316.26
79,166.0,35,644899.56,5493765.28
79,166.0,36,646243.72,5493269.72
79,166.0,37,645069.14,5493541.17
79,166.0,38,644750.1,5493559.08
79,166.0,39,646178.85,5493568.65
79,166.0,4,645184.71,5493510.61
79,166.0,40,645794.12,5493653.32
79,166.0,41,645525.9,5493484.16
79,166.0,42,645815.82,5493783.01
79,166.0,43,645160.49,5493506.27
79,166.0,44,646462.97,5493708.8
79,166.0,45,646601.81,5492732.46
79,166.0,46,645735.29,5493187.27
79,166.0,47,646180.88,5493550.78
79,166.0,48,646231.4,5493075.53
79,166.0,5,646027.1,5493785.28
79,166.0,6,646628.96,5492719.13
79,166.0,7,646526.1,5493755.85
79,166.0,8,644915.83,5493639.8
79,166.0,9,644628.88,5493381.46
80,168.0,0,646177.18,5493130.57
80,168.0,1,645733.73,5493143.95
80,168.0,10,645210.14,5493325.28
80,168.0,11,645520.16,5493482.62
80,168.0,12,645466.47,5493883.43
80,168.0,13,645979.19,5493784.68
80,168.0,14,645606.44,5493701.54
80,168.0,15,645722.88,5493483.56
80,168.0,16,645161.88,5493519.24
80,168.0,17,646438.46,5493703.16
80,168.0,18,646357.03,5493706.71
80,168.0,19,645580.68,5493465.18
80,168.0,2,645154.59,5493626.62
80,168.0,20,646889.2,5492914.55
80,168.0,22,645400.22,5493998.37
80,168.0,24,646299.41,5493701.28
80,168.0,25,645201.52,5493507.73
80,168.0,26,646059.64,5494110.1
80,168.0,27,646039.84,5493978.55
80,168.0,28,644972.17,5493824.62
80,168.0,29,645592.96,5493476.22
80,168.0,3,644932.05,5493677.07
80,168.0,30,646862.2,5492704.38
80,168.0,31,644864.78,5493484.6
80,168.0,32,644758.87,5493584.02
80,168.0,33,644652.22,5493060.24
80,168.0,34,646033.42,5493276.49
80,168.0,35,644880.69,5493769.82
80,168.0,36,646254.54,5493257.39
80,168.0,37,645037.2,5493552.41
80,168.0,38,644762.21,5493583.55
80,168.0,39,646172.46,5493598.62
80,168.0,4,645151.35,5493518.42
80,168.0,40,645778.36,5493653.85
80,168.0,41,645523.86,5493509.04
80,168.0,42,645832.83,5493782.08
80,168.0,43,645191.52,5493499.35
80,168.0,44,646435.57,5493706.1
80,168.0,45,646588.14,5492740.11
80,168.0,46,645735.84,5493202.85
80,168.0,47,646199.3,5493549.06
80,168.0,48,646270.58,5493036.42
80,168.0,5,646026.6,5493762.33
80,168.0,6,646608.41,5492728.58
80,168.0,7,646533.13,5493743.03
80,168.0,8,644909.12,5493620.29
80,168.0,9,644649.9,5493383.27
81,170.0,0,646218.48,5493088.65
81,170.0,1,645734.29,5493159.46
81,170.0,10,645238.4,5493312.39
81,170.0,11,645486.22,5493485.49
81,170.0,12,645481.62,5493858.74
81,170.0,13,645997.69,5493786.32
81,170.0,14,645625.28,5493681.62
81,170.0,15,645709.22,5493469.59
81,170.0,16,645133.57,5493526.03
81,170.0,17,646464.35,5493705.73
81,170.0,18,646355.48,5493728.95
81,170.0,19,645618.9,5493460.67
81,170.0,2,645148.44,5493599.37
81,170.0,20,646889.84,5492880.82
81,170.0,22,645385.86,5494022.36
81,170.0,24,646272.63,5493698.22
81,170.0,25,645172.56,5493513.45
81,170.0,26,646046.1,5494110.48
81,170.0,27,646040.43,5494002.66
81,170.0,28,644975.54,5493849.74
81,170.0,29,645561.61,5493479.52
81,170.0,3,644941.84,5493705.38
81,170.0,30,646815.96,5492701.14
81,170.0,31,644856.15,5493464.08
81,170.0,32,644762.21,5493583.57
81,170.0,33,644638.1,5493031.62
81,170.0,34,646072.57,5493236.75
81,170.0,35,644861.85,5493774.36
81,170.0,36,646265.4,5493245.02
81,170.0,37,645005.72,5493564.95
81,170.0,38,644771.0,5493595.49
81,170.0,39,646165.64,5493630.55
81,170.0,4,645118.1,5493526.87
81,170.0,40,645767.2,5493639.42
81,170.0,41,645521.72,5493533.81
81,170.0,42,645849.85,5493781.61
81,170.0,43,645222.87,5493494.1
81,170.0,44,646405.43,5493704.47
81,170.0,45,646570.87,5492754.42
81,170.0,46,645736.51,5493224.35
81,170.0,47,646216.69,5493550.52
81,170.0,48,646309.82,5492997.41
81,170.0,5,646026.12,5493739.35
81,170.0,6,646593.7,5492737.19
81,170.0,7,646540.1,5493730.17
81,170.0,8,644907.51,5493602.98
81,170.0,9,644670.96,5493372.52
82,172.0,0,646259.98,5493046.96
82,172.0,1,645734.85,5493174.92
82,172.0,10,645249.85,5493310.89
82,172.0,11,645452.28,5493488.4
82,172.0,12,645496.79,5493834.04
82,172.0,13,646015.57,5493788.47
82,172.0,14,645644.12,5493661.71
82,172.0,15,645692.0,5493465.77
82,172.0,16,645105.5,5493533.72
82,172.0,17,646490.09,5493709.25
82,172.0,18,646353.3,5493754.73
82,172.0,19,645657.13,5493456.16
82,172.0,2,645142.29,5493572.09
82,172.0,20,646887.15,5492847.11
82,172.0,22,645393.63,5494042.71
82,172.0,24,646245.95,5493694.69
82,172.0,25,645143.79,5493520.19
82,172.0,26,646038.29,5494097.95
82,172.0,27,646040.83,5494026.78
82,172.0,28,644978.84,5493874.87
82,172.0,29,645530.19,5493481.84
82,172.0,3,644951.49,5493732.69
82,172.0,30,646765.82,5492702.83
82,172.0,31,644847.88,5493439.74
82,172.0,32,644771.01,5493595.49
82,172.0,33,644626.27,5493001.99
82,172.0,34,646111.69,5493197.04
82,172.0,35,644843.0,5493778.89
82,172.0,36,646278.38,5493231.3
82,172.0,37,644973.92,5493576.73
82,172.0,38,644791.85,5493586.62
82,172.0,39,646160.15,5493659.14
82,172.0,4,645085.11,5493536.19
82,172.0,40,645757.95,5493612.47
82,172.0,41,645517.82,5493558.33
82,172.0,42,645866.9,5493781.29
82,172.0,43,645254.39,5493489.97
82,172.0,44,646375.23,5493703.66
82,172.0,45,646550.19,5492776.49
82,172.0,46,645737.09,5493252.42
82,172.0,47,646232.57,5493551.83
82,172.0,48,646349.09,5492958.38
82,172.0,5,646025.36,5493716.35
82,172.0,6,646576.59,5492748.46
82,172.0,7,646526.67,5493721.41
82,172.0,8,644927.99,5493588.39
82,172.0,9,644692.07,5493361.75
83,174.0,0,646301.7,5493005.49
83,174.0,1,645735.41,5493190.4
83,174.0,10,645230.86,5493319.1
83,174.0,11,645418.32,5493491.32
83,174.0,12,645511.93,5493809.38
83,174.0,13,646029.45,5493794.22
83,174.0,14,645663.37,5493642.26
83,174.0,15,645665.68,5493468.54
83,174.0,16,645077.53,5493541.9
83,174.0,17,646515.4,5493715.36
83,174.0,18,646361.27,5493771.61
83,174.0,19,645695.34,5493451.58
83,174.0,2,645136.33,5493545.68
83,174.0,20,646884.45,5492813.39
83,174.0,22,645419.27,5494053.78
83,174.0,24,646219.24,5493691.11
83,174.0,25,645115.13,5493527.7
83,174.0,26,646038.19,5494075.67
83,174.0,27,646041.2,5494050.91
83,174.0,28,644981.22,5493900.08
83,174.0,29,645498.8,5493484.41
83,174.0,3,644955.01,5493749.07
83,174.0,30,646715.66,5492704.53
83,174.0,31,644838.52,5493415.74
83,174.0,32,644791.81,5493586.63
83,174.0,33,644616.26,5492971.68
83,174.0,34,646150.86,5493157.29
83,174.0,35,644824.0,5493782.61
83,174.0,36,646297.2,5493214.05
83,174.0,37,644942.92,5493590.5
83,174.0,38,644819.75,5493573.69
83,174.0,39,646158.0,5493675.03
83,174.0,4,645052.4,5493546.4
83,174.0,40,645749.74,5493583.2
83,174.0,41,645513.49,5493582.83
83,174.0,42,645883.93,5493781.01
83,174.0,43,645286.04,5493486.97
83,174.0,44,646345.03,5493702.79
83,174.0,45,646524.16,5492804.27
83,174.0,46,645737.3,5493280.85
83,174.0,47,646250.52,5493553.06
83,174.0,48,646382.26,5492922.02
83,174.0,5,646025.02,5493693.39
83,174.0,6,646557.33,5492768.87
83,174.0,7,646503.0,5493715.62
83,174.0,8,644955.97,5493574.98
83,174.0,9,644713.56,5493351.79
84,176.0,0,646343.42,5492964.01
84,176.0,1,645735.93,5493205.54
84,176.0,10,645205.29,5493331.18
84,176.0,11,645384.4,5493494.23
84,176.0,12,645527.47,5493785.0
84,176.0,13,646031.93,5493817.53
84,176.0,14,645682.85,5493622.98
84,176.0,15,645635.12,5493471.77
84,176.0,16,645049.83,5493550.79
84,176.0,17,646539.59,5493721.08
84,176.0,18,646387.14,5493772.81
84,176.0,19,645724.54,5493449.05
84,176.0,2,645132.55,5493530.13
84,176.0,20,646881.76,5492779.71
84,176.0,22,645444.91,5494064.85
84,176.0,24,646192.64,5493686.76
84,176.0,25,645086.65,5493535.7
84,176.0,26,646038.02,5494052.87
84,176.0,27,646041.38,5494075.03
84,176.0,28,644983.47,5493925.35
84,176.0,29,645467.44,5493487.1
84,176.0,3,644938.87,5493755.7
84,176.0,30,646665.74,5492708.56
84,176.0,31,644829.17,5493391.73
84,176.0,32,644819.72,5493573.71
84,176.0,33,644610.66,5492940.49
84,176.0,34,646190.0,5493117.56
84,176.0,35,644804.96,5493786.24
84,176.0,36,646317.34,5493195.6
84,176.0,37,644916.16,5493602.53
84,176.0,38,644848.75,5493555.34
84,176.0,39,646177.66,5493681.0
84,176.0,4,645020.61,5493559.08
84,176.0,40,645743.64,5493553.43
84,176.0,41,645509.32,5493607.4
84,176.0,42,645900.95,5493780.79
84,176.0,43,645317.76,5493484.37
84,176.0,44,646314.86,5493701.82
84,176.0,45,646492.83,5492837.71
84,176.0,46,645736.36,5493309.71
84,176.0,47,646268.49,5493554.25
84,176.0,48,646411.8,5492889.14
84,176.0,5,646024.68,5493670.45
84,176.0,6,646532.72,5492795.14
84,176.0,7,646479.02,5493710.71
84,176.0,8,644984.62,5493562.96
84,176.0,9,644735.12,5493342.0
85,178.0,0,646379.66,5492924.91
85,178.0,1,645736.6,5493227.3
85,178.0,10,645172.65,5493346.37
85,178.0,11,645350.46,5493497.14
85,178.0,12,645547.37,5493763.98
85,178.0,13,646033.66,5493847.71
85,178.0,14,645702.74,5493604.16
85,178.0,15,645604.51,5493475.0
85,178.0,16,645022.81,5493561.64
85,178.0,17,646551.42,5493710.62
85,178.0,18,646412.98,5493774.01
85,178.0,19,645737.6,5493457.63
85,178.0,2,645113.18,5493528.25
85,178.0,20,646879.3,5492745.97
85,178.0,22,645470.56,5494075.93
85,178.0,24,646166.05,5493682.22
85,178.0,25,645058.42,5493544.52
85,178.0,26,646037.69,5494030.05
85,178.0,27,646041.49,5494098.98
85,178.0,28,644985.73,5493950.62
85,178.0,29,645436.06,5493489.8
85,178.0,3,644921.49,5493759.98
85,178.0,30,646624.1,5492720.78
85,178.0,31,644819.83,5493367.78
85,178.0,32,644848.85,5493555.56
85,178.0,33,644609.34,5492908.57
85,178.0,34,646229.14,5493077.83
85,178.0,35,644785.9,5493789.87
85,178.0,36,646330.92,5493185.45
85,178.0,37,644902.68,5493598.73
85,178.0,38,644832.06,5493516.74
85,178.0,39,646206.44,5493685.9
85,178.0,4,644988.58,5493571.3
85,178.0,40,645738.61,5493523.39
85,178.0,41,645504.98,5493631.88
85,178.0,42,645917.95,5493781.3
85,178.0,43,645349.52,5493482.49
85,178.0,44,646284.73,5493699.83
85,178.0,45,646454.36,5492875.56
85,178.0,46,645735.42,5493338.58
85,178.0,47,646286.47,5493555.43
85,178.0,48,646441.34,5492856.27
85,178.0,5,646011.8,5493657.21
85,178.0,6,646502.64,5492827.25
85,178.0,7,646454.74,5493707.92
85,178.0,8,645012.61,5493549.41
85,178.0,9,644756.49,5493331.89
86,180.0,0,646411.04,5492889.99
86,180.0,1,645737.1,5493253.23
86,180.0,10,645133.01,5493364.68
86,180.0,11,645316.51,5493499.85
86,180.0,12,645567.27,5493742.94
86,180.0,13,646035.44,5493878.7
86,180.0,14,645721.53,5493584.59
86,180.0,15,645573.93,5493478.23
86,180.0,16,644995.65,5493572.09
86,180.0,17,646559.29,5493697.22
86,180.0,18,646438.85,5493775.21
86,180.0,19,645742.78,5493478.71
86,180.0,2,645086.38,5493535.79
86,180.0,20,646872.33,5492712.66
86,180.0,22,645496.46,5494086.29
86,180.0,24,646139.49,5493677.61
86,180.0,25,645030.77,5493554.99
86,180.0,26,646037.3,5494007.25
86,180.0,27,646052.2,5494107.21
86,180.0,28,645002.02,5493965.22
86,180.0,29,645404.7,5493492.49
86,180.0,3,644904.07,5493764.19
86,180.0,30,646601.33,5492732.74
86,180.0,31,644810.66,5493343.73
86,180.0,32,644833.79,5493522.4
86,180.0,33,644608.21,5492876.67
86,180.0,34,646268.61,5493038.38
86,180.0,35,644766.83,5493793.33
86,180.0,36,646347.26,5493195.45
86,180.0,37,644895.09,5493578.81
86,180.0,38,644843.35,5493495.96
86,180.0,39,646238.75,5493690.52
86,180.0,4,644956.89,5493584.24
86,180.0,40,645733.84,5493493.3
86,180.0,41,645498.97,5493656.05
86,180.0,42,645934.98,5493782.17
86,180.0,43,645381.22,5493480.09
86,180.0,44,646254.79,5493695.85
86,180.0,45,646413.1,5492915.67
86,180.0,46,645734.83,5493367.45
86,180.0,47,646304.28,5493556.6
86,180.0,48,646470.87,5492823.41
86,180.0,5,645988.9,5493655.53
86,180.0,6,646466.3,5492863.95
86,180.0,7,646430.32,5493705.62
86,180.0,8,645041.98,5493539.0
86,180.0,9,644777.82,5493321.7
87,182.0,0,646442.43,5492855.06
87,182.0,1,645737.32,5493278.85
87,182.0,10,645089.25,5493385.14
87,182.0,11,645282.54,5493502.46
87,182.0,12,645587.17,5493721.9
87,182.0,13,646037.22,5493909.72
87,182.0,14,645733.87,5493563.97
87,182.0,15,645543.25,5493480.94
87,182.0,16,644968.49,5493582.55
87,182.0,17,646567.18,5493683.81
87,182.0,18,646449.41,5493756.82
87,182.0,19,645750.3,5493507.44
87,182.0,2,645054.58,5493545.72
87,182.0,20,646834.7,5492700.51
87,182.0,22,645524.26,5494088.81
87,182.0,24,646112.92,5493673.12
87,182.0,25,645003.3,5493565.85
87,182.0,26,646036.82,5493984.45
87,182.0,27,646066.58,5494106.63
87,182.0,28,645026.91,5493970.1
87,182.0,29,645373.32,5493495.18
87,182.0,3,644886.67,5493768.38
87,182.0,30,646587.26,5492740.57
87,182.0,31,644801.44,5493319.71
87,182.0,32,644834.3,5493499.62
87,182.0,33,644607.08,5492844.76
87,182.0,34,646308.17,5492999.05
87,182.0,35,644747.73,5493796.63
87,182.0,36,646367.78,5493212.23
87,182.0,37,644886.2,5493552.62
87,182.0,38,644858.09,5493490.48
87,182.0,39,646270.73,5493694.74
87,182.0,4,644926.33,5493597.93
87,182.0,40,645731.19,5493471.17
87,182.0,41,645490.07,5493679.29
87,182.0,42,645951.99,5493782.87
87,182.0,43,645412.94,5493477.51
87,182.0,44,646224.83,5493691.93
87,182.0,45,646371.98,5492955.94
87,182.0,46,645735.35,5493396.31
87,182.0,47,646318.16,5493552.77
87,182.0,48,646490.82,5492784.08
87,182.0,5,645965.96,5493654.41
87,182.0,6,646425.06,5492904.04
87,182.0,7,646405.87,5493704.48
87,182.0,8,645071.7,5493529.67
87,182.0,9,644793.22,5493314.36
88,184.0,0,646473.51,5492819.88
88,184.0,1,645736.53,5493304.66
88,184.0,10,645045.32,5493405.27
88,184.0,11,645248.55,5493504.75
88,184.0,12,645607.08,5493700.87
88,184.0,13,646038.56,5493940.74
88,184.0,14,645739.62,5493549.63
88,184.0,15,645512.58,5493483.23
88,184.0,16,644941.91,5493594.46
88,184.0,17,646575.05,5493670.41
88,184.0,18,646454.53,5493731.48
88,184.0,19,645755.19,5493539.14
88,184.0,2,645023.3,5493558.0
88,184.0,20,646789.6,5492702.03
88,184.0,22,645552.16,5494087.97
88,184.0,24,646086.35,5493668.6
88,184.0,25,644975.55,5493576.12
88,184.0,26,646036.06,5493961.66
88,184.0,27,646080.96,5494106.05
88,184.0,28,645052.06,5493973.47
88,184.0,29,645341.93,5493497.82
88,184.0,3,644869.25,5493772.58
88,184.0,30,646569.62,5492755.75
88,184.0,31,644778.92,5493324.71
88,184.0,32,644851.26,5493492.76
88,184.0,33,644606.48,5492813.75
88,184.0,34,646347.72,5492959.74
88,184.0,35,644728.67,5493800.27
88,184.0,36,646389.13,5493229.55
88,184.0,37,644877.13,5493525.93
88,184.0,38,644872.6,5493502.61
88,184.0,39,646290.42,5493697.69
88,184.0,4,644907.6,5493603.3
88,184.0,40,645734.04,5493454.63
88,184.0,41,645480.94,5493702.44
88,184.0,42,645968.99,5493783.75
88,184.0,43,645444.61,5493474.71
88,184.0,44,646195.01,5493687.17
88,184.0,45,646331.81,5492997.11
88,184.0,46,645736.8,5493423.16
88,184.0,47,646321.21,5493535.08
88,184.0,48,646505.43,5492742.5
88,184.0,5,645943.0,5493653.67
88,184.0,6,646383.48,5492944.46
88,184.0,7,646381.43,5493703.83
88,184.0,8,645101.66,5493521.04
88,184.0,9,644806.68,5493324.28
89,186.0,0,646493.96,5492777.59
89,186.0,1,645735.68,5493330.58
89,186.0,10,645001.36,5493425.37
89,186.0,11,645214.78,5493509.15
89,186.0,12,645626.97,5493679.84
89,186.0,13,646039.61,5493971.77
89,186.0,14,645739.02,5493525.91
89,186.0,15,645481.96,5493485.86
89,186.0,16,644915.58,5493606.36
89,186.0,17,646582.95,5493656.98
89,186.0,18,646457.97,5493714.49
89,186.0,19,645760.6,5493570.68
89,186.0,2,644991.9,5493570.07
89,186.0,20,646744.51,5492703.55
89,186.0,22,645579.78,5494086.57
89,186.0,24,646059.78,5493663.91
89,186.0,25,644948.47,5493588.01
89,186.0,26,646035.29,5493938.86
89,186.0,27,646095.36,5494105.47
89,186.0,28,645077.25,5493976.43
89,186.0,29,645310.51,5493500.33
89,186.0,3,644851.85,5493776.76
89,186.0,30,646548.56,5492778.24
89,186.0,31,644755.69,5493335.81
89,186.0,32,644861.54,5493480.31
89,186.0,33,644606.84,5492795.92
89,186.0,34,646381.39,5492922.98
89,186.0,35,644709.74,5493804.5
89,186.0,36,646410.31,5493247.11
89,186.0,37,644868.07,5493499.23
89,186.0,38,644881.24,5493528.06
89,186.0,39,646295.01,5493712.32
89,186.0,4,644898.63,5493589.22
89,186.0,40,645754.76,5493442.47
89,186.0,41,645469.71,5493724.66
89,186.0,42,645985.95,5493785.29
89,186.0,43,645476.31,5493471.92
89,186.0,44,646165.19,5493682.06
89,186.0,45,646291.61,5493038.3
89,186.0,46,645737.27,5493439.26
89,186.0,47,646324.02,5493517.31
89,186.0,48,646524.26,5492703.31
89,186.0,5,645920.07,5493652.94
89,186.0,6,646342.83,5492985.81
89,186.0,7,646356.94,5493703.15
89,186.0,8,645131.73,5493512.83
89,186.0,9,644815.1,5493346.42
90,188.0,0,646508.21,5492732.92
90,188.0,1,645734.83,5493356.56
90,188.0,10,644957.39,5493445.48
90,188.0,11,645181.2,5493514.72
90,188.0,12,645646.94,5493658.83
90,188.0,13,646050.04,5493987.43
90,188.0,14,645734.59,5493498.86
90,188.0,15,645451.3,5493488.49
90,188.0,16,644915.28,5493628.37
90,188.0,17,646590.83,5493643.56
90,188.0,18,646472.33,5493706.66
90,188.0,19,645766.03,5493602.31
90,188.0,2,644960.7,5493582.53
90,188.0,20,646699.43,5492705.07
90,188.0,22,645596.36,5494087.42
90,188.0,24,646038.4,5493660.35
90,188.0,25,644921.82,5493599.95
90,188.0,26,646034.36,5493916.05
90,188.0,27,646109.75,5494104.9
90,188.0,28,645102.43,5493979.4
90,188.0,29,645279.1,5493502.64
90,188.0,3,644834.38,5493780.63
90,188.0,30,646522.39,5492806.17
90,188.0,31,644732.39,5493346.6
90,188.0,32,644853.49,5493456.22
90,188.0,33,644609.66,5492811.7
90,188.0,34,646411.16,5492889.86
90,188.0,35,644695.18,5493813.89
90,188.0,36,646430.69,5493265.58
90,188.0,37,644841.87,5493500.01
90,188.0,38,644889.89,5493553.55
90,188.0,39,646291.82,5493737.21
90,188.0,4,644890.48,5493565.24
90,188.0,40,645787.48,5493436.65
90,188.0,41,645458.65,5493746.96
90,188.0,42,646002.94,5493786.74
90,188.0,43,645508.0,5493469.12
90,188.0,44,646135.42,5493676.94
90,188.0,45,646250.46,5493078.5
90,188.0,46,645725.44,5493456.47
90,188.0,47,646327.3,5493499.62
90,188.0,48,646559.6,5492682.26
90,188.0,5,645897.12,5493652.73
90,188.0,6,646302.32,5493027.33
90,188.0,7,646332.44,5493702.38
90,188.0,8,645162.1,5493505.9
90,188.0,9,644823.56,5493368.55
91,190.0,0,646531.95,5492693.17
91,190.0,1,645735.1,5493382.53
91,190.0,10,644914.66,5493463.42
91,190.0,11,645148.0,5493522.49
91,190.0,12,645667.31,5493638.29
91,190.0,13,646068.61,5493987.0
91,190.0,14,645731.59,5493474.52
91,190.0,15,645420.61,5493491.12
91,190.0,16,644923.19,5493651.33
91,190.0,17,646598.59,5493630.05
91,190.0,18,646497.38,5493710.95
91,190.0,19,645771.48,5493633.92
91,190.0,2,644933.19,5493594.86
91,190.0,20,646654.72,5492710.39
91,190.0,22,645577.27,5494089.9
91,190.0,24,646021.18,5493658.03
91,190.0,25,644905.36,5493601.92
91,190.0,26,646033.07,5493893.31
91,190.0,27,646124.13,5494104.32
91,190.0,28,645127.67,5493981.77
91,190.0,29,645247.69,5493504.83
91,190.0,3,644816.82,5493783.98
91,190.0,30,646491.01,5492839.65
91,190.0,31,644709.05,5493357.41
91,190.0,32,644842.63,5493426.27
91,190.0,33,644610.05,5492838.26
91,190.0,34,646440.94,5492856.72
91,190.0,35,644698.83,5493832.95
91,190.0,36,646450.63,5493284.51
91,190.0,37,644841.84,5493532.39
91,190.0,38,644898.3,5493578.31
91,190.0,39,646286.95,5493768.43
91,190.0,4,644881.33,5493538.29
91,190.0,40,645826.66,5493425.49
91,190.0,41,645447.52,5493769.22
91,190.0,42,646018.65,5493788.96
91,190.0,43,645539.68,5493466.32
91,190.0,44,646105.66,5493671.88
91,190.0,45,646209.34,5493118.76
91,190.0,46,645696.92,5493462.03
91,190.0,47,646330.67,5493481.93
91,190.0,48,646603.54,5492677.69
91,190.0,5,645874.2,5493652.72
91,190.0,6,646261.26,5493068.24
91,190.0,7,646307.96,5493701.59
91,190.0,8,645192.55,5493499.18
91,190.0,9,644832.14,5493390.58
92,192.0,0,646574.86,5492679.84
92,192.0,1,645735.56,5493408.46
92,192.0,10,644886.05,5493477.6
92,192.0,11,645139.24,5493544.05
92,192.0,12,645688.03,5493618.08
92,192.0,13,646087.2,5493986.58
92,192.0,14,645734.54,5493460.56
92,192.0,15,645389.98,5493493.75
92,192.0,16,644931.09,5493674.28
92,192.0,17,646606.21,5493616.47
92,192.0,18,646522.51,5493717.09
92,192.0,19,645791.56,5493650.23
92,192.0,2,644912.37,5493603.08
92,192.0,20,646617.4,5492723.28
92,192.0,22,645550.64,5494091.24
92,192.0,24,645996.09,5493656.01
92,192.0,25,644896.86,5493584.01
92,192.0,26,646031.76,5493870.5
92,192.0,27,646138.54,5494103.74
92,192.0,28,645153.03,5493982.05
92,192.0,29,645216.49,5493508.92
92,192.0,3,644799.24,5493787.33
92,192.0,30,646452.93,5492876.95
92,192.0,31,644685.84,5493368.52
92,192.0,32,644830.78,5493395.86
92,192.0,33,644611.18,5492870.12
92,192.0,34,646470.71,5492823.58
92,192.0,35,644702.77,5493851.96
92,192.0,36,646469.95,5493304.12
92,192.0,37,644842.8,5493566.54
92,192.0,38,644903.4,5493593.31
92,192.0,39,646255.89,5493767.39
92,192.0,4,644872.17,5493511.33
92,192.0,40,645871.71,5493407.23
92,192.0,41,645435.68,5493791.14
92,192.0,42,646030.89,5493799.23
92,192.0,43,645571.23,5493463.08
92,192.0,44,646075.87,5493666.82
92,192.0,45,646168.24,5493159.03
92,192.0,46,645662.6,5493465.66
92,192.0,47,646333.94,5493464.22
92,192.0,48,646647.59,5492678.42
92,192.0,5,645851.25,5493653.01
92,192.0,6,646219.68,5493108.63
92,192.0,7,646283.54,5493699.67
92,192.0,8,645223.25,5493494.04
92,192.0,9,644840.75,5493412.66
93,194.0,0,646621.63,5492677.72
93,194.0,1,645737.45,5493430.14
93,194.0,10,644871.62,5493485.61
93,194.0,11,645145.48,5493571.72
93,194.0,12,645709.08,5493598.17
93,194.0,13,646105.77,5493986.15
93,194.0,14,645745.98,5493478.47
93,194.0,15,645359.35,5493496.38
93,194.0,16,644939.01,5493697.26
93,194.0,17,646609.13,5493603.48
93,194.0,18,646544.87,5493720.17
93,194.0,19,645823.58,5493649.96
93,194.0,2,644917.44,5493593.47
93,194.0,20,646598.51,5492734.4
93,194.0,22,645522.77,5494091.89
93,194.0,24,645969.17,5493654.51
93,194.0,25,644888.95,5493560.72
93,194.0,26,646030.45,5493847.75
93,194.0,27,646152.93,5494103.16
93,194.0,28,645178.39,5493982.37
93,194.0,29,645185.38,5493513.75
93,194.0,3,644781.65,5493790.68
93,194.0,30,646409.59,5492919.08
93,194.0,31,644663.26,5493380.04
93,194.0,32,644818.94,5493365.48
93,194.0,33,644612.31,5492902.03
93,194.0,34,646490.86,5492783.99
93,194.0,35,644706.69,5493870.96
93,194.0,36,646489.27,5493323.71
93,194.0,37,644803.75,5493584.63
93,194.0,38,644909.9,5493612.69
93,194.0,39,646223.82,5493761.36
93,194.0,4,644855.41,5493494.62
93,194.0,40,645919.47,5493377.23
93,194.0,41,645424.04,5493813.12
93,194.0,42,646032.35,5493824.83
93,194.0,43,645602.77,5493459.36
93,194.0,44,646047.69,5493661.88
93,194.0,45,646127.15,5493199.31
93,194.0,46,645628.1,5493469.3
93,194.0,47,646339.06,5493449.8
93,194.0,48,646691.77,5492679.62
93,194.0,5,645828.29,5493653.13
93,194.0,6,646178.26,5493149.22
93,194.0,7,646259.28,5493696.45
93,194.0,8,645254.1,5493490.0
93,194.0,9,644849.34,5493434.71
94,196.0,0,646668.55,5492678.99
94,196.0,1,645739.04,5493447.23
94,196.0,10,644873.18,5493504.32
94,196.0,11,645151.73,5493599.4
94,196.0,12,645726.77,5493575.81
94,196.0,13,646124.39,5493985.73
94,196.0,14,645750.01,5493505.55
94,196.0,15,645328.69,5493498.88
94,196.0,16,644947.06,5493720.2
94,196.0,17,646595.12,5493596.71
94,196.0,18,646553.48,5493707.1
94,196.0,19,645855.61,5493649.74
94,196.0,2,644938.93,5493583.15
94,196.0,20,646583.83,5492742.66
94,196.0,22,645494.96,5494089.23
94,196.0,24,645942.21,5493653.65
94,196.0,25,644881.04,5493537.44
94,196.0,26,646029.15,5493824.97
94,196.0,27,646167.31,5494102.59
94,196.0,28,645203.76,5493982.93
94,196.0,29,645154.73,5493520.91
94,196.0,3,644764.0,5493793.82
94,196.0,30,646364.93,5492963.17
94,196.0,31,644645.26,5493391.02
94,196.0,32,644807.34,5493335.0
94,196.0,33,644613.45,5492933.92
94,196.0,34,646505.55,5492742.07
94,196.0,35,644710.63,5493889.97
94,196.0,36,646509.4,5493342.44
94,196.0,37,644778.71,5493596.22
94,196.0,38,644918.5,5493637.72
94,196.0,39,646191.71,5493755.63
94,196.0,4,644835.25,5493516.32
94,196.0,40,645967.4,5493339.37
94,196.0,41,645413.25,5493835.55
94,196.0,42,646033.98,5493853.29
94,196.0,43,645634.35,5493455.63
94,196.0,44,646031.72,5493659.33
94,196.0,45,646086.06,5493239.57
94,196.0,46,645593.9,5493476.12
94,196.0,47,646361.75,5493448.87
94,196.0,48,646735.94,5492681.01
94,196.0,5,645805.33,5493653.26
94,196.0,6,646136.87,5493189.78
94,196.0,7,646235.0,5493693.26
94,196.0,8,645285.12,5493487.07
94,196.0,9,644857.16,5493457.07
95,198.0,0,646715.5,5492680.3
95,198.0,1,645741.84,5493471.8
95,198.0,10,644882.02,5493530.35
95,198.0,11,645156.68,5493621.39
95,198.0,12,645736.33,5493559.27
95,198.0,13,646142.94,5493985.3
95,198.0,14,645754.19,5493532.63
95,198.0,15,645298.07,5493501.34
95,198.0,16,644955.16,5493743.07
95,198.0,17,646580.99,5493590.2
95,198.0,18,646561.33,5493693.75
95,198.0,19,645887.67,5493649.5
95,198.0,2,644967.25,5493569.58
95,198.0,20,646566.04,5492759.58
95,198.0,22,645469.09,5494078.78
95,198.0,24,645915.3,5493652.83
95,198.0,25,644873.13,5493514.15
95,198.0,26,646027.85,5493802.22
95,198.0,27,646181.7,5494101.99
95,198.0,28,645229.11,5493983.55
95,198.0,29,645137.51,5493536.38
95,198.0,3,644746.36,5493796.87
95,198.0,30,646321.09,5493008.09
95,198.0,31,644626.31,5493394.9
95,198.0,32,644794.44,5493305.09
95,198.0,33,644617.57,5492965.42
95,198.0,34,646524.73,5492702.69
95,198.0,35,644714.55,5493908.96
95,198.0,36,646530.32,5493360.28
95,198.0,37,644764.75,5493595.23
95,198.0,38,644927.26,5493663.14
95,198.0,39,646159.64,5493749.46
95,198.0,4,644852.44,5493555.72
95,198.0,40,646012.34,5493297.89
95,198.0,41,645402.61,5493858.07
95,198.0,42,646035.62,5493881.73
95,198.0,43,645665.93,5493451.9
95,198.0,44,646011.89,5493657.22
95,198.0,45,646049.56,5493275.58
95,198.0,46,645559.44,5493479.75
95,198.0,47,646391.01,5493449.66
95,198.0,48,646780.07,5492682.55
95,198.0,5,645785.43,5493653.75
95,198.0,6,646095.67,5493230.16
95,198.0,7,646210.79,5493689.81
95,198.0,8,645316.16,5493484.47
95,198.0,9,644864.76,5493479.51
